-- phpMyAdmin SQL Dump
-- version 4.9.7
-- https://www.phpmyadmin.net/
--
-- Host: localhost:3306
-- Generation Time: Feb 12, 2023 at 09:37 PM
-- Server version: 5.7.41-cll-lve
-- PHP Version: 7.4.33

SET SQL_MODE = "NO_AUTO_VALUE_ON_ZERO";
SET AUTOCOMMIT = 0;
START TRANSACTION;
SET time_zone = "+00:00";


/*!40101 SET @OLD_CHARACTER_SET_CLIENT=@@CHARACTER_SET_CLIENT */;
/*!40101 SET @OLD_CHARACTER_SET_RESULTS=@@CHARACTER_SET_RESULTS */;
/*!40101 SET @OLD_COLLATION_CONNECTION=@@COLLATION_CONNECTION */;
/*!40101 SET NAMES utf8mb4 */;

--
-- Database: `smkncil4_spw`
--

-- --------------------------------------------------------

--
-- Table structure for table `ci_sessions`
--

CREATE TABLE `ci_sessions` (
  `session_id` varchar(40) NOT NULL DEFAULT '0',
  `ip_address` varchar(45) NOT NULL DEFAULT '0',
  `user_agent` varchar(120) NOT NULL,
  `last_activity` int(10) UNSIGNED NOT NULL DEFAULT '0',
  `user_data` text NOT NULL
) ENGINE=MyISAM DEFAULT CHARSET=latin1;

-- --------------------------------------------------------

--
-- Table structure for table `tbl_cash_big`
--

CREATE TABLE `tbl_cash_big` (
  `id_cash_big` int(11) NOT NULL,
  `output_type` int(11) NOT NULL,
  `nominal` int(11) NOT NULL,
  `date_payment` date NOT NULL
) ENGINE=MyISAM DEFAULT CHARSET=latin1;

-- --------------------------------------------------------

--
-- Table structure for table `tbl_cash_petty`
--

CREATE TABLE `tbl_cash_petty` (
  `id_cash_petty` int(11) NOT NULL,
  `output_type` int(11) NOT NULL,
  `detail` int(11) NOT NULL,
  `nominal` int(11) NOT NULL,
  `date_payment` date NOT NULL
) ENGINE=MyISAM DEFAULT CHARSET=latin1;

-- --------------------------------------------------------

--
-- Table structure for table `tbl_class`
--

CREATE TABLE `tbl_class` (
  `id_class` int(11) NOT NULL,
  `class` varchar(125) NOT NULL
) ENGINE=InnoDB DEFAULT CHARSET=utf8mb4;

--
-- Dumping data for table `tbl_class`
--

INSERT INTO `tbl_class` (`id_class`, `class`) VALUES
(1, 'XI DG'),
(2, 'XI APL'),
(3, 'XI TKJ 1'),
(4, 'XI TKJ 2'),
(5, 'XI TKJ 3'),
(6, 'XI ATPH 1'),
(7, 'XI ATPH 2'),
(8, 'XI ATPH 3'),
(9, 'XI APHP 1'),
(10, 'XI APHP 2'),
(11, 'XI APHP 3'),
(12, 'XI ATU'),
(13, 'XII DG'),
(14, 'XII APL'),
(15, 'XII TKJ 1'),
(16, 'XII TKJ 2'),
(17, 'XII TKJ 3'),
(18, 'XII ATPH 1'),
(19, 'XII ATPH 2'),
(20, 'XII APHP 1'),
(21, 'XII APHP 2'),
(22, 'XII APHP 3'),
(23, 'XII ATU');

-- --------------------------------------------------------

--
-- Table structure for table `tbl_data_lab`
--

CREATE TABLE `tbl_data_lab` (
  `id_lab` int(11) NOT NULL,
  `lab` varchar(128) NOT NULL,
  `product_in_charge` int(11) NOT NULL,
  `equipment_in_charge` varchar(255) NOT NULL,
  `photo_lab` varchar(255) NOT NULL
) ENGINE=InnoDB DEFAULT CHARSET=utf8mb4;

--
-- Dumping data for table `tbl_data_lab`
--

INSERT INTO `tbl_data_lab` (`id_lab`, `lab`, `product_in_charge`, `equipment_in_charge`, `photo_lab`) VALUES
(1, 'Lab SPW 1', 5, 'Moch Angga Kusumah, S.Pd', 'foto-lab-1.jpg'),
(2, 'Lab SPW 2', 4, 'Rony Noor Sa\'roni, ST', 'foto-lab-2.jpg');

-- --------------------------------------------------------

--
-- Table structure for table `tbl_data_web`
--

CREATE TABLE `tbl_data_web` (
  `id_data_web` int(11) NOT NULL,
  `title_web` varchar(128) NOT NULL,
  `about_spw` varchar(1000) NOT NULL,
  `vision` varchar(1000) NOT NULL,
  `mission` varchar(1000) NOT NULL
) ENGINE=InnoDB DEFAULT CHARSET=utf8mb4;

--
-- Dumping data for table `tbl_data_web`
--

INSERT INTO `tbl_data_web` (`id_data_web`, `title_web`, `about_spw`, `vision`, `mission`) VALUES
(1, 'SPW SMK NEGERI 2 CILAKU', 'Program SEKOLAH PENCETAK WIRASAHA (SPW-KU), merupakan salah satu pilar yang mendukung kegiatan kewirausahaan di SMK N 2 Cilaku Cianjur. Program ini merupakan integrasi dari mata pelajaran Produk Kreatif Kewirausahaan dan mata pelajaran produktif.', '', '');

-- --------------------------------------------------------

--
-- Table structure for table `tbl_franchise`
--

CREATE TABLE `tbl_franchise` (
  `id_franchise` int(11) NOT NULL,
  `date_selling` date NOT NULL,
  `id_user` int(11) NOT NULL,
  `id_lab` int(11) NOT NULL
) ENGINE=MyISAM DEFAULT CHARSET=latin1;

--
-- Dumping data for table `tbl_franchise`
--

INSERT INTO `tbl_franchise` (`id_franchise`, `date_selling`, `id_user`, `id_lab`) VALUES
(6, '2022-08-30', 13, 1),
(5, '2022-08-29', 7, 1),
(4, '2022-08-29', 7, 2),
(7, '2022-08-30', 13, 1),
(8, '2022-08-31', 11, 1),
(9, '2022-08-31', 11, 2),
(10, '2022-09-01', 6, 1),
(11, '2022-09-01', 6, 2),
(12, '2022-09-02', 9, 1),
(13, '2022-09-02', 9, 2),
(14, '2022-09-05', 4, 1),
(15, '2022-09-05', 4, 2),
(16, '2022-09-06', 12, 1),
(17, '2022-09-06', 12, 2),
(18, '2022-09-07', 3, 1),
(19, '2022-09-07', 3, 2),
(20, '2022-09-09', 6, 1),
(21, '2022-09-08', 5, 1),
(22, '2022-09-08', 5, 2),
(23, '2022-09-12', 4, 1),
(24, '2022-09-12', 4, 2),
(25, '2022-09-13', 11, 1),
(26, '2022-09-13', 11, 2),
(27, '2022-09-14', 3, 1),
(28, '2022-09-14', 3, 2),
(29, '2022-09-15', 12, 1),
(30, '2022-09-15', 12, 2),
(31, '2022-09-16', 11, 1),
(32, '2022-09-16', 11, 2),
(33, '2022-09-20', 2, 1),
(34, '2022-09-20', 2, 2),
(35, '2022-09-21', 5, 1),
(36, '2022-09-30', 6, 1),
(37, '2022-10-07', 6, 1),
(38, '2023-01-10', 2, 1),
(39, '2023-01-11', 3, 1);

-- --------------------------------------------------------

--
-- Table structure for table `tbl_franchise_detail`
--

CREATE TABLE `tbl_franchise_detail` (
  `id_franchise_detail` int(11) NOT NULL,
  `id_franchise` int(11) NOT NULL,
  `id_franchisor` int(11) NOT NULL,
  `product` varchar(125) NOT NULL,
  `basic_price` int(11) NOT NULL,
  `selling_price` int(11) NOT NULL,
  `qty_product` int(11) NOT NULL,
  `qty_last` int(11) NOT NULL,
  `qty_selling` int(11) NOT NULL,
  `total_basic_price` int(11) NOT NULL,
  `total_selling_price` int(11) NOT NULL
) ENGINE=MyISAM DEFAULT CHARSET=latin1;

--
-- Dumping data for table `tbl_franchise_detail`
--

INSERT INTO `tbl_franchise_detail` (`id_franchise_detail`, `id_franchise`, `id_franchisor`, `product`, `basic_price`, `selling_price`, `qty_product`, `qty_last`, `qty_selling`, `total_basic_price`, `total_selling_price`) VALUES
(9, 4, 1, 'Cirambay', 4000, 5000, 16, 1, 15, 60000, 75000),
(8, 4, 1, 'Pempek', 1700, 2000, 40, 17, 23, 39100, 46000),
(7, 4, 1, 'Keripik Kaca', 2500, 3000, 6, 0, 6, 15000, 18000),
(5, 4, 1, 'Nasi Uduk', 2500, 3000, 59, 3, 56, 140000, 168000),
(6, 4, 1, 'Basruk', 2500, 3000, 25, 17, 8, 20000, 24000),
(10, 4, 1, 'Pentol', 1700, 2000, 185, 18, 167, 283900, 334000),
(11, 4, 1, 'Basreng Cobek', 1700, 2000, 36, 1, 35, 59500, 70000),
(12, 4, 1, 'Nutrisari', 2500, 3000, 60, 43, 17, 42500, 51000),
(13, 4, 1, 'Sostel', 2500, 3000, 30, 14, 16, 40000, 48000),
(14, 4, 1, 'Pop Ice', 2500, 3000, 20, 18, 2, 5000, 6000),
(15, 4, 6, 'Buras', 800, 1000, 35, 14, 21, 16800, 21000),
(16, 4, 6, 'Gehu', 800, 1000, 25, 0, 25, 20000, 25000),
(17, 4, 6, 'Risol', 1000, 1500, 60, 0, 60, 60000, 90000),
(18, 4, 6, 'Nasi Bakar', 3500, 4000, 3, 0, 3, 10500, 12000),
(19, 5, 1, 'Nasi Uduk', 2500, 3000, 50, 0, 50, 125000, 150000),
(20, 5, 1, 'Basruk', 2500, 3000, 25, 11, 14, 35000, 42000),
(21, 5, 1, 'Keripik Kaca', 2500, 3000, 6, 0, 6, 15000, 18000),
(22, 5, 1, 'Pempek', 1700, 2000, 40, 22, 18, 30600, 36000),
(23, 5, 1, 'Cirambay', 4000, 5000, 16, 0, 16, 64000, 80000),
(24, 5, 1, 'Pentol', 1700, 2000, 155, 0, 155, 263500, 310000),
(25, 5, 1, 'Basreng Cobek', 1700, 2000, 25, 17, 8, 13600, 16000),
(26, 5, 1, 'Nutrisari', 2500, 3000, 60, 16, 44, 110000, 132000),
(27, 5, 1, 'Sostel', 2500, 3000, 30, 17, 13, 32500, 39000),
(28, 5, 1, 'Pop Ice', 2500, 3000, 20, 6, 14, 35000, 42000),
(29, 4, 2, 'Samosa', 800, 1000, 75, 0, 75, 60000, 75000),
(30, 5, 2, 'Samosa', 800, 1000, 72, 0, 72, 57600, 72000),
(31, 5, 2, 'Cilok Kacang', 1800, 2000, 60, 23, 37, 66600, 74000),
(32, 6, 1, 'Nasi Uduk', 2500, 3000, 52, 17, 35, 87500, 105000),
(33, 6, 1, 'Basruk', 2500, 3000, 25, 5, 20, 50000, 60000),
(34, 6, 1, 'Pempek', 1700, 2000, 40, 0, 40, 68000, 80000),
(35, 6, 1, 'Cirambay', 4000, 5000, 15, 1, 14, 56000, 70000),
(36, 6, 1, 'Pentol', 1700, 2000, 175, 33, 142, 241400, 284000),
(37, 6, 1, 'Sostel', 2500, 3000, 25, 8, 17, 42500, 51000),
(38, 6, 1, 'Basreng Cobek', 1700, 2000, 40, 0, 40, 68000, 80000),
(39, 6, 1, 'Nutrisari', 2500, 3000, 60, 34, 26, 65000, 78000),
(40, 6, 1, 'Pop Ice', 2500, 3000, 20, 10, 10, 25000, 30000),
(41, 6, 2, 'Samosa', 800, 1000, 75, 0, 75, 60000, 75000),
(42, 6, 6, 'Risol', 1000, 1500, 48, 0, 48, 48000, 72000),
(43, 6, 6, 'Gehu', 800, 1000, 45, 0, 45, 36000, 45000),
(44, 6, 6, 'Buras', 800, 1000, 32, 18, 14, 11200, 14000),
(45, 6, 6, 'Nasi Bakar', 3500, 4000, 6, 0, 6, 21000, 24000),
(46, 7, 2, 'Samosa', 800, 1000, 75, 4, 71, 56800, 71000),
(47, 7, 1, 'Nasi Uduk', 2500, 3000, 50, 5, 45, 112500, 135000),
(48, 7, 1, 'Basruk', 2500, 3000, 25, 4, 21, 52500, 63000),
(49, 7, 1, 'Pempek', 1700, 2000, 40, 38, 2, 3400, 4000),
(50, 7, 1, 'Cirambay', 4000, 5000, 15, 0, 15, 60000, 75000),
(51, 7, 1, 'Pentol', 1700, 2000, 145, 0, 145, 246500, 290000),
(52, 7, 1, 'Sostel', 2500, 3000, 25, 17, 8, 20000, 24000),
(53, 7, 1, 'Basreng Cobek', 1700, 2000, 24, 0, 24, 40800, 48000),
(54, 7, 1, 'Nutrisari', 2500, 3000, 60, 33, 27, 67500, 81000),
(55, 7, 1, 'Pop Ice', 2500, 3000, 20, 14, 6, 15000, 18000),
(56, 8, 1, 'Nasi Uduk', 2500, 3000, 50, 29, 21, 52500, 63000),
(57, 8, 1, 'Basruk', 2500, 3000, 26, 0, 26, 65000, 78000),
(58, 8, 1, 'Pempek', 1700, 2000, 40, 0, 40, 68000, 80000),
(59, 8, 1, 'Cirambay', 4000, 5000, 15, 0, 15, 60000, 75000),
(60, 8, 1, 'Pentol', 1700, 2000, 175, 0, 175, 297500, 350000),
(61, 8, 1, 'Sostel', 2500, 3000, 25, 6, 19, 47500, 57000),
(62, 8, 1, 'Basreng Cobek', 1700, 2000, 32, 2, 30, 51000, 60000),
(63, 8, 1, 'Nutrisari', 2500, 3000, 60, 34, 26, 65000, 78000),
(64, 8, 1, 'Pop Ice', 2500, 3000, 20, 7, 13, 32500, 39000),
(65, 8, 2, 'Samosa', 800, 1000, 75, 0, 75, 60000, 75000),
(66, 9, 2, 'Samosa', 800, 1000, 75, 0, 75, 60000, 75000),
(67, 9, 1, 'Nasi Uduk', 2500, 3000, 45, 0, 45, 112500, 135000),
(68, 9, 1, 'Basruk', 2500, 3000, 25, 0, 25, 62500, 75000),
(69, 9, 1, 'Pempek', 1700, 2000, 40, 0, 40, 68000, 80000),
(70, 9, 1, 'Cirambay', 4000, 5000, 15, 0, 15, 60000, 75000),
(71, 9, 1, 'Pentol', 1700, 2000, 150, 0, 150, 255000, 300000),
(72, 9, 1, 'Sostel', 2500, 3000, 25, 7, 18, 45000, 54000),
(73, 9, 1, 'Basreng Cobek', 1700, 2000, 24, 0, 24, 40800, 48000),
(74, 9, 1, 'Nutrisari', 2500, 3000, 60, 34, 26, 65000, 78000),
(75, 9, 1, 'Pop Ice', 2500, 3000, 20, 17, 3, 7500, 9000),
(76, 10, 1, 'Nasi Uduk', 2500, 3000, 42, 2, 40, 100000, 120000),
(77, 10, 1, 'Basruk', 2500, 3000, 25, 1, 24, 60000, 72000),
(78, 10, 1, 'Pempek', 1700, 2000, 50, 11, 39, 66300, 78000),
(79, 10, 1, 'Cirambay', 4000, 5000, 15, 0, 15, 60000, 75000),
(80, 10, 1, 'Pentol', 1700, 2000, 187, 45, 142, 241400, 284000),
(81, 10, 1, 'Sostel', 2500, 3000, 25, 21, 4, 10000, 12000),
(82, 10, 1, 'Basreng Cobek', 1700, 2000, 32, 4, 28, 47600, 56000),
(83, 10, 1, 'Nutrisari', 2500, 3000, 50, 36, 14, 35000, 42000),
(84, 10, 1, 'Pop Ice', 2500, 3000, 20, 19, 1, 2500, 3000),
(85, 10, 2, 'Samosa', 800, 1000, 75, 0, 75, 60000, 75000),
(86, 10, 6, 'Risol', 1000, 1500, 105, 10, 95, 95000, 142500),
(87, 10, 6, 'Nasi Bakar', 3500, 4000, 8, 3, 5, 17500, 20000),
(88, 10, 6, 'Gehu', 800, 1000, 125, 1, 124, 99200, 124000),
(89, 11, 1, 'Nasi Uduk', 2500, 3000, 42, 6, 36, 90000, 108000),
(90, 11, 1, 'Basruk', 2500, 3000, 25, 0, 25, 62500, 75000),
(91, 11, 1, 'Pempek', 1700, 2000, 50, 17, 33, 56100, 66000),
(92, 11, 1, 'Cirambay', 4000, 5000, 15, 0, 15, 60000, 75000),
(93, 11, 1, 'Pentol', 1700, 2000, 150, 36, 114, 193800, 228000),
(94, 11, 1, 'Sostel', 2500, 3000, 25, 9, 16, 40000, 48000),
(95, 11, 1, 'Basreng Cobek', 1700, 2000, 32, 15, 17, 28900, 34000),
(96, 11, 1, 'Nutrisari', 2500, 3000, 50, 20, 30, 75000, 90000),
(97, 11, 1, 'Pop Ice', 2500, 3000, 20, 3, 17, 42500, 51000),
(98, 11, 2, 'Samosa', 800, 1000, 75, 0, 75, 60000, 75000),
(99, 16, 2, 'Samosa', 800, 1000, 50, 0, 50, 40000, 50000),
(100, 17, 2, 'Samosa', 800, 1000, 50, 0, 50, 40000, 50000),
(101, 16, 6, 'Gehu', 800, 1000, 75, 0, 75, 60000, 75000),
(102, 16, 6, 'Risol', 1000, 1500, 43, 11, 32, 32000, 48000),
(103, 16, 6, 'Nasi Bakar', 3500, 4000, 4, 1, 3, 10500, 12000),
(104, 16, 1, 'Nasi Uduk', 2500, 3000, 46, 34, 12, 30000, 36000),
(105, 16, 1, 'Pempek', 1700, 2000, 40, 31, 9, 15300, 18000),
(106, 16, 1, 'Cirambay', 4000, 5000, 13, 1, 12, 48000, 60000),
(107, 16, 1, 'Pentol', 1700, 2000, 125, 3, 122, 207400, 244000),
(108, 16, 1, 'Cipeng', 800, 1000, 65, 37, 28, 22400, 28000),
(109, 16, 1, 'Siomay Baso Tahu', 800, 1000, 150, 17, 133, 106400, 133000),
(110, 16, 1, 'Kerupuk Kaca', 2500, 3000, 15, 0, 15, 37500, 45000),
(111, 16, 1, 'Cemilan 3000', 2500, 3000, 25, 12, 13, 32500, 39000),
(112, 16, 1, 'Nutrisari', 2500, 3000, 50, 23, 27, 67500, 81000),
(113, 16, 1, 'Pop Ice', 2500, 3000, 20, 14, 6, 15000, 18000),
(114, 16, 1, 'Petis', 2500, 3000, 10, 1, 9, 22500, 27000),
(115, 17, 1, 'Nasi Uduk', 2500, 3000, 45, 0, 45, 112500, 135000),
(116, 17, 1, 'Pempek', 1700, 2000, 40, 33, 7, 11900, 14000),
(117, 17, 1, 'Cirambay', 4000, 5000, 13, 0, 13, 52000, 65000),
(118, 17, 1, 'Pentol', 1700, 2000, 125, 0, 125, 212500, 250000),
(119, 17, 1, 'Cipeng', 800, 1000, 65, 0, 65, 52000, 65000),
(120, 17, 1, 'Siomay Baso Tahu', 800, 1000, 150, 0, 150, 120000, 150000),
(121, 17, 1, 'Keripik Kaca', 2500, 3000, 15, 0, 15, 37500, 45000),
(122, 17, 1, 'Cemilan 3000', 2500, 3000, 25, 0, 25, 62500, 75000),
(123, 17, 1, 'Nutrisari', 2500, 3000, 50, 0, 50, 125000, 150000),
(124, 17, 1, 'Pop Ice', 2500, 3000, 20, 0, 20, 50000, 60000),
(125, 17, 1, 'Petis', 2500, 3000, 10, 0, 10, 25000, 30000),
(126, 15, 1, 'Nasi Uduk', 2500, 3000, 45, 22, 23, 57500, 69000),
(127, 15, 1, 'Cirambay', 4000, 5000, 17, 6, 11, 44000, 55000),
(128, 15, 1, 'Pentol', 1700, 2000, 180, 76, 104, 176800, 208000),
(129, 15, 1, 'Cipeng', 800, 1000, 60, 14, 46, 36800, 46000),
(130, 15, 1, 'Siomay', 800, 1000, 150, 19, 131, 104800, 131000),
(131, 15, 1, 'Basruk', 2500, 3000, 11, 2, 9, 22500, 27000),
(132, 15, 1, 'Keripik kaca', 2500, 3000, 15, 1, 14, 35000, 42000),
(133, 15, 1, 'Keripik Seblak', 2500, 3000, 10, 4, 6, 15000, 18000),
(134, 15, 1, 'Gurilem', 2500, 3000, 10, 7, 3, 7500, 9000),
(135, 15, 1, 'Keong', 2500, 3000, 10, 8, 2, 5000, 6000),
(136, 15, 1, 'Nutrisari ', 2500, 3000, 50, 22, 28, 70000, 84000),
(137, 15, 1, 'Pop Ice', 2500, 3000, 20, 0, 20, 50000, 60000),
(138, 15, 0, 'Makaroni Bantet', 2500, 3000, 5, 0, 0, 0, 0),
(139, 15, 0, 'Lumpia', 2500, 3000, 16, 0, 0, 0, 0),
(140, 15, 2, 'Samosa', 800, 1000, 75, 49, 26, 20800, 26000),
(141, 15, 6, 'Risol', 1000, 1500, 70, 19, 51, 51000, 76500),
(142, 15, 6, 'Gehu', 800, 1000, 140, 58, 82, 65600, 82000),
(143, 14, 1, 'Nasi Uduk', 2500, 3000, 40, 6, 34, 85000, 102000),
(144, 14, 1, 'Cirambay', 4000, 5000, 17, 0, 17, 68000, 85000),
(145, 14, 1, 'Pentol', 1700, 2000, 150, 31, 119, 202300, 238000),
(146, 14, 1, 'Cipeng', 800, 1000, 60, 0, 60, 48000, 60000),
(147, 14, 1, 'Siomay', 800, 1000, 150, 26, 124, 99200, 124000),
(148, 14, 1, 'Keripik kaca', 2500, 3000, 15, 2, 13, 32500, 39000),
(149, 14, 1, 'Kerupuk Seblak', 2500, 3000, 10, 8, 2, 5000, 6000),
(150, 14, 1, 'Gurilem', 2500, 3000, 10, 0, 10, 25000, 30000),
(151, 14, 1, 'Keong', 2500, 3000, 10, 6, 4, 10000, 12000),
(152, 14, 1, 'Nutrisari ', 2500, 3000, 50, 16, 34, 85000, 102000),
(153, 14, 1, 'Pop Ice', 2500, 3000, 20, 0, 20, 50000, 60000),
(154, 14, 1, 'Basruk', 2500, 3000, 10, 3, 7, 17500, 21000),
(155, 14, 2, 'Samosa', 800, 1000, 75, 5, 70, 56000, 70000),
(156, 18, 1, 'Nasi Uduk', 2500, 3000, 35, 17, 18, 45000, 54000),
(157, 18, 1, 'Pempek', 1700, 2000, 40, 22, 18, 30600, 36000),
(158, 18, 1, 'Cirambay', 4000, 5000, 15, 0, 15, 60000, 75000),
(159, 18, 1, 'Cipeng (Cireng Gepeng)', 800, 1000, 100, 0, 0, 0, 0),
(160, 18, 1, 'Siomay', 800, 1000, 150, 0, 0, 0, 0),
(161, 18, 1, 'Keripik Kaca', 2500, 3000, 20, 5, 15, 37500, 45000),
(162, 18, 1, 'Kerupuk', 2500, 3000, 25, 5, 20, 50000, 60000),
(163, 18, 1, 'Petis', 2500, 3000, 16, 0, 0, 0, 0),
(164, 18, 1, 'Nutrisari', 2500, 3000, 50, 15, 35, 87500, 105000),
(165, 18, 1, 'Pop Ice', 2500, 3000, 20, 14, 6, 15000, 18000),
(166, 18, 2, 'Samosa', 800, 1000, 50, 0, 0, 0, 0),
(167, 18, 0, 'Sosis Solo', 1000, 1500, 15, 0, 0, 0, 0),
(169, 18, 6, 'Gehu', 800, 1000, 35, 0, 0, 0, 0),
(170, 18, 6, 'Buras', 800, 1000, 20, 0, 0, 0, 0),
(171, 19, 1, 'Nasi Uduk', 2500, 3000, 34, 8, 26, 65000, 78000),
(172, 19, 1, 'Pempek', 1700, 2000, 40, 21, 19, 32300, 38000),
(173, 19, 1, 'Cirambay', 4000, 5000, 15, 0, 0, 0, 0),
(174, 19, 1, 'Cipeng (Cireng Gepeng)', 800, 1000, 60, 0, 0, 0, 0),
(175, 19, 1, 'Siomay', 800, 1000, 150, 3, 147, 117600, 147000),
(176, 19, 1, 'Keripik Kaca', 2500, 3000, 20, 0, 0, 0, 0),
(177, 19, 1, 'Kerupuk', 2500, 3000, 25, 6, 19, 47500, 57000),
(178, 19, 1, 'Petis', 2500, 3000, 16, 0, 0, 0, 0),
(179, 19, 1, 'Nutrisari', 2500, 3000, 50, 15, 35, 87500, 105000),
(180, 19, 1, 'Pop Ice', 2500, 3000, 20, 0, 0, 0, 0),
(181, 19, 2, 'Samosa', 800, 1000, 50, 0, 0, 0, 0),
(182, 20, 6, 'Risol', 1000, 1500, 25, 0, 25, 25000, 37500),
(183, 20, 6, 'Sosis Solo', 1200, 1500, 15, 0, 15, 18000, 22500),
(184, 20, 6, 'Gehu', 800, 1000, 40, 0, 40, 32000, 40000),
(185, 20, 6, 'Nasi Bakar', 3500, 4000, 3, 0, 3, 10500, 12000),
(186, 25, 1, 'Nasi Uduk', 2500, 3000, 35, 7, 28, 70000, 84000),
(187, 25, 1, 'Pempek', 1700, 2000, 40, 14, 26, 44200, 52000),
(188, 25, 1, 'Cirambay', 4000, 5000, 17, 3, 14, 56000, 70000),
(189, 25, 1, 'Pentol', 1700, 2000, 100, 0, 100, 170000, 200000),
(190, 25, 1, 'Cipeng', 800, 1000, 100, 0, 100, 80000, 100000),
(191, 25, 1, 'Siomay Baso Tahu', 800, 1000, 150, 61, 89, 71200, 89000),
(192, 25, 1, 'Petis', 2500, 3000, 14, 4, 10, 25000, 30000),
(193, 25, 1, 'Basruk', 2500, 3000, 40, 12, 28, 70000, 84000),
(194, 25, 1, 'Nutrisari', 2500, 3000, 50, 34, 16, 40000, 48000),
(195, 25, 1, 'Pop Ice', 2500, 3000, 20, 16, 4, 10000, 12000),
(196, 26, 1, 'Nasi Uduk', 2500, 3000, 35, 14, 21, 52500, 63000),
(197, 26, 1, 'Pempek', 1700, 2000, 40, 32, 8, 13600, 16000),
(198, 26, 1, 'Cirambay', 4000, 5000, 17, 12, 5, 20000, 25000),
(199, 26, 1, 'Pentol', 1700, 2000, 100, 0, 100, 170000, 200000),
(200, 26, 1, 'Cipeng', 800, 1000, 70, 0, 70, 56000, 70000),
(201, 26, 1, 'Siomay Baso Tahu', 800, 1000, 150, 5, 145, 116000, 145000),
(202, 26, 1, 'Petis', 2500, 3000, 12, 0, 12, 30000, 36000),
(203, 26, 1, 'Basruk', 2500, 3000, 40, 14, 26, 65000, 78000),
(204, 26, 1, 'Nutrisari', 2500, 3000, 50, 20, 30, 75000, 90000),
(205, 26, 1, 'Pop Ice', 2500, 3000, 20, 5, 15, 37500, 45000),
(206, 25, 12, 'Makaroni', 2500, 3000, 20, 0, 20, 50000, 60000),
(207, 25, 13, 'Seblak Cilok', 4000, 5000, 30, 22, 8, 32000, 40000),
(208, 25, 13, 'Martabak', 5000, 6000, 5, 4, 1, 5000, 6000),
(209, 25, 9, 'Kebab Telor', 2800, 3000, 15, 0, 15, 42000, 45000),
(210, 25, 11, 'Pie Susu & Kue Sus', 1200, 1500, 50, 0, 50, 60000, 75000),
(211, 26, 11, 'Pie Buah & Sus Buah', 1600, 2000, 50, 0, 50, 80000, 100000),
(212, 25, 2, 'Samosa', 800, 1000, 50, 0, 50, 40000, 50000),
(213, 26, 2, 'Samosa', 800, 1000, 50, 0, 50, 40000, 50000),
(214, 25, 6, 'Risol', 1000, 1500, 55, 0, 55, 55000, 82500),
(215, 25, 6, 'Buras', 800, 1000, 19, 1, 18, 14400, 18000),
(216, 22, 12, 'Makaroni', 2500, 3000, 15, 6, 9, 22500, 27000),
(217, 22, 7, 'Aneka Keripik', 800, 1000, 30, 0, 30, 24000, 30000),
(218, 21, 6, 'Risol', 1000, 1500, 18, 0, 18, 18000, 27000),
(219, 21, 6, 'Sosis', 1200, 1500, 30, 14, 16, 19200, 24000),
(220, 21, 6, 'Gehu', 800, 1000, 31, 0, 31, 24800, 31000),
(221, 21, 6, 'Buras', 800, 1000, 15, 6, 9, 7200, 9000),
(222, 21, 6, 'Nasi Bakar', 3500, 4000, 2, 0, 2, 7000, 8000),
(223, 21, 2, 'Samosa', 800, 1000, 75, 0, 75, 60000, 75000),
(224, 22, 2, 'Samosa', 800, 1000, 75, 9, 66, 52800, 66000),
(225, 22, 1, 'Nasi Uduk', 2500, 3000, 30, 0, 30, 75000, 90000),
(226, 22, 1, 'Pempek', 1700, 2000, 40, 0, 40, 68000, 80000),
(227, 22, 1, 'Cirambay', 4000, 5000, 16, 0, 16, 64000, 80000),
(228, 22, 1, 'Pentol', 1700, 2000, 83, 0, 83, 141100, 166000),
(229, 22, 1, 'Cipeng', 800, 1000, 70, 0, 70, 56000, 70000),
(230, 22, 1, 'Siomay Baso Tahu', 800, 1000, 115, 4, 111, 88800, 111000),
(231, 22, 1, 'Kripik Kaca', 2500, 3000, 20, 0, 20, 50000, 60000),
(232, 22, 1, 'Krupuk', 2500, 3000, 25, 4, 21, 52500, 63000),
(233, 22, 1, 'Petis', 2500, 3000, 16, 0, 16, 40000, 48000),
(234, 22, 1, 'Nutrisari', 2500, 3000, 50, 25, 25, 62500, 75000),
(235, 22, 1, 'Pop Ice', 2500, 3000, 20, 11, 9, 22500, 27000),
(236, 21, 1, 'Nasi Uduk', 2500, 3000, 35, 4, 31, 77500, 93000),
(237, 21, 1, 'Pempek', 1700, 2000, 40, 0, 40, 68000, 80000),
(238, 21, 1, 'Cirambay', 4000, 5000, 16, 0, 16, 64000, 80000),
(239, 21, 1, 'Pentol', 1700, 2000, 83, 0, 83, 141100, 166000),
(240, 21, 1, 'Cipeng', 800, 1000, 110, 0, 110, 88000, 110000),
(241, 21, 1, 'Siomay Baso Tahu', 800, 1000, 120, 0, 120, 96000, 120000),
(242, 21, 1, 'Keripik Kaca', 2500, 3000, 20, 0, 20, 50000, 60000),
(243, 21, 1, 'Kerupuk', 2500, 3000, 25, 10, 15, 37500, 45000),
(244, 21, 1, 'Petis', 2500, 3000, 16, 6, 10, 25000, 30000),
(245, 21, 1, 'Nutrisari', 2500, 3000, 50, 32, 18, 45000, 54000),
(246, 21, 1, 'Pop Ice', 2500, 3000, 20, 18, 2, 5000, 6000),
(247, 21, 11, 'Pie Susu', 1200, 2000, 25, 0, 25, 30000, 50000),
(248, 21, 11, 'Pie Buah', 1600, 2000, 25, 0, 25, 40000, 50000),
(249, 22, 11, 'Pie Susu & Kue Sus', 1200, 1500, 25, 0, 25, 30000, 37500),
(250, 22, 11, 'Pie buah & Sus Buah', 1600, 2000, 25, 0, 25, 40000, 50000),
(251, 21, 8, 'Cilok', 2500, 3000, 32, 18, 14, 35000, 42000),
(252, 27, 1, 'Nasi Uduk', 2500, 3000, 39, 21, 18, 45000, 54000),
(253, 27, 1, 'Empek-empek', 1700, 2000, 40, 24, 16, 27200, 32000),
(254, 27, 1, 'Cirambay', 4000, 5000, 13, 7, 6, 24000, 30000),
(255, 27, 1, 'Pentol', 1700, 2000, 125, 31, 94, 159800, 188000),
(256, 27, 1, 'Cipeng', 800, 1000, 106, 0, 106, 84800, 106000),
(257, 27, 1, 'Siomay Baso Tahu', 800, 1000, 150, 71, 79, 63200, 79000),
(258, 27, 1, 'Petis', 2500, 3000, 14, 0, 14, 35000, 42000),
(259, 27, 1, 'Basruk', 2500, 3000, 25, 14, 11, 27500, 33000),
(260, 27, 1, 'Keripik Kaca', 2500, 3000, 25, 16, 9, 22500, 27000),
(261, 27, 1, 'Nutrisari', 2500, 3000, 30, 21, 9, 22500, 27000),
(262, 27, 1, 'Pop Ice', 2500, 3000, 30, 24, 6, 15000, 18000),
(263, 24, 9, 'Kebab', 2700, 3000, 18, 0, 18, 48600, 54000),
(264, 28, 1, 'Nasi Uduk', 2500, 3000, 36, 17, 19, 47500, 57000),
(265, 28, 1, 'Empek-empek', 1700, 2000, 40, 37, 3, 5100, 6000),
(266, 28, 1, 'Cirambay', 4000, 5000, 13, 3, 10, 40000, 50000),
(267, 28, 1, 'Pentol', 1700, 2000, 125, 54, 71, 120700, 142000),
(268, 24, 2, 'Samosa', 800, 1000, 75, 10, 65, 52000, 65000),
(269, 28, 1, 'Cipeng', 800, 1000, 80, 15, 65, 52000, 65000),
(270, 28, 1, 'Siomay Baso Tahu', 800, 1000, 150, 93, 57, 45600, 57000),
(271, 24, 12, 'Makaroni', 2500, 3000, 15, 0, 15, 37500, 45000),
(272, 28, 1, 'Petis', 2500, 3000, 12, 1, 11, 27500, 33000),
(273, 24, 4, 'Krupuk dan makaroni seblak', 2500, 3000, 6, 2, 4, 10000, 12000),
(274, 28, 1, 'Basruk', 2500, 3000, 25, 20, 5, 12500, 15000),
(275, 28, 1, 'Keripik Kaca', 2500, 3000, 25, 14, 11, 27500, 33000),
(276, 28, 1, 'Nutrisari', 2500, 3000, 30, 9, 21, 52500, 63000),
(277, 28, 1, 'Pop Ice', 2500, 3000, 30, 14, 16, 40000, 48000),
(278, 24, 14, 'Pentol', 900, 1000, 200, 51, 149, 134100, 149000),
(279, 27, 2, 'Samosa', 800, 1000, 75, 30, 45, 36000, 45000),
(280, 28, 2, 'Samosa', 800, 1000, 75, 45, 30, 24000, 30000),
(281, 27, 13, 'Seblak cilok', 4500, 5000, 15, 8, 7, 31500, 35000),
(282, 28, 13, 'Seblak cilok', 4500, 5000, 15, 11, 4, 18000, 20000),
(283, 28, 13, 'Martabak', 5500, 6000, 3, 2, 1, 5500, 6000),
(284, 27, 11, 'Pai Susu + Kue', 1200, 1500, 25, 0, 25, 30000, 37500),
(285, 27, 11, 'Pai Buah + Soes Buah', 1600, 2000, 25, 0, 25, 40000, 50000),
(286, 28, 11, 'Pai Susu + Kue Soes', 1200, 1500, 25, 1, 24, 28800, 36000),
(287, 28, 11, 'Pai Buah + Soes Buah', 1600, 2000, 25, 7, 18, 28800, 36000),
(288, 27, 6, 'Buras', 800, 1000, 13, 1, 12, 9600, 12000),
(289, 24, 13, 'Seblak Cilok', 4500, 5000, 10, 1, 9, 40500, 45000),
(290, 27, 6, 'Risol', 1000, 1500, 55, 14, 41, 41000, 61500),
(291, 24, 13, 'Martabak', 5000, 6000, 2, 0, 2, 10000, 12000),
(292, 27, 9, 'Kebab Telor', 2700, 3000, 15, 0, 15, 40500, 45000),
(293, 27, 12, 'Makaroni', 2500, 3000, 26, 3, 23, 57500, 69000),
(294, 28, 14, 'Baso', 900, 1000, 100, 0, 100, 90000, 100000),
(295, 28, 7, 'Cimol Bulat', 800, 1000, 15, 8, 7, 5600, 7000),
(296, 28, 7, 'Cimol kering', 800, 1000, 25, 4, 21, 16800, 21000),
(297, 29, 15, 'Martabak Telor', 1800, 2000, 20, 0, 20, 36000, 40000),
(298, 29, 15, 'Kue Sus', 1800, 2000, 10, 3, 7, 12600, 14000),
(299, 29, 13, 'Seblak Cilok', 4800, 5000, 10, 1, 9, 43200, 45000),
(300, 29, 13, 'Martabak', 5500, 6000, 1, 0, 1, 5500, 6000),
(301, 29, 12, 'Makaroni', 2500, 3000, 35, 0, 35, 87500, 105000),
(302, 29, 1, 'Nasi Uduk', 2500, 3000, 33, 8, 25, 62500, 75000),
(303, 29, 1, 'Pempek', 1700, 2000, 40, 9, 31, 52700, 62000),
(304, 29, 1, 'Cirambay', 4000, 5000, 15, 0, 15, 60000, 75000),
(305, 29, 1, 'Pentol', 1700, 2000, 125, 36, 89, 151300, 178000),
(306, 29, 1, 'Cipeng', 800, 1000, 130, 0, 130, 104000, 130000),
(307, 29, 1, 'Siomay Baso Tahu', 800, 1000, 150, 16, 134, 107200, 134000),
(308, 29, 1, 'Petis', 2500, 3000, 14, 7, 7, 17500, 21000),
(309, 29, 1, 'Basruk', 2500, 3000, 17, 1, 16, 40000, 48000),
(310, 29, 1, 'Keripik Kaca', 2500, 3000, 17, 12, 5, 12500, 15000),
(311, 29, 1, 'Nutrisari', 2500, 3000, 50, 0, 0, 0, 0),
(312, 29, 1, 'Pop Ice', 2500, 3000, 20, 0, 0, 0, 0),
(313, 29, 2, 'Samosa', 800, 1000, 50, 0, 50, 40000, 50000),
(314, 29, 6, 'Risol', 1200, 1500, 38, 0, 38, 45600, 57000),
(315, 29, 6, 'Buras', 800, 1000, 6, 1, 5, 4000, 5000),
(316, 29, 7, 'Moring', 800, 1000, 15, 0, 15, 12000, 15000),
(317, 29, 7, 'Sebring Ikan', 800, 1000, 15, 4, 11, 8800, 11000),
(318, 29, 11, 'Pie Susu & Kue Sus', 1200, 1500, 25, 1, 24, 28800, 36000),
(319, 29, 11, 'Pie Buah & Sus Buah', 1600, 2000, 25, 0, 25, 40000, 50000),
(320, 30, 2, 'Samosa', 800, 1000, 50, 0, 50, 40000, 50000),
(321, 30, 11, 'Pie Susu & Kue Sus', 1200, 1500, 25, 0, 25, 30000, 37500),
(322, 30, 11, 'Pie Buah & Sus Buah', 1600, 2000, 25, 0, 25, 40000, 50000),
(323, 30, 15, 'Martabak Telor', 1800, 2000, 10, 0, 10, 18000, 20000),
(324, 30, 15, 'Kue Sus', 1800, 2000, 10, 0, 10, 18000, 20000),
(325, 30, 13, 'Martabak', 5500, 6000, 2, 0, 2, 11000, 12000),
(326, 30, 13, 'Seblak Cilok', 4800, 5000, 10, 0, 10, 48000, 50000),
(327, 30, 1, 'Nasi Uduk', 2500, 3000, 32, 3, 29, 72500, 87000),
(328, 30, 1, 'Pempek', 1700, 2000, 38, 2, 36, 61200, 72000),
(329, 30, 1, 'Cirambay', 4000, 5000, 15, 0, 15, 60000, 75000),
(330, 30, 1, 'Pentol', 1700, 2000, 125, 19, 106, 180200, 212000),
(331, 30, 1, 'Cipeng', 800, 1000, 80, 18, 62, 49600, 62000),
(332, 30, 1, 'Siomay Baso Tahu', 800, 1000, 150, 0, 150, 120000, 150000),
(333, 30, 1, 'Petis', 2500, 3000, 12, 0, 12, 30000, 36000),
(334, 30, 1, 'Basruk', 2500, 3000, 17, 0, 17, 42500, 51000),
(335, 30, 1, 'Keripik Kaca', 2500, 3000, 17, 0, 17, 42500, 51000),
(336, 30, 1, 'Nutrisari', 2500, 3000, 50, 31, 19, 47500, 57000),
(337, 30, 1, 'Pop Ice', 2500, 3000, 20, 5, 15, 37500, 45000),
(338, 23, 2, 'Samosa', 800, 1000, 75, 40, 35, 28000, 35000),
(339, 23, 4, 'Krupuk dan makaroni seblak', 2500, 3000, 25, 18, 7, 17500, 21000),
(340, 23, 11, 'Kue Sus', 1200, 1500, 25, 0, 25, 30000, 37500),
(341, 23, 11, 'Sus Buah', 1600, 2000, 25, 11, 14, 22400, 28000),
(342, 23, 13, 'Seblak Cilok', 4500, 5000, 10, 2, 8, 36000, 40000),
(343, 23, 13, 'Martabak', 5000, 6000, 2, 1, 1, 5000, 6000),
(344, 23, 12, 'Makaroni', 2500, 3000, 15, 12, 3, 7500, 9000),
(345, 24, 11, 'Kue Sus', 1200, 1500, 25, 0, 25, 30000, 37500),
(346, 24, 11, 'Sus Buah', 1600, 2000, 25, 11, 14, 22400, 28000),
(347, 24, 1, 'Nasi Uduk', 2500, 3000, 34, 12, 22, 55000, 66000),
(348, 24, 1, 'Pempek', 1700, 2000, 40, 35, 5, 8500, 10000),
(349, 24, 1, 'Cirambay', 4000, 5000, 14, 8, 6, 24000, 30000),
(350, 24, 1, 'Pentol', 1400, 2000, 155, 89, 66, 92400, 132000),
(351, 24, 1, 'Siomay', 800, 1000, 160, 107, 53, 42400, 53000),
(352, 24, 1, 'Basruk', 2500, 3000, 40, 30, 10, 25000, 30000),
(353, 24, 1, 'Nutrisari ', 2500, 3000, 50, 24, 26, 65000, 78000),
(354, 24, 1, 'Pop Ice', 2500, 3000, 20, 6, 14, 35000, 42000),
(355, 24, 1, 'Cipeng', 800, 1000, 70, 0, 70, 56000, 70000),
(356, 24, 1, 'Petis', 2500, 3000, 11, 0, 11, 27500, 33000),
(357, 23, 1, 'Nasi Uduk', 2500, 3000, 34, 9, 25, 62500, 75000),
(358, 23, 1, 'Pempek', 1700, 2000, 40, 37, 3, 5100, 6000),
(359, 23, 1, 'Cirambay', 4000, 5000, 14, 0, 14, 56000, 70000),
(360, 23, 1, 'Pentol', 1400, 2000, 155, 53, 102, 142800, 204000),
(361, 23, 1, 'Cipeng', 800, 1000, 120, 34, 86, 68800, 86000),
(362, 23, 1, 'Siomay', 800, 1000, 160, 59, 101, 80800, 101000),
(363, 23, 1, 'Petis', 2500, 3000, 11, 0, 11, 27500, 33000),
(364, 23, 1, 'Basruk', 2500, 3000, 42, 26, 16, 40000, 48000),
(365, 23, 1, 'Nutrisari ', 2500, 3000, 50, 28, 22, 55000, 66000),
(366, 23, 1, 'Pop Ice', 2500, 3000, 20, 11, 9, 22500, 27000),
(367, 23, 6, 'Risol', 1000, 1500, 60, 6, 54, 54000, 81000),
(368, 23, 6, 'Sosis Solo', 1200, 1500, 12, 4, 8, 9600, 12000),
(369, 23, 6, 'Nasi Bakar', 3500, 4000, 6, 0, 6, 21000, 24000),
(370, 33, 1, 'Pentol', 1700, 2000, 100, 26, 74, 125800, 148000),
(371, 33, 1, 'Pempek', 1700, 2000, 35, 16, 19, 32300, 38000),
(372, 33, 1, 'Cirambay', 4300, 5000, 15, 6, 9, 38700, 45000),
(373, 33, 1, 'Basreng Cobek', 1700, 2000, 12, 6, 6, 10200, 12000),
(374, 33, 1, 'Cipeng', 800, 1000, 100, 7, 93, 74400, 93000),
(375, 33, 1, 'Seblok', 4300, 5000, 12, 8, 4, 17200, 20000),
(376, 33, 1, 'Siomay Baso Tahu', 800, 1000, 110, 51, 59, 47200, 59000),
(377, 33, 1, 'Nasi Box', 4400, 5000, 25, 1, 24, 105600, 120000),
(378, 33, 1, 'Basruk / Keripik Kaca', 2500, 3000, 50, 30, 20, 50000, 60000),
(379, 33, 1, 'Nutrisari / Pop Ice', 2500, 3000, 60, 39, 21, 52500, 63000),
(380, 33, 2, 'Samosa', 800, 1000, 50, 38, 12, 9600, 12000),
(381, 33, 6, 'Risol', 1200, 1500, 40, 10, 30, 36000, 45000),
(382, 33, 6, 'Buras', 800, 1000, 25, 22, 3, 2400, 3000),
(383, 33, 12, 'Pisang Nugget', 2500, 3000, 15, 11, 4, 10000, 12000),
(384, 33, 12, 'Makaroni', 2500, 3000, 20, 13, 7, 17500, 21000),
(385, 33, 17, 'Mie Lidi', 800, 1000, 40, 17, 23, 18400, 23000),
(386, 33, 10, 'Basreng', 4700, 5000, 22, 1, 21, 98700, 105000),
(387, 33, 15, 'Puding', 1800, 2000, 16, 13, 3, 5400, 6000),
(388, 33, 15, 'Sosis Mie', 2200, 2500, 20, 9, 11, 24200, 27500),
(389, 33, 15, 'Martabak Telor', 1800, 2000, 12, 3, 9, 16200, 18000),
(390, 33, 15, 'Kue Sus', 1800, 2000, 10, 7, 3, 5400, 6000),
(391, 33, 9, 'Kebab Telur', 2700, 3000, 20, 12, 8, 21600, 24000),
(392, 33, 9, 'Kebab Ayam', 4500, 5000, 4, 4, 0, 0, 0),
(393, 33, 18, 'Basreng', 3000, 5000, 28, 19, 9, 27000, 45000),
(394, 33, 11, 'Pie Susu & Kue Sus', 1200, 1500, 25, 7, 18, 21600, 27000),
(395, 33, 11, 'Pie Buah & Sus Buah', 1600, 2000, 25, 0, 25, 40000, 50000),
(396, 34, 1, 'Pentol', 1700, 2000, 100, 58, 42, 71400, 84000),
(397, 34, 1, 'Pempek', 1700, 2000, 35, 19, 16, 27200, 32000),
(398, 34, 1, 'Cirambay', 4300, 5000, 15, 5, 10, 43000, 50000),
(399, 34, 1, 'Basreng Cobek', 1700, 2000, 12, 10, 2, 3400, 4000),
(400, 34, 1, 'Cipeng', 800, 1000, 70, 4, 66, 52800, 66000),
(401, 34, 1, 'Seblok', 4300, 5000, 8, 8, 0, 0, 0),
(402, 34, 2, 'Samosa', 800, 1000, 50, 22, 28, 22400, 28000),
(403, 34, 1, 'Nasi Box', 4400, 5000, 22, 2, 20, 88000, 100000),
(404, 34, 1, 'Basruk / Keripik Kaca', 2500, 3000, 50, 32, 18, 45000, 54000),
(405, 34, 1, 'Nutrisari', 2500, 3000, 50, 10, 40, 100000, 120000),
(406, 34, 15, 'Puding', 1800, 2000, 16, 12, 4, 7200, 8000),
(407, 34, 15, 'Sosis Mie', 2200, 2500, 20, 12, 8, 17600, 20000),
(408, 34, 15, 'Martabak Telor', 1800, 2000, 12, 0, 12, 21600, 24000),
(409, 34, 15, 'Kue Sus', 1800, 2000, 10, 0, 10, 18000, 20000),
(410, 33, 13, 'Seblak Cilok', 4800, 5000, 10, 3, 7, 33600, 35000),
(411, 34, 13, 'Seblak Cilok', 4800, 5000, 10, 7, 3, 14400, 15000),
(412, 34, 7, 'Keripik & Moring', 800, 1000, 30, 2, 28, 22400, 28000),
(413, 34, 14, 'Pentol', 900, 1000, 200, 11, 189, 170100, 189000),
(414, 34, 1, 'Siomay Baso Tahu', 800, 1000, 110, 64, 46, 36800, 46000),
(415, 35, 12, 'Makaroni', 2500, 3000, 22, 2, 20, 50000, 60000),
(416, 35, 11, 'Pie Susu', 1200, 2000, 50, 45, 5, 6000, 10000),
(417, 35, 11, 'Pie Buah', 1600, 2000, 50, 47, 3, 4800, 6000),
(418, 36, 6, 'Gehu', 1700, 2000, 25, 0, 25, 42500, 50000),
(419, 36, 6, 'Nasi Uduk', 4500, 5000, 7, 1, 6, 27000, 30000),
(420, 36, 6, 'Risol', 1200, 1500, 25, 0, 25, 30000, 37500),
(421, 36, 11, 'Kue Soes Buah', 1600, 2000, 34, 7, 27, 43200, 54000),
(422, 36, 11, 'Kue Soes Susu', 1200, 1500, 40, 16, 24, 28800, 36000),
(423, 37, 6, 'Gehu', 1700, 2000, 25, 0, 25, 42500, 50000),
(424, 37, 6, 'Nasi Uduk', 4500, 5000, 5, 0, 5, 22500, 25000),
(425, 37, 6, 'Risol', 1200, 1500, 18, 0, 18, 21600, 27000),
(426, 37, 1, 'Cipeng', 800, 1000, 100, 90, 10, 8000, 10000),
(427, 38, 20, 'Mie Goreng', 4300, 5000, 30, 0, 30, 129000, 150000),
(428, 38, 20, 'Cirambay', 4300, 5000, 30, 0, 30, 129000, 150000),
(429, 38, 20, 'Piscok', 2500, 3000, 30, 2, 28, 70000, 84000),
(430, 38, 20, 'Cilok Goang', 800, 1000, 280, 0, 280, 224000, 280000),
(431, 38, 20, 'Cipeng', 800, 1000, 230, 0, 230, 184000, 230000),
(432, 39, 20, 'Mie Goreng', 4300, 5000, 50, 0, 0, 0, 0),
(433, 39, 20, 'Cirambay', 4300, 5000, 33, 0, 0, 0, 0),
(434, 39, 20, 'Piscok', 2500, 3000, 32, 0, 0, 0, 0),
(435, 39, 20, 'Cilok Goang', 800, 1000, 300, 0, 0, 0, 0),
(436, 39, 20, 'Cipeng / Cilok', 800, 1000, 270, 0, 0, 0, 0);

-- --------------------------------------------------------

--
-- Table structure for table `tbl_franchisor`
--

CREATE TABLE `tbl_franchisor` (
  `id_franchisor` int(11) NOT NULL,
  `franchisor` varchar(125) NOT NULL,
  `whatsapp` varchar(128) NOT NULL
) ENGINE=MyISAM DEFAULT CHARSET=latin1;

--
-- Dumping data for table `tbl_franchisor`
--

INSERT INTO `tbl_franchisor` (`id_franchisor`, `franchisor`, `whatsapp`) VALUES
(1, 'Pak Deri', ''),
(2, 'Bu Dyah', ''),
(3, 'Bu Siti Julaeha', ''),
(4, 'Bu Tuti', ''),
(5, 'Pak Anas', '85156334607'),
(6, 'Pak Luky', ''),
(7, 'Pak Arby', ''),
(8, 'Reja TKJ 1', ''),
(9, 'Fakih XI ATU', ''),
(10, 'Ratna XI DG', ''),
(11, 'Silvia', ''),
(12, 'Vera XII ATPH 1', ''),
(13, 'Naufal XII ATPH 2', ''),
(14, 'APHP', ''),
(15, 'Nira XII APL', ''),
(16, 'Ani XI DG', ''),
(17, 'Alya XII ATPH 1', ''),
(18, 'Siti Rahma XI TKJ 3', ''),
(19, 'Alika XI DG', '');

-- --------------------------------------------------------

--
-- Table structure for table `tbl_order`
--

CREATE TABLE `tbl_order` (
  `id_order` int(11) NOT NULL,
  `date_order` date NOT NULL,
  `id_lab` int(11) NOT NULL
) ENGINE=MyISAM DEFAULT CHARSET=latin1;

--
-- Dumping data for table `tbl_order`
--

INSERT INTO `tbl_order` (`id_order`, `date_order`, `id_lab`) VALUES
(1, '2022-10-31', 1),
(2, '2022-10-31', 2),
(3, '2022-10-31', 2),
(4, '2022-10-31', 2),
(5, '2022-10-31', 1),
(6, '2022-10-31', 1),
(7, '2022-10-31', 1),
(8, '2022-10-31', 1),
(9, '2022-10-31', 1),
(10, '2022-10-31', 1),
(11, '2022-10-31', 1),
(12, '2022-10-31', 1),
(13, '2022-10-31', 1),
(14, '2022-10-31', 1),
(15, '2022-10-31', 1),
(16, '2022-10-31', 1),
(17, '2022-10-31', 1),
(18, '2022-10-31', 1),
(19, '2022-10-31', 1),
(20, '2022-10-31', 1),
(21, '2022-10-31', 1),
(22, '2022-10-31', 1),
(23, '2022-10-31', 1),
(24, '2022-10-31', 1),
(25, '2022-10-31', 1),
(26, '2022-10-31', 1),
(27, '2022-10-31', 1),
(28, '2022-10-31', 1),
(29, '2022-10-31', 1),
(30, '2022-10-31', 1),
(31, '2022-10-31', 1),
(32, '2022-10-31', 1),
(33, '2022-10-31', 1),
(34, '2022-10-31', 1),
(35, '2022-10-31', 1),
(36, '2022-10-31', 1),
(37, '2022-10-31', 1),
(38, '2022-10-31', 1),
(39, '2022-10-31', 1),
(40, '2022-10-31', 1),
(41, '2022-10-31', 1),
(42, '2022-10-31', 1),
(43, '2022-10-31', 1),
(44, '2022-10-31', 1),
(45, '2022-10-31', 1),
(46, '2022-10-31', 1),
(47, '2022-10-31', 1),
(48, '2022-10-31', 1),
(49, '2022-10-31', 1),
(50, '2022-10-31', 1),
(51, '2022-10-31', 1),
(52, '2022-10-31', 1),
(53, '2022-10-31', 1),
(54, '2022-10-31', 1),
(55, '2022-10-31', 1),
(56, '2022-10-31', 1),
(57, '2022-10-31', 1),
(58, '2022-10-31', 1),
(59, '2022-10-31', 1),
(60, '2022-10-31', 1),
(61, '2022-10-31', 1),
(62, '2022-10-31', 1),
(63, '2022-10-31', 1),
(64, '2022-10-31', 1),
(65, '2022-10-31', 1),
(66, '2022-10-31', 1),
(67, '2022-10-31', 1),
(68, '2022-10-31', 1),
(69, '2022-10-31', 1),
(70, '2022-10-31', 1),
(71, '2022-10-31', 1),
(72, '2022-10-31', 1),
(73, '2022-10-31', 1),
(74, '2022-10-31', 1),
(75, '2022-10-31', 1),
(76, '2022-10-31', 1),
(77, '2022-10-31', 1),
(78, '2022-10-31', 1),
(79, '2022-10-31', 1),
(80, '2022-10-31', 1),
(81, '2022-10-31', 1),
(82, '2022-10-31', 1),
(83, '2022-10-31', 1),
(84, '2022-10-31', 1),
(85, '2022-10-31', 1),
(86, '2022-10-31', 1),
(87, '2022-10-31', 1),
(88, '2022-10-31', 1),
(89, '2022-10-31', 1),
(90, '2022-11-01', 1),
(91, '2022-11-01', 1),
(92, '2022-11-01', 1),
(93, '2022-11-01', 1),
(94, '2022-11-01', 1),
(95, '2022-11-01', 1),
(96, '2022-11-01', 1),
(97, '2022-11-01', 1),
(98, '2022-11-01', 1),
(99, '2022-11-01', 1),
(100, '2022-11-01', 1),
(101, '2022-11-01', 1),
(102, '2022-11-01', 1),
(103, '2022-11-01', 1),
(104, '2022-11-01', 1),
(105, '2022-11-01', 1),
(106, '2022-11-01', 1),
(107, '2022-11-01', 1),
(108, '2022-11-01', 1),
(109, '2022-11-01', 1),
(110, '2022-11-01', 1),
(111, '2022-11-01', 1),
(112, '2022-11-01', 1),
(113, '2022-11-01', 1),
(114, '2022-11-01', 1),
(115, '2022-11-01', 1),
(116, '2022-11-01', 1),
(117, '2022-11-01', 1),
(118, '2022-11-01', 1),
(119, '2022-11-01', 1),
(120, '2022-11-01', 1),
(121, '2022-11-01', 1),
(122, '2022-11-01', 1),
(123, '2022-11-01', 1),
(124, '2022-11-01', 1),
(125, '2022-11-01', 1),
(126, '2022-11-01', 1),
(127, '2022-11-01', 1),
(128, '2022-11-01', 1),
(129, '2022-11-01', 1),
(130, '2022-11-01', 1),
(131, '2022-11-01', 1),
(132, '2022-11-01', 1),
(133, '2022-11-01', 1),
(134, '2022-11-01', 1),
(135, '2022-11-01', 1),
(136, '2022-11-01', 1),
(137, '2022-11-01', 1),
(138, '2022-11-02', 1),
(139, '2022-11-02', 1),
(140, '2022-11-02', 1),
(141, '2022-11-02', 1),
(142, '2022-11-02', 1),
(143, '2022-11-02', 1),
(144, '2022-11-02', 1),
(145, '2022-11-02', 1),
(146, '2022-11-02', 1),
(147, '2022-11-02', 1),
(148, '2022-11-02', 1),
(149, '2022-11-02', 1),
(150, '2022-11-02', 1),
(151, '2022-11-02', 1),
(152, '2022-11-02', 1),
(153, '2022-11-02', 1),
(154, '2022-11-02', 1),
(155, '2022-11-02', 1),
(156, '2022-11-02', 1),
(157, '2022-11-02', 1),
(158, '2022-11-02', 1),
(159, '2022-11-02', 1),
(160, '2022-11-02', 1),
(161, '2022-11-02', 1),
(162, '2022-11-02', 1),
(163, '2022-11-02', 1),
(164, '2022-11-03', 1),
(165, '2022-11-03', 1),
(166, '2022-11-03', 1),
(167, '2022-11-03', 1),
(168, '2022-11-03', 1),
(169, '2022-11-03', 1),
(170, '2022-11-03', 1),
(171, '2022-11-03', 1),
(172, '2022-11-03', 1),
(173, '2022-11-03', 1),
(174, '2022-11-03', 1),
(175, '2022-11-03', 1),
(176, '2022-11-03', 1),
(177, '2022-11-03', 1),
(178, '2022-11-03', 1),
(179, '2022-11-03', 1),
(180, '2022-11-03', 1),
(181, '2022-11-03', 1),
(182, '2022-11-03', 1),
(183, '2022-11-03', 1),
(184, '2022-11-03', 1),
(185, '2022-11-03', 1),
(186, '2022-11-03', 1),
(187, '2022-11-03', 1),
(188, '2022-11-03', 1),
(189, '2022-11-03', 1),
(190, '2022-11-03', 1),
(191, '2022-11-03', 1),
(192, '2022-11-03', 1),
(193, '2022-11-03', 1),
(194, '2022-11-03', 1),
(195, '2022-11-03', 1),
(196, '2022-11-03', 1),
(197, '2022-11-03', 1),
(198, '2022-11-03', 1),
(199, '2022-11-03', 1),
(200, '2022-11-03', 1),
(201, '2022-11-03', 1),
(202, '2022-11-03', 1),
(203, '2022-11-03', 1),
(204, '2022-11-03', 1),
(205, '2022-11-03', 1),
(206, '2022-11-03', 1),
(207, '2022-11-03', 1),
(208, '2022-11-03', 1),
(209, '2022-11-03', 1),
(210, '2022-11-03', 1),
(211, '2022-11-03', 1),
(212, '2022-11-03', 1),
(213, '2022-11-03', 1),
(214, '2022-11-03', 1),
(215, '2022-11-03', 1),
(216, '2022-11-03', 1),
(217, '2022-11-03', 1),
(218, '2022-11-03', 1),
(219, '2022-11-03', 1),
(220, '2022-11-03', 1),
(221, '2022-11-03', 1),
(222, '2022-11-03', 1),
(223, '2022-11-03', 1),
(224, '2022-11-03', 1),
(225, '2022-11-03', 1),
(226, '2022-11-03', 1),
(227, '2022-11-03', 1),
(228, '2022-11-03', 1),
(229, '2022-11-03', 1),
(230, '2022-11-03', 1),
(231, '2022-11-03', 1),
(232, '2022-11-03', 1),
(233, '2022-11-03', 1),
(234, '2022-11-03', 1),
(235, '2022-11-03', 1),
(236, '2022-11-03', 1),
(237, '2022-11-03', 1),
(238, '2022-11-03', 1),
(239, '2022-11-03', 1),
(240, '2022-11-03', 1),
(241, '2022-11-03', 1),
(242, '2022-11-03', 1),
(243, '2022-11-03', 1),
(244, '2022-11-03', 1),
(245, '2022-11-03', 1),
(246, '2022-11-03', 1),
(247, '2022-11-03', 1),
(248, '2022-11-03', 1),
(249, '2022-11-03', 1),
(250, '2022-11-03', 1),
(251, '2022-11-03', 1),
(252, '2022-11-03', 1),
(253, '2022-11-03', 1),
(254, '2022-11-03', 1),
(255, '2022-11-03', 1),
(256, '2022-11-03', 1),
(257, '2022-11-03', 1),
(258, '2022-11-03', 1),
(259, '2022-11-03', 1),
(260, '2022-11-03', 1),
(261, '2022-11-03', 1),
(262, '2022-11-03', 1),
(263, '2022-11-03', 1),
(264, '2022-11-03', 1),
(265, '2022-11-03', 1),
(266, '2022-11-03', 1),
(267, '2022-11-03', 1),
(268, '2022-11-03', 1),
(269, '2022-11-03', 1),
(270, '2022-11-03', 1),
(271, '2022-11-03', 1),
(272, '2022-11-03', 1),
(273, '2022-11-03', 1),
(274, '2022-11-03', 1),
(275, '2022-11-03', 1),
(276, '2022-11-03', 1),
(277, '2022-11-03', 1),
(278, '2022-11-03', 1),
(279, '2022-11-03', 1),
(280, '2022-11-03', 1),
(281, '2022-11-03', 1),
(282, '2022-11-03', 1),
(283, '2022-11-03', 1),
(284, '2022-11-03', 1),
(285, '2022-11-03', 1),
(286, '2022-11-03', 1),
(287, '2022-11-03', 1),
(288, '2022-11-03', 1),
(289, '2022-11-03', 1),
(290, '2022-11-03', 1),
(291, '2022-11-03', 1),
(292, '2022-11-03', 1),
(293, '2022-11-03', 1),
(294, '2022-11-03', 1),
(295, '2022-11-03', 1),
(296, '2022-11-03', 1),
(297, '2022-11-03', 1),
(298, '2022-11-03', 1),
(299, '2022-11-03', 1),
(300, '2022-11-03', 1),
(301, '2022-11-03', 1),
(302, '2022-11-03', 1),
(303, '2022-11-03', 1),
(304, '2022-11-03', 1),
(305, '2022-11-03', 1),
(306, '2022-11-03', 1),
(307, '2022-11-03', 1),
(308, '2022-11-03', 1),
(309, '2022-11-03', 1),
(310, '2022-11-03', 1),
(311, '2022-11-03', 1),
(312, '2022-11-03', 1),
(313, '2022-11-03', 1),
(314, '2022-11-03', 1),
(315, '2022-11-03', 1),
(316, '2022-11-03', 1),
(317, '2022-11-03', 1),
(318, '2022-11-03', 1),
(319, '2022-11-04', 1),
(320, '2022-11-04', 1),
(321, '2022-11-04', 1),
(322, '2022-11-04', 1),
(323, '2022-11-04', 1),
(324, '2022-11-04', 1),
(325, '2022-11-04', 1),
(326, '2022-11-04', 1),
(327, '2022-11-04', 1),
(328, '2022-11-04', 1),
(329, '2022-11-04', 1),
(330, '2022-11-04', 1),
(331, '2022-11-04', 1),
(332, '2022-11-04', 1),
(333, '2022-11-04', 1),
(334, '2022-11-04', 1),
(335, '2022-11-04', 1),
(336, '2022-11-04', 1),
(337, '2022-11-04', 1),
(338, '2022-11-04', 1),
(339, '2022-11-04', 1),
(340, '2022-11-04', 1),
(341, '2022-11-04', 1),
(342, '2022-11-04', 1),
(343, '2022-11-04', 1),
(344, '2022-11-04', 1),
(345, '2022-11-04', 1),
(346, '2022-11-04', 1),
(347, '2022-11-04', 1),
(348, '2022-11-04', 1),
(349, '2022-11-04', 1),
(350, '2022-11-04', 1),
(351, '2022-11-04', 1),
(352, '2022-11-04', 1),
(353, '2022-11-04', 1),
(354, '2022-11-04', 1),
(355, '2022-11-04', 1),
(356, '2022-11-04', 1),
(357, '2022-11-04', 1),
(358, '2022-11-04', 1),
(359, '2022-11-04', 1),
(360, '2022-11-04', 1),
(361, '2022-11-04', 1),
(362, '2022-11-04', 1),
(363, '2022-11-04', 1),
(364, '2022-11-04', 1),
(365, '2022-11-04', 1),
(366, '2022-11-04', 1),
(367, '2022-11-04', 1),
(368, '2022-11-04', 1),
(369, '2022-11-04', 1),
(370, '2022-11-04', 1),
(371, '2022-11-04', 1),
(372, '2022-11-04', 1),
(373, '2022-11-04', 1),
(374, '2022-11-04', 1),
(375, '2022-11-04', 1),
(376, '2022-11-04', 1),
(377, '2022-11-04', 1),
(378, '2022-11-04', 1),
(379, '2022-11-04', 1),
(380, '2022-11-04', 1),
(381, '2022-11-04', 1),
(382, '2022-11-04', 1),
(383, '2022-11-04', 1),
(384, '2022-11-04', 1),
(385, '2022-11-04', 1),
(386, '2022-11-04', 1),
(387, '2022-11-04', 1),
(388, '2022-11-04', 1),
(389, '2022-11-04', 1),
(390, '2022-11-04', 1),
(391, '2022-11-04', 1),
(392, '2022-11-04', 1),
(393, '2022-11-04', 1),
(394, '2022-11-04', 1),
(395, '2022-11-04', 1),
(396, '2022-11-04', 1),
(397, '2022-11-04', 1),
(398, '2022-11-04', 1),
(399, '2022-11-04', 1),
(400, '2022-11-04', 1),
(401, '2022-11-04', 1),
(402, '2022-11-07', 1),
(403, '2022-11-07', 1),
(404, '2022-11-07', 1),
(405, '2022-11-07', 1),
(406, '2022-11-07', 1),
(407, '2022-11-07', 1),
(408, '2022-11-07', 1),
(409, '2022-11-07', 1),
(410, '2022-11-07', 1),
(411, '2022-11-07', 1),
(412, '2022-11-07', 1),
(413, '2022-11-07', 1),
(414, '2022-11-07', 1),
(415, '2022-11-07', 1),
(416, '2022-11-07', 1),
(417, '2022-11-07', 1),
(418, '2022-11-07', 1),
(419, '2022-11-07', 1),
(420, '2022-11-07', 1),
(421, '2022-11-07', 1),
(422, '2022-11-07', 1),
(423, '2022-11-07', 1),
(424, '2022-11-07', 1),
(425, '2022-11-07', 1),
(426, '2022-11-07', 1),
(427, '2022-11-07', 1),
(428, '2022-11-07', 1),
(429, '2022-11-07', 1),
(430, '2022-11-07', 1),
(431, '2022-11-07', 1),
(432, '2022-11-07', 1),
(433, '2022-11-07', 1),
(434, '2022-11-07', 1),
(435, '2022-11-07', 1),
(436, '2022-11-07', 1),
(437, '2022-11-07', 1),
(438, '2022-11-07', 1),
(439, '2022-11-07', 1),
(440, '2022-11-07', 1),
(441, '2022-11-07', 1),
(442, '2022-11-07', 1),
(443, '2022-11-07', 1),
(444, '2022-11-07', 1),
(445, '2022-11-07', 1),
(446, '2022-11-07', 1),
(447, '2022-11-07', 1),
(448, '2022-11-07', 1),
(449, '2022-11-07', 1),
(450, '2022-11-07', 1),
(451, '2022-11-07', 1),
(452, '2022-11-07', 1),
(453, '2022-11-07', 1),
(454, '2022-11-07', 1),
(455, '2022-11-07', 1),
(456, '2022-11-07', 1),
(457, '2022-11-07', 1),
(458, '2022-11-07', 1),
(459, '2022-11-07', 1),
(460, '2022-11-07', 1),
(461, '2022-11-07', 1),
(462, '2022-11-07', 1),
(463, '2022-11-07', 1),
(464, '2022-11-07', 1),
(465, '2022-11-07', 1),
(466, '2022-11-07', 1),
(467, '2022-11-07', 1),
(468, '2022-11-07', 1),
(469, '2022-11-07', 1),
(470, '2022-11-07', 1),
(471, '2022-11-07', 1),
(472, '2022-11-07', 1),
(473, '2022-11-07', 1),
(474, '2022-11-07', 1),
(475, '2022-11-07', 1),
(476, '2022-11-07', 1),
(477, '2022-11-07', 1),
(478, '2022-11-07', 1),
(479, '2022-11-07', 1),
(480, '2022-11-07', 1),
(481, '2022-11-07', 1),
(482, '2022-11-07', 1),
(483, '2022-11-07', 1),
(484, '2022-11-07', 1),
(485, '2022-11-07', 1),
(486, '2022-11-07', 1),
(487, '2022-11-07', 1),
(488, '2022-11-07', 1),
(489, '2022-11-07', 1),
(490, '2022-11-07', 1),
(491, '2022-11-07', 1),
(492, '2022-11-07', 1),
(493, '2022-11-07', 1),
(494, '2022-11-07', 1),
(495, '2022-11-07', 1),
(496, '2022-11-07', 1),
(497, '2022-11-07', 1),
(498, '2022-11-08', 1),
(499, '2022-11-08', 1),
(500, '2022-11-08', 1),
(501, '2022-11-08', 1),
(502, '2022-11-08', 1),
(503, '2022-11-08', 1),
(504, '2022-11-08', 1),
(505, '2022-11-08', 1),
(506, '2022-11-08', 1),
(507, '2022-11-08', 1),
(508, '2022-11-08', 1),
(509, '2022-11-08', 1),
(510, '2022-11-08', 1),
(511, '2022-11-08', 1),
(512, '2022-11-08', 1),
(513, '2022-11-08', 1),
(514, '2022-11-08', 1),
(515, '2022-11-08', 1),
(516, '2022-11-08', 1),
(517, '2022-11-08', 1),
(518, '2022-11-08', 1),
(519, '2022-11-08', 1),
(520, '2022-11-08', 1),
(521, '2022-11-08', 1),
(522, '2022-11-08', 1),
(523, '2022-11-08', 1),
(524, '2022-11-08', 1),
(525, '2022-11-08', 1),
(526, '2022-11-08', 1),
(527, '2022-11-08', 1),
(528, '2022-11-08', 1),
(529, '2022-11-08', 1),
(530, '2022-11-08', 1),
(531, '2022-11-08', 1),
(532, '2022-11-08', 1),
(533, '2022-11-08', 1),
(534, '2022-11-08', 1),
(535, '2022-11-08', 1),
(536, '2022-11-08', 1),
(537, '2022-11-08', 1),
(538, '2022-11-08', 1),
(539, '2022-11-08', 1),
(540, '2022-11-08', 1),
(541, '2022-11-08', 1),
(542, '2022-11-08', 1),
(543, '2022-11-08', 1),
(544, '2022-11-08', 1),
(545, '2022-11-08', 1),
(546, '2022-11-08', 1),
(547, '2022-11-08', 1),
(548, '2022-11-08', 1),
(549, '2022-11-08', 1),
(550, '2022-11-08', 1),
(551, '2022-11-08', 1),
(552, '2022-11-08', 1),
(553, '2022-11-09', 1),
(554, '2022-11-09', 1),
(555, '2022-11-09', 1),
(556, '2022-11-09', 1),
(557, '2022-11-09', 1),
(558, '2022-11-09', 1),
(559, '2022-11-09', 1),
(560, '2022-11-09', 1),
(561, '2022-11-09', 1),
(562, '2022-11-09', 1),
(563, '2022-11-09', 1),
(564, '2022-11-09', 1),
(565, '2022-11-09', 1),
(566, '2022-11-09', 1),
(567, '2022-11-09', 1),
(568, '2022-11-09', 1),
(569, '2022-11-09', 1),
(570, '2022-11-09', 1),
(571, '2022-11-09', 1),
(572, '2022-11-09', 1),
(573, '2022-11-09', 1),
(574, '2022-11-09', 1),
(575, '2022-11-09', 1),
(576, '2022-11-09', 1),
(577, '2022-11-09', 1),
(578, '2022-11-09', 1),
(579, '2022-11-09', 1),
(580, '2022-11-09', 1),
(581, '2022-11-09', 1),
(582, '2022-11-09', 1),
(583, '2022-11-09', 1),
(584, '2022-11-09', 1),
(585, '2022-11-09', 1),
(586, '2022-11-09', 1),
(587, '2022-11-09', 1),
(588, '2022-11-09', 1),
(589, '2022-11-09', 1),
(590, '2022-11-09', 1),
(591, '2022-11-09', 1),
(592, '2022-11-09', 1),
(593, '2022-11-09', 1),
(594, '2022-11-09', 1),
(595, '2022-11-09', 1),
(596, '2022-11-09', 1),
(597, '2022-11-09', 1),
(598, '2022-11-09', 1),
(599, '2022-11-09', 1),
(600, '2022-11-09', 1),
(601, '2022-11-09', 1),
(602, '2022-11-09', 1),
(603, '2022-11-09', 1),
(604, '2022-11-09', 1),
(605, '2022-11-09', 1),
(606, '2022-11-09', 1),
(607, '2022-11-09', 1),
(608, '2022-11-09', 1),
(609, '2022-11-09', 1),
(610, '2022-11-10', 1),
(611, '2022-11-10', 1),
(612, '2022-11-10', 1),
(613, '2022-11-10', 1),
(614, '2022-11-10', 1),
(615, '2022-11-10', 1),
(616, '2022-11-10', 1),
(617, '2022-11-10', 1),
(618, '2022-11-10', 1),
(619, '2022-11-10', 1),
(620, '2022-11-10', 1),
(621, '2022-11-10', 1),
(622, '2022-11-10', 1),
(623, '2022-11-10', 1),
(624, '2022-11-10', 1),
(625, '2022-11-10', 1),
(626, '2022-11-10', 1),
(627, '2022-11-10', 1),
(628, '2022-11-10', 1),
(629, '2022-11-10', 1),
(630, '2022-11-10', 1),
(631, '2022-11-10', 1),
(632, '2022-11-10', 1),
(633, '2022-11-10', 1),
(634, '2022-11-10', 1),
(635, '2022-11-10', 1),
(636, '2022-11-10', 1),
(637, '2022-11-10', 1),
(638, '2022-11-10', 1),
(639, '2022-11-10', 1),
(640, '2022-11-10', 1),
(641, '2022-11-10', 1),
(642, '2022-11-10', 1),
(643, '2022-11-10', 1),
(644, '2022-11-10', 1),
(645, '2022-11-10', 1),
(646, '2022-11-10', 1),
(647, '2022-11-10', 1),
(648, '2022-11-10', 1),
(649, '2022-11-10', 1),
(650, '2022-11-10', 1),
(651, '2022-11-10', 1),
(652, '2022-11-10', 1),
(653, '2022-11-10', 1),
(654, '2022-11-10', 1),
(655, '2022-11-10', 1),
(656, '2022-11-10', 1),
(657, '2022-11-10', 1),
(658, '2022-11-10', 1),
(659, '2022-11-10', 1),
(660, '2022-11-10', 1),
(661, '2022-11-10', 1),
(662, '2022-11-10', 1),
(663, '2022-11-10', 1),
(664, '2022-11-10', 1),
(665, '2022-11-10', 1),
(666, '2022-11-10', 1),
(667, '2022-11-10', 1),
(668, '2022-11-10', 1),
(669, '2022-11-10', 1),
(670, '2022-11-10', 1),
(671, '2022-11-10', 1),
(672, '2022-11-10', 1),
(673, '2022-11-10', 1),
(674, '2022-11-10', 1),
(675, '2022-11-10', 1),
(676, '2022-11-10', 1),
(677, '2022-11-10', 1),
(678, '2022-11-10', 1),
(679, '2022-11-10', 1),
(680, '2022-11-10', 1),
(681, '2022-11-10', 1),
(682, '2022-11-10', 1),
(683, '2022-11-10', 1),
(684, '2022-11-10', 1),
(685, '2022-11-10', 1),
(686, '2022-11-10', 1),
(687, '2022-11-10', 1),
(688, '2022-11-10', 1),
(689, '2022-11-10', 1),
(690, '2022-11-10', 1),
(691, '2022-11-10', 1),
(692, '2022-11-10', 1),
(693, '2022-11-10', 1),
(694, '2022-11-10', 1),
(695, '2022-11-10', 1),
(696, '2022-11-10', 1),
(697, '2022-11-10', 1),
(698, '2022-11-10', 1),
(699, '2022-11-10', 1),
(700, '2022-11-10', 1),
(701, '2022-11-10', 1),
(702, '2022-11-10', 1),
(703, '2022-11-10', 1),
(704, '2022-11-10', 1),
(705, '2022-11-10', 1),
(706, '2022-11-10', 1),
(707, '2022-11-10', 1),
(708, '2022-11-10', 1),
(709, '2022-11-10', 1),
(710, '2022-11-10', 1),
(711, '2022-11-10', 1),
(712, '2022-11-10', 1),
(713, '2022-11-10', 1),
(714, '2022-11-10', 1),
(715, '2022-11-10', 1),
(716, '2022-11-10', 1),
(717, '2022-11-10', 1),
(718, '2022-11-10', 1),
(719, '2022-11-11', 1),
(720, '2022-11-11', 1),
(721, '2022-11-11', 1),
(722, '2022-11-11', 1),
(723, '2022-11-11', 1),
(724, '2022-11-11', 1),
(725, '2022-11-11', 1),
(726, '2022-11-11', 1),
(727, '2022-11-11', 1),
(728, '2022-11-11', 1),
(729, '2022-11-11', 1),
(730, '2022-11-11', 1),
(731, '2022-11-11', 1),
(732, '2022-11-11', 1),
(733, '2022-11-11', 1),
(734, '2022-11-11', 1),
(735, '2022-11-11', 1),
(736, '2022-11-11', 1),
(737, '2022-11-11', 1),
(738, '2022-11-11', 1),
(739, '2022-11-11', 1),
(740, '2022-11-11', 1),
(741, '2022-11-11', 1),
(742, '2022-11-11', 1),
(743, '2022-11-11', 1),
(744, '2022-11-11', 1),
(745, '2022-11-11', 1),
(746, '2022-11-11', 1),
(747, '2022-11-11', 1),
(748, '2022-11-11', 1),
(749, '2022-11-11', 1),
(750, '2022-11-11', 1),
(751, '2022-11-11', 1),
(752, '2022-11-11', 1),
(753, '2022-11-11', 1),
(754, '2022-11-11', 1),
(755, '2022-11-11', 1),
(756, '2022-11-11', 1),
(757, '2022-11-11', 1),
(758, '2022-11-11', 1),
(759, '2022-11-11', 1),
(760, '2022-11-11', 1),
(761, '2022-11-11', 1),
(762, '2022-11-11', 1),
(763, '2022-11-11', 1),
(764, '2022-11-11', 1),
(765, '2022-11-11', 1),
(766, '2022-11-11', 1),
(767, '2022-11-11', 1),
(768, '2022-11-11', 1),
(769, '2022-11-11', 1),
(770, '2022-11-11', 1),
(771, '2022-11-11', 1),
(772, '2022-11-11', 1),
(773, '2022-11-11', 1),
(774, '2022-11-11', 1),
(775, '2022-11-11', 1),
(776, '2022-11-11', 1),
(777, '2022-11-11', 1),
(778, '2022-11-11', 1),
(779, '2022-11-11', 1),
(780, '2022-11-11', 1),
(781, '2022-11-11', 1),
(782, '2022-11-11', 1),
(783, '2022-11-11', 1),
(784, '2022-11-11', 1),
(785, '2022-11-11', 1),
(786, '2022-11-11', 1),
(787, '2022-11-11', 1),
(788, '2022-11-11', 1),
(789, '2022-11-11', 1),
(790, '2022-11-11', 1),
(791, '2022-11-11', 1),
(792, '2022-11-11', 1),
(793, '2022-11-14', 1),
(794, '2022-11-14', 1),
(795, '2022-11-14', 1),
(796, '2022-11-14', 1),
(797, '2022-11-14', 1),
(798, '2022-11-14', 1),
(799, '2022-11-14', 1),
(800, '2022-11-14', 1),
(801, '2022-11-14', 1),
(802, '2022-11-14', 1),
(803, '2022-11-14', 1),
(804, '2022-11-14', 1),
(805, '2022-11-14', 1),
(806, '2022-11-14', 1),
(807, '2022-11-14', 1),
(808, '2022-11-14', 1),
(809, '2022-11-14', 1),
(810, '2022-11-14', 1),
(811, '2022-11-14', 1),
(812, '2022-11-14', 1),
(813, '2022-11-14', 1),
(814, '2022-11-14', 1),
(815, '2022-11-14', 1),
(816, '2022-11-14', 1),
(817, '2022-11-14', 1),
(818, '2022-11-14', 1),
(819, '2022-11-14', 1),
(820, '2022-11-14', 1),
(821, '2022-11-14', 1),
(822, '2022-11-14', 1),
(823, '2022-11-14', 1),
(824, '2022-11-14', 1),
(825, '2022-11-14', 1),
(826, '2022-11-14', 1),
(827, '2022-11-14', 1),
(828, '2022-11-14', 1),
(829, '2022-11-14', 1),
(830, '2022-11-14', 1),
(831, '2022-11-14', 1),
(832, '2022-11-14', 1),
(833, '2022-11-14', 1),
(834, '2022-11-14', 1),
(835, '2022-11-14', 1),
(836, '2022-11-14', 1),
(837, '2022-11-14', 1),
(838, '2022-11-14', 1),
(839, '2022-11-14', 1),
(840, '2022-11-14', 1),
(841, '2022-11-14', 1),
(842, '2022-11-14', 1),
(843, '2022-11-14', 1),
(844, '2022-11-14', 1),
(845, '2022-11-14', 1),
(846, '2022-11-14', 1),
(847, '2022-11-14', 1),
(848, '2022-11-14', 1),
(849, '2022-11-14', 1),
(850, '2022-11-14', 1),
(851, '2022-11-14', 1),
(852, '2022-11-14', 1),
(853, '2022-11-14', 1),
(854, '2022-11-14', 1),
(855, '2022-11-14', 1),
(856, '2022-11-14', 1),
(857, '2022-11-14', 1),
(858, '2022-11-14', 1),
(859, '2022-11-14', 1),
(860, '2022-11-14', 1),
(861, '2022-11-14', 1),
(862, '2022-11-14', 1),
(863, '2022-11-14', 1),
(864, '2022-11-14', 1),
(865, '2022-11-14', 1),
(866, '2022-11-14', 1),
(867, '2022-11-14', 1),
(868, '2022-11-14', 1),
(869, '2022-11-14', 1),
(870, '2022-11-14', 1),
(871, '2022-11-14', 1),
(872, '2022-11-14', 1),
(873, '2022-11-14', 1),
(874, '2022-11-14', 1),
(875, '2022-11-14', 1),
(876, '2022-11-14', 1),
(877, '2022-11-14', 1),
(878, '2022-11-14', 1),
(879, '2022-11-14', 1),
(880, '2022-11-14', 1),
(881, '2022-11-14', 1),
(882, '2022-11-14', 1),
(883, '2022-11-14', 1),
(884, '2022-11-14', 1),
(885, '2022-11-14', 1),
(886, '2022-11-14', 1),
(887, '2022-11-14', 1),
(888, '2022-11-14', 1),
(889, '2022-11-14', 1),
(890, '2022-11-14', 1),
(891, '2022-11-14', 1),
(892, '2022-11-14', 1),
(893, '2022-11-14', 1),
(894, '2022-11-14', 1),
(895, '2022-11-14', 1),
(896, '2022-11-14', 1),
(897, '2022-11-14', 1),
(898, '2022-11-14', 1),
(899, '2022-11-14', 1),
(900, '2022-11-14', 1),
(901, '2022-11-14', 1),
(902, '2022-11-14', 1),
(903, '2022-11-14', 1),
(904, '2022-11-14', 1),
(905, '2022-11-14', 1),
(906, '2022-11-14', 1),
(907, '2022-11-14', 1),
(908, '2022-11-14', 1),
(909, '2022-11-14', 1),
(910, '2022-11-14', 1),
(911, '2022-11-14', 1),
(912, '2022-11-14', 1),
(913, '2022-11-14', 1),
(914, '2022-11-14', 1),
(915, '2022-11-14', 1),
(916, '2022-11-15', 1),
(917, '2022-11-15', 1),
(918, '2022-11-15', 1),
(919, '2022-11-15', 1),
(920, '2022-11-15', 1),
(921, '2022-11-15', 1),
(922, '2022-11-15', 1),
(923, '2022-11-15', 1),
(924, '2022-11-15', 1),
(925, '2022-11-15', 1),
(926, '2022-11-15', 1),
(927, '2022-11-15', 1),
(928, '2022-11-15', 1),
(929, '2022-11-15', 1),
(930, '2022-11-15', 1),
(931, '2022-11-15', 1),
(932, '2022-11-15', 1),
(933, '2022-11-15', 1),
(934, '2022-11-15', 1),
(935, '2022-11-15', 1),
(936, '2022-11-15', 1),
(937, '2022-11-15', 1),
(938, '2022-11-15', 1),
(939, '2022-11-15', 1),
(940, '2022-11-15', 1),
(941, '2022-11-15', 1),
(942, '2022-11-15', 1),
(943, '2022-11-15', 1),
(944, '2022-11-15', 1),
(945, '2022-11-15', 1),
(946, '2022-11-15', 1),
(947, '2022-11-15', 1),
(948, '2022-11-15', 1),
(949, '2022-11-15', 1),
(950, '2022-11-15', 1),
(951, '2022-11-15', 1),
(952, '2022-11-16', 1),
(953, '2022-11-16', 1),
(954, '2022-11-16', 1),
(955, '2022-11-16', 1),
(956, '2022-11-16', 1),
(957, '2022-11-16', 1),
(958, '2022-11-16', 1),
(959, '2022-11-16', 1),
(960, '2022-11-16', 1),
(961, '2022-11-16', 1),
(962, '2022-11-16', 1),
(963, '2022-11-16', 1),
(964, '2022-11-16', 1),
(965, '2022-11-16', 1),
(966, '2022-11-16', 1),
(967, '2022-11-16', 1),
(968, '2022-11-16', 1),
(969, '2022-11-16', 1),
(970, '2022-11-16', 1),
(971, '2022-11-16', 1),
(972, '2022-11-16', 1),
(973, '2022-11-16', 1),
(974, '2022-11-16', 1),
(975, '2022-11-16', 1),
(976, '2022-11-16', 1),
(977, '2022-11-16', 1),
(978, '2022-11-16', 1),
(979, '2022-11-16', 1),
(980, '2022-11-16', 1),
(981, '2022-11-16', 1),
(982, '2022-11-16', 1),
(983, '2022-11-16', 1),
(984, '2022-11-16', 1),
(985, '2022-11-16', 1),
(986, '2022-11-16', 1),
(987, '2022-11-16', 1),
(988, '2022-11-16', 1),
(989, '2022-11-16', 1),
(990, '2022-11-16', 1),
(991, '2022-11-16', 1),
(992, '2022-11-16', 1),
(993, '2022-11-16', 1),
(994, '2022-11-16', 1),
(995, '2022-11-16', 1),
(996, '2022-11-16', 1),
(997, '2022-11-16', 1),
(998, '2022-11-16', 1),
(999, '2022-11-16', 1),
(1000, '2022-11-16', 1),
(1001, '2022-11-16', 1),
(1002, '2022-11-16', 1),
(1003, '2022-11-16', 1),
(1004, '2022-11-16', 1),
(1005, '2022-11-16', 1),
(1006, '2022-11-16', 1),
(1007, '2022-11-16', 1),
(1008, '2022-11-16', 1),
(1009, '2022-11-16', 1),
(1010, '2022-11-16', 1),
(1011, '2022-11-16', 1),
(1012, '2022-11-16', 1),
(1013, '2022-11-16', 1),
(1014, '2022-11-16', 1),
(1015, '2022-11-16', 1),
(1016, '2022-11-16', 1),
(1017, '2022-11-16', 1),
(1018, '2022-11-16', 1),
(1019, '2022-11-16', 1),
(1020, '2022-11-16', 1),
(1021, '2022-11-16', 1),
(1022, '2022-11-16', 1),
(1023, '2022-11-16', 1),
(1024, '2022-11-16', 1),
(1025, '2022-11-16', 1),
(1026, '2022-11-16', 1),
(1027, '2022-11-16', 1),
(1028, '2022-11-16', 1),
(1029, '2022-11-16', 1),
(1030, '2022-11-16', 1),
(1031, '2022-11-16', 1),
(1032, '2022-11-16', 1),
(1033, '2022-11-16', 1),
(1034, '2022-11-16', 1),
(1035, '2022-11-16', 1),
(1036, '2022-11-16', 1),
(1037, '2022-11-16', 1),
(1038, '2022-11-16', 1),
(1039, '2022-11-16', 1),
(1040, '2022-11-16', 1),
(1041, '2022-11-16', 1),
(1042, '2022-11-16', 1),
(1043, '2022-11-16', 1),
(1044, '2022-11-16', 1),
(1045, '2022-11-16', 1),
(1046, '2022-11-16', 1),
(1047, '2022-11-16', 1),
(1048, '2022-11-16', 1),
(1049, '2022-11-16', 1),
(1050, '2022-11-16', 1),
(1051, '2022-11-16', 1),
(1052, '2022-11-16', 1),
(1053, '2022-11-16', 1),
(1054, '2022-11-16', 1),
(1055, '2022-11-16', 1),
(1056, '2022-11-16', 1),
(1057, '2022-11-16', 1),
(1058, '2022-11-16', 1),
(1059, '2022-11-16', 1),
(1060, '2022-11-16', 1),
(1061, '2022-11-16', 1),
(1062, '2022-11-16', 1),
(1063, '2022-11-16', 1),
(1064, '2022-11-16', 1),
(1065, '2022-11-16', 1),
(1066, '2022-11-16', 1),
(1067, '2022-11-16', 1),
(1068, '2022-11-16', 1),
(1069, '2022-11-16', 1),
(1070, '2022-11-16', 1),
(1071, '2022-11-16', 1),
(1072, '2022-11-16', 1),
(1073, '2022-11-16', 1),
(1074, '2022-11-16', 1),
(1075, '2022-11-16', 1),
(1076, '2022-11-16', 1),
(1077, '2022-11-16', 1),
(1078, '2022-11-16', 1),
(1079, '2022-11-16', 1),
(1080, '2022-11-16', 1),
(1081, '2022-11-16', 1),
(1082, '2022-11-16', 1),
(1083, '2022-11-16', 1),
(1084, '2022-11-16', 1),
(1085, '2022-11-16', 1),
(1086, '2022-11-16', 1),
(1087, '2022-11-16', 1),
(1088, '2022-11-16', 1),
(1089, '2022-11-16', 1),
(1090, '2022-11-16', 1),
(1091, '2022-11-16', 1),
(1092, '2022-11-16', 1),
(1093, '2022-11-16', 1),
(1094, '2022-11-16', 1),
(1095, '2022-11-16', 1),
(1096, '2022-11-16', 1),
(1097, '2022-11-16', 1),
(1098, '2022-11-16', 1),
(1099, '2022-11-16', 1),
(1100, '2022-11-16', 1),
(1101, '2022-11-16', 1),
(1102, '2022-11-16', 1),
(1103, '2022-11-16', 1),
(1104, '2022-11-16', 1),
(1105, '2022-11-16', 1),
(1106, '2022-11-16', 1),
(1107, '2022-11-16', 1),
(1108, '2022-11-16', 1),
(1109, '2022-11-16', 1),
(1110, '2022-11-16', 1),
(1111, '2022-11-16', 1),
(1112, '2022-11-16', 1),
(1113, '2022-11-16', 1),
(1114, '2022-11-16', 1),
(1115, '2022-11-16', 1),
(1116, '2022-11-16', 1),
(1117, '2022-11-16', 1),
(1118, '2022-11-16', 1),
(1119, '2022-11-16', 1),
(1120, '2022-11-16', 1),
(1121, '2022-11-16', 1),
(1122, '2022-11-16', 1),
(1123, '2022-11-16', 1),
(1124, '2022-11-16', 1),
(1125, '2022-11-16', 1),
(1126, '2022-11-16', 1),
(1127, '2022-11-16', 1),
(1128, '2022-11-16', 1),
(1129, '2022-11-16', 1),
(1130, '2022-11-16', 1),
(1131, '2022-11-16', 1),
(1132, '2022-11-16', 1),
(1133, '2022-11-16', 1),
(1134, '2022-11-16', 1),
(1135, '2022-11-16', 1),
(1136, '2022-11-16', 1),
(1137, '2022-11-16', 1),
(1138, '2022-11-16', 1),
(1139, '2022-11-16', 1),
(1140, '2022-11-16', 1),
(1141, '2022-11-16', 1),
(1142, '2022-11-16', 1),
(1143, '2022-11-16', 1),
(1144, '2022-11-16', 1),
(1145, '2022-11-16', 1),
(1146, '2022-11-17', 1),
(1147, '2022-11-17', 1),
(1148, '2022-11-17', 1),
(1149, '2022-11-17', 1),
(1150, '2022-11-17', 1),
(1151, '2022-11-17', 1),
(1152, '2022-11-17', 1),
(1153, '2022-11-17', 1),
(1154, '2022-11-17', 1),
(1155, '2022-11-17', 1),
(1156, '2022-11-17', 1),
(1157, '2022-11-17', 1),
(1158, '2022-11-17', 1),
(1159, '2022-11-17', 1),
(1160, '2022-11-17', 1),
(1161, '2022-11-17', 1),
(1162, '2022-11-17', 1),
(1163, '2022-11-17', 1),
(1164, '2022-11-17', 1),
(1165, '2022-11-17', 1),
(1166, '2022-11-17', 1),
(1167, '2022-11-17', 1),
(1168, '2022-11-17', 1),
(1169, '2022-11-17', 1),
(1170, '2022-11-17', 1),
(1171, '2022-11-17', 1),
(1172, '2022-11-17', 1),
(1173, '2022-11-17', 1),
(1174, '2022-11-17', 1),
(1175, '2022-11-17', 1),
(1176, '2022-11-17', 1),
(1177, '2022-11-17', 1),
(1178, '2022-11-17', 1),
(1179, '2022-11-17', 1),
(1180, '2022-11-17', 1),
(1181, '2022-11-17', 1),
(1182, '2022-11-17', 1),
(1183, '2022-11-17', 1),
(1184, '2022-11-17', 1),
(1185, '2022-11-17', 1),
(1186, '2022-11-17', 1),
(1187, '2022-11-17', 1),
(1188, '2022-11-17', 1),
(1189, '2022-11-17', 1),
(1190, '2022-11-17', 1),
(1191, '2022-11-17', 1),
(1192, '2022-11-17', 1),
(1193, '2022-11-17', 1),
(1194, '2022-11-17', 1),
(1195, '2022-11-17', 1),
(1196, '2022-11-17', 1),
(1197, '2022-11-17', 1),
(1198, '2022-11-17', 1),
(1199, '2022-11-17', 1),
(1200, '2022-11-17', 1),
(1201, '2022-11-17', 1),
(1202, '2022-11-17', 1),
(1203, '2022-11-17', 1),
(1204, '2022-11-17', 1),
(1205, '2022-11-17', 1),
(1206, '2022-11-17', 1),
(1207, '2022-11-17', 1),
(1208, '2022-11-17', 1),
(1209, '2022-11-17', 1),
(1210, '2022-11-17', 1),
(1211, '2022-11-17', 1),
(1212, '2022-11-17', 1),
(1213, '2022-11-17', 1),
(1214, '2022-11-17', 1),
(1215, '2022-11-17', 1),
(1216, '2022-11-17', 1),
(1217, '2022-11-17', 1),
(1218, '2022-11-17', 1),
(1219, '2022-11-17', 1),
(1220, '2022-11-17', 1),
(1221, '2022-11-17', 1),
(1222, '2022-11-17', 1),
(1223, '2022-11-17', 1),
(1224, '2022-11-17', 1),
(1225, '2022-11-17', 1),
(1226, '2022-11-17', 1),
(1227, '2022-11-17', 1),
(1228, '2022-11-17', 1),
(1229, '2022-11-17', 1),
(1230, '2022-11-17', 1),
(1231, '2022-11-17', 1),
(1232, '2022-11-17', 1),
(1233, '2022-11-17', 1),
(1234, '2022-11-17', 1),
(1235, '2022-11-17', 1),
(1236, '2022-11-17', 1),
(1237, '2022-11-17', 1),
(1238, '2022-11-17', 1),
(1239, '2022-11-17', 1),
(1240, '2022-11-17', 1),
(1241, '2022-11-17', 1),
(1242, '2022-11-17', 1),
(1243, '2022-11-17', 1),
(1244, '2022-11-17', 1),
(1245, '2022-11-17', 1),
(1246, '2022-11-17', 1),
(1247, '2022-11-17', 1),
(1248, '2022-11-17', 1),
(1249, '2022-11-17', 1),
(1250, '2022-11-17', 1),
(1251, '2022-11-17', 1),
(1252, '2022-11-17', 1),
(1253, '2022-11-17', 1),
(1254, '2022-11-17', 1),
(1255, '2022-11-17', 1),
(1256, '2022-11-17', 1),
(1257, '2022-11-17', 1),
(1258, '2022-11-17', 1),
(1259, '2022-11-17', 1),
(1260, '2022-11-17', 1),
(1261, '2022-11-17', 1),
(1262, '2022-11-17', 1),
(1263, '2022-11-17', 1),
(1264, '2022-11-17', 1),
(1265, '2022-11-17', 1),
(1266, '2022-11-17', 1),
(1267, '2022-11-17', 1),
(1268, '2022-11-17', 1),
(1269, '2022-11-17', 1),
(1270, '2022-11-17', 1),
(1271, '2022-11-17', 1),
(1272, '2022-11-17', 1),
(1273, '2022-11-17', 1),
(1274, '2022-11-17', 1),
(1275, '2022-11-17', 1),
(1276, '2022-11-17', 1),
(1277, '2022-11-17', 1),
(1278, '2022-11-17', 1),
(1279, '2022-11-17', 1),
(1280, '2022-11-17', 1),
(1281, '2022-11-17', 1),
(1282, '2022-11-18', 1),
(1283, '2022-11-18', 1),
(1284, '2022-11-18', 1),
(1285, '2022-11-18', 1),
(1286, '2022-11-18', 1),
(1287, '2022-11-18', 1),
(1288, '2022-11-18', 1),
(1289, '2022-11-18', 1),
(1290, '2022-11-18', 1),
(1291, '2022-11-18', 1),
(1292, '2022-11-18', 1),
(1293, '2022-11-18', 1),
(1294, '2022-11-18', 1),
(1295, '2022-11-18', 1),
(1296, '2022-11-18', 1),
(1297, '2022-11-18', 1),
(1298, '2022-11-18', 1),
(1299, '2022-11-18', 1),
(1300, '2022-11-18', 1),
(1301, '2022-11-18', 1),
(1302, '2022-11-18', 1),
(1303, '2022-11-18', 1),
(1304, '2022-11-18', 1),
(1305, '2022-11-18', 1),
(1306, '2022-11-18', 1),
(1307, '2022-11-18', 1),
(1308, '2022-11-18', 1),
(1309, '2022-11-18', 1),
(1310, '2022-11-18', 1),
(1311, '2022-11-18', 1),
(1312, '2022-11-18', 1),
(1313, '2022-11-18', 1),
(1314, '2022-11-18', 1),
(1315, '2022-11-18', 1),
(1316, '2022-11-18', 1),
(1317, '2022-11-18', 1),
(1318, '2022-11-18', 1),
(1319, '2022-11-18', 1),
(1320, '2022-11-18', 1),
(1321, '2022-11-18', 1),
(1322, '2022-11-18', 1),
(1323, '2022-11-18', 1),
(1324, '2022-11-18', 1),
(1325, '2022-11-18', 1),
(1326, '2022-11-18', 1),
(1327, '2022-11-18', 1),
(1328, '2022-11-18', 1),
(1329, '2022-11-18', 1),
(1330, '2022-11-18', 1),
(1331, '2022-11-18', 1),
(1332, '2022-11-18', 1),
(1333, '2022-11-18', 1),
(1334, '2022-11-18', 1),
(1335, '2022-11-21', 1),
(1336, '2022-11-21', 1),
(1337, '2022-11-21', 1),
(1338, '2022-11-21', 1),
(1339, '2022-11-21', 1),
(1340, '2022-11-21', 1),
(1341, '2022-11-21', 1),
(1342, '2022-11-21', 1),
(1343, '2022-11-21', 1),
(1344, '2022-11-21', 1),
(1345, '2022-11-21', 1),
(1346, '2022-11-21', 1),
(1347, '2022-11-21', 1),
(1348, '2022-11-21', 1),
(1349, '2022-11-21', 1),
(1350, '2022-11-21', 1),
(1351, '2022-11-21', 1),
(1352, '2022-11-21', 1),
(1353, '2022-11-21', 1),
(1354, '2022-11-21', 1),
(1355, '2022-11-21', 1),
(1356, '2022-11-21', 1),
(1357, '2022-11-21', 1),
(1358, '2022-11-21', 1),
(1359, '2022-11-21', 1),
(1360, '2022-11-21', 1),
(1361, '2022-11-21', 1),
(1362, '2022-11-21', 1),
(1363, '2022-11-21', 1),
(1364, '2022-11-21', 1),
(1365, '2022-11-21', 1),
(1366, '2022-11-21', 1),
(1367, '2022-11-21', 1),
(1368, '2022-11-21', 1),
(1369, '2022-11-21', 1),
(1370, '2022-11-21', 1),
(1371, '2022-11-21', 1),
(1372, '2022-11-21', 1),
(1373, '2022-11-21', 1),
(1374, '2022-11-21', 1),
(1375, '2022-11-21', 1),
(1376, '2022-11-21', 1),
(1377, '2022-11-21', 1),
(1378, '2022-11-21', 1),
(1379, '2022-11-21', 1),
(1380, '2022-11-21', 1),
(1381, '2022-11-21', 1),
(1382, '2022-11-21', 1),
(1383, '2022-11-21', 1),
(1384, '2022-11-21', 1),
(1385, '2022-11-21', 1),
(1386, '2022-11-21', 1),
(1387, '2022-11-21', 1),
(1388, '2022-11-21', 1),
(1389, '2022-11-21', 1),
(1390, '2022-11-21', 1),
(1391, '2022-11-21', 1),
(1392, '2022-11-21', 1),
(1393, '2022-11-21', 1),
(1394, '2022-11-21', 1),
(1395, '2022-11-21', 1),
(1396, '2022-11-21', 1),
(1397, '2022-11-21', 1),
(1398, '2022-11-21', 1),
(1399, '2022-11-21', 1),
(1400, '2022-11-21', 1),
(1401, '2022-11-21', 1),
(1402, '2022-11-21', 1),
(1403, '2022-11-21', 1),
(1404, '2022-11-21', 1),
(1405, '2022-11-21', 1),
(1406, '2022-11-21', 1),
(1407, '2022-11-21', 1),
(1408, '2022-11-21', 1),
(1409, '2022-11-21', 1),
(1410, '2022-11-21', 1),
(1411, '2022-11-21', 1),
(1412, '2022-11-21', 1),
(1413, '2022-11-21', 1),
(1414, '2022-11-21', 1),
(1415, '2022-11-21', 1),
(1416, '2022-11-21', 1),
(1417, '2022-11-21', 1),
(1418, '2022-11-21', 1),
(1419, '2022-11-21', 1),
(1420, '2022-11-21', 1),
(1421, '2022-11-21', 1),
(1422, '2022-11-21', 1),
(1423, '2022-11-21', 1),
(1424, '2022-11-21', 1),
(1425, '2022-11-21', 1),
(1426, '2022-11-21', 1),
(1427, '2023-01-10', 1),
(1428, '2023-01-10', 1),
(1429, '2023-01-10', 1),
(1430, '2023-01-10', 1),
(1431, '2023-01-10', 1),
(1432, '2023-01-10', 1),
(1433, '2023-01-10', 1),
(1434, '2023-01-10', 1),
(1435, '2023-01-10', 1),
(1436, '2023-01-10', 1),
(1437, '2023-01-10', 1),
(1438, '2023-01-10', 1),
(1439, '2023-01-10', 1),
(1440, '2023-01-10', 1),
(1441, '2023-01-10', 1),
(1442, '2023-01-10', 1),
(1443, '2023-01-10', 1),
(1444, '2023-01-10', 1),
(1445, '2023-01-10', 1),
(1446, '2023-01-10', 1),
(1447, '2023-01-10', 1),
(1448, '2023-01-10', 1),
(1449, '2023-01-10', 1),
(1450, '2023-01-10', 1),
(1451, '2023-01-10', 1),
(1452, '2023-01-10', 1),
(1453, '2023-01-10', 1),
(1454, '2023-01-10', 1),
(1455, '2023-01-10', 1),
(1456, '2023-01-10', 1),
(1457, '2023-01-10', 1),
(1458, '2023-01-10', 1),
(1459, '2023-01-10', 1),
(1460, '2023-01-10', 1),
(1461, '2023-01-10', 1),
(1462, '2023-01-10', 1),
(1463, '2023-01-10', 1),
(1464, '2023-01-10', 1),
(1465, '2023-01-10', 1),
(1466, '2023-01-10', 1),
(1467, '2023-01-10', 1),
(1468, '2023-01-10', 1),
(1469, '2023-01-10', 1),
(1470, '2023-01-10', 1),
(1471, '2023-01-10', 1),
(1472, '2023-01-10', 1),
(1473, '2023-01-10', 1),
(1474, '2023-01-10', 1),
(1475, '2023-01-10', 1),
(1476, '2023-01-10', 1),
(1477, '2023-01-10', 1),
(1478, '2023-01-10', 1),
(1479, '2023-01-10', 1),
(1480, '2023-01-10', 1),
(1481, '2023-01-10', 1),
(1482, '2023-01-10', 1),
(1483, '2023-01-10', 1),
(1484, '2023-01-10', 1),
(1485, '2023-01-10', 1),
(1486, '2023-01-10', 1),
(1487, '2023-01-10', 1),
(1488, '2023-01-10', 1),
(1489, '2023-01-10', 1),
(1490, '2023-01-10', 1),
(1491, '2023-01-10', 1),
(1492, '2023-01-10', 1),
(1493, '2023-01-10', 1),
(1494, '2023-01-10', 1),
(1495, '2023-01-10', 1),
(1496, '2023-01-10', 1),
(1497, '2023-01-10', 1),
(1498, '2023-01-10', 1),
(1499, '2023-01-10', 1),
(1500, '2023-01-10', 1),
(1501, '2023-01-10', 1),
(1502, '2023-01-10', 1),
(1503, '2023-01-10', 1),
(1504, '2023-01-10', 1),
(1505, '2023-01-10', 1),
(1506, '2023-01-10', 1),
(1507, '2023-01-10', 1),
(1508, '2023-01-10', 1),
(1509, '2023-01-10', 1),
(1510, '2023-01-10', 1),
(1511, '2023-01-10', 1),
(1512, '2023-01-10', 1),
(1513, '2023-01-10', 1),
(1514, '2023-01-10', 1),
(1515, '2023-01-10', 1),
(1516, '2023-01-10', 1),
(1517, '2023-01-10', 1),
(1518, '2023-01-10', 1),
(1519, '2023-01-11', 1),
(1520, '2023-01-11', 1),
(1521, '2023-01-11', 1),
(1522, '2023-01-11', 1),
(1523, '2023-01-11', 1),
(1524, '2023-01-11', 1),
(1525, '2023-01-11', 1),
(1526, '2023-01-11', 1),
(1527, '2023-01-11', 1),
(1528, '2023-01-11', 1),
(1529, '2023-01-11', 1),
(1530, '2023-01-11', 1),
(1531, '2023-01-11', 1),
(1532, '2023-01-11', 1),
(1533, '2023-01-11', 1),
(1534, '2023-01-11', 1),
(1535, '2023-01-11', 1),
(1536, '2023-01-11', 1),
(1537, '2023-01-11', 1),
(1538, '2023-01-11', 1),
(1539, '2023-01-11', 1),
(1540, '2023-01-11', 1),
(1541, '2023-01-11', 1),
(1542, '2023-01-11', 1),
(1543, '2023-01-11', 1),
(1544, '2023-01-11', 1),
(1545, '2023-01-11', 1),
(1546, '2023-01-11', 1),
(1547, '2023-01-11', 1),
(1548, '2023-01-11', 1),
(1549, '2023-01-11', 1),
(1550, '2023-01-11', 1),
(1551, '2023-01-11', 1),
(1552, '2023-01-11', 1),
(1553, '2023-01-11', 1),
(1554, '2023-01-11', 1),
(1555, '2023-01-11', 1),
(1556, '2023-01-11', 1),
(1557, '2023-01-11', 1),
(1558, '2023-01-11', 1),
(1559, '2023-01-11', 1),
(1560, '2023-01-11', 1),
(1561, '2023-01-11', 1),
(1562, '2023-01-11', 1),
(1563, '2023-01-11', 1),
(1564, '2023-01-11', 1),
(1565, '2023-01-11', 1),
(1566, '2023-01-11', 1),
(1567, '2023-01-11', 1),
(1568, '2023-01-11', 1),
(1569, '2023-01-11', 1),
(1570, '2023-01-11', 1),
(1571, '2023-01-11', 1),
(1572, '2023-01-11', 1),
(1573, '2023-01-11', 1),
(1574, '2023-01-11', 1),
(1575, '2023-01-11', 1),
(1576, '2023-01-11', 1),
(1577, '2023-01-11', 1),
(1578, '2023-01-11', 1),
(1579, '2023-01-11', 1),
(1580, '2023-01-11', 1),
(1581, '2023-01-11', 1),
(1582, '2023-01-11', 1),
(1583, '2023-01-11', 1),
(1584, '2023-01-11', 1),
(1585, '2023-01-11', 1),
(1586, '2023-01-11', 1),
(1587, '2023-01-11', 1),
(1588, '2023-01-11', 1),
(1589, '2023-01-11', 1),
(1590, '2023-01-11', 1),
(1591, '2023-01-11', 1),
(1592, '2023-01-11', 1),
(1593, '2023-01-11', 1),
(1594, '2023-01-11', 1),
(1595, '2023-01-11', 1),
(1596, '2023-01-11', 1),
(1597, '2023-01-11', 1),
(1598, '2023-01-11', 1),
(1599, '2023-01-11', 1),
(1600, '2023-01-11', 1),
(1601, '2023-01-11', 1),
(1602, '2023-01-11', 1),
(1603, '2023-01-11', 1),
(1604, '2023-01-11', 1),
(1605, '2023-01-11', 1),
(1606, '2023-01-11', 1),
(1607, '2023-01-11', 1),
(1608, '2023-01-11', 1),
(1609, '2023-01-11', 1),
(1610, '2023-01-11', 1),
(1611, '2023-01-11', 1),
(1612, '2023-01-11', 1),
(1613, '2023-01-11', 1),
(1614, '2023-01-11', 1),
(1615, '2023-01-11', 1),
(1616, '2023-01-11', 1),
(1617, '2023-01-11', 1),
(1618, '2023-01-11', 1),
(1619, '2023-01-11', 1),
(1620, '2023-01-11', 1),
(1621, '2023-01-11', 1),
(1622, '2023-01-11', 1),
(1623, '2023-01-11', 1),
(1624, '2023-01-11', 1),
(1625, '2023-01-11', 1),
(1626, '2023-01-11', 1),
(1627, '2023-01-11', 1),
(1628, '2023-01-11', 1),
(1629, '2023-01-11', 1),
(1630, '2023-01-11', 1),
(1631, '2023-01-11', 1),
(1632, '2023-01-11', 1),
(1633, '2023-01-11', 1),
(1634, '2023-01-11', 1),
(1635, '2023-01-11', 1),
(1636, '2023-01-11', 1),
(1637, '2023-01-11', 1),
(1638, '2023-01-11', 1),
(1639, '2023-01-11', 1),
(1640, '2023-01-11', 1),
(1641, '2023-01-11', 1),
(1642, '2023-01-11', 1),
(1643, '2023-01-11', 1),
(1644, '2023-01-11', 1),
(1645, '2023-01-11', 1),
(1646, '2023-01-11', 1),
(1647, '2023-01-11', 1),
(1648, '2023-01-11', 1),
(1649, '2023-01-11', 1),
(1650, '2023-01-11', 1),
(1651, '2023-01-11', 1),
(1652, '2023-01-11', 1),
(1653, '2023-01-11', 1),
(1654, '2023-01-11', 1),
(1655, '2023-01-11', 1),
(1656, '2023-01-11', 1),
(1657, '2023-01-11', 1),
(1658, '2023-01-11', 1),
(1659, '2023-01-11', 1),
(1660, '2023-01-11', 1),
(1661, '2023-01-11', 1),
(1662, '2023-01-11', 1),
(1663, '2023-01-11', 1),
(1664, '2023-01-11', 1),
(1665, '2023-01-11', 1),
(1666, '2023-01-11', 1),
(1667, '2023-01-11', 1),
(1668, '2023-01-11', 1),
(1669, '2023-01-11', 1),
(1670, '2023-01-11', 1),
(1671, '2023-01-11', 1),
(1672, '2023-01-11', 1),
(1673, '2023-01-11', 1),
(1674, '2023-01-11', 1),
(1675, '2023-01-11', 1),
(1676, '2023-01-11', 1),
(1677, '2023-01-11', 1),
(1678, '2023-01-11', 1),
(1679, '2023-01-11', 1),
(1680, '2023-01-11', 1),
(1681, '2023-01-11', 1),
(1682, '2023-01-11', 1),
(1683, '2023-01-12', 1),
(1684, '2023-01-12', 1),
(1685, '2023-01-12', 1),
(1686, '2023-01-12', 1),
(1687, '2023-01-12', 1),
(1688, '2023-01-12', 1),
(1689, '2023-01-12', 1),
(1690, '2023-01-12', 1),
(1691, '2023-01-12', 1),
(1692, '2023-01-12', 1),
(1693, '2023-01-12', 1),
(1694, '2023-01-12', 1),
(1695, '2023-01-12', 1),
(1696, '2023-01-12', 1),
(1697, '2023-01-12', 1),
(1698, '2023-01-12', 1),
(1699, '2023-01-12', 1),
(1700, '2023-01-12', 1),
(1701, '2023-01-12', 1),
(1702, '2023-01-12', 1),
(1703, '2023-01-12', 1),
(1704, '2023-01-12', 1),
(1705, '2023-01-12', 1),
(1706, '2023-01-12', 1),
(1707, '2023-01-12', 1),
(1708, '2023-01-12', 1),
(1709, '2023-01-12', 1),
(1710, '2023-01-12', 1),
(1711, '2023-01-12', 1),
(1712, '2023-01-12', 1),
(1713, '2023-01-12', 1),
(1714, '2023-01-12', 1),
(1715, '2023-01-12', 1),
(1716, '2023-01-12', 1),
(1717, '2023-01-12', 1),
(1718, '2023-01-12', 1),
(1719, '2023-01-12', 1),
(1720, '2023-01-12', 1),
(1721, '2023-01-12', 1),
(1722, '2023-01-12', 1),
(1723, '2023-01-12', 1),
(1724, '2023-01-12', 1),
(1725, '2023-01-16', 1),
(1726, '2023-01-16', 1),
(1727, '2023-01-16', 1),
(1728, '2023-01-16', 1),
(1729, '2023-01-16', 1),
(1730, '2023-01-16', 1),
(1731, '2023-01-16', 1),
(1732, '2023-01-16', 1),
(1733, '2023-01-16', 1),
(1734, '2023-01-16', 1),
(1735, '2023-01-16', 1),
(1736, '2023-01-16', 1),
(1737, '2023-01-16', 1),
(1738, '2023-01-16', 1),
(1739, '2023-01-16', 1),
(1740, '2023-01-16', 1),
(1741, '2023-01-16', 1),
(1742, '2023-01-16', 1),
(1743, '2023-01-16', 1),
(1744, '2023-01-16', 1),
(1745, '2023-01-16', 1),
(1746, '2023-01-16', 1),
(1747, '2023-01-16', 1),
(1748, '2023-01-16', 1),
(1749, '2023-01-16', 1),
(1750, '2023-01-16', 1),
(1751, '2023-01-17', 1),
(1752, '2023-01-17', 1),
(1753, '2023-01-17', 1),
(1754, '2023-01-17', 1),
(1755, '2023-01-17', 1),
(1756, '2023-01-17', 1),
(1757, '2023-01-17', 1),
(1758, '2023-01-17', 1),
(1759, '2023-01-17', 1),
(1760, '2023-01-17', 1),
(1761, '2023-01-17', 1),
(1762, '2023-01-17', 1),
(1763, '2023-01-17', 1),
(1764, '2023-01-17', 1),
(1765, '2023-01-17', 1),
(1766, '2023-01-17', 1),
(1767, '2023-01-17', 1),
(1768, '2023-01-17', 1),
(1769, '2023-01-17', 1),
(1770, '2023-01-17', 1),
(1771, '2023-01-17', 1),
(1772, '2023-01-17', 1),
(1773, '2023-01-17', 1),
(1774, '2023-01-17', 1),
(1775, '2023-01-17', 1),
(1776, '2023-01-17', 1),
(1777, '2023-01-17', 1),
(1778, '2023-01-17', 1),
(1779, '2023-01-17', 1),
(1780, '2023-01-18', 1),
(1781, '2023-01-18', 1),
(1782, '2023-01-18', 1),
(1783, '2023-01-18', 1),
(1784, '2023-01-18', 1),
(1785, '2023-01-18', 1),
(1786, '2023-01-18', 1),
(1787, '2023-01-18', 1),
(1788, '2023-01-18', 1),
(1789, '2023-01-18', 1),
(1790, '2023-01-18', 1),
(1791, '2023-01-18', 1),
(1792, '2023-01-18', 1),
(1793, '2023-01-18', 1),
(1794, '2023-01-18', 1),
(1795, '2023-01-18', 1),
(1796, '2023-01-18', 1),
(1797, '2023-01-18', 1),
(1798, '2023-01-18', 1),
(1799, '2023-01-18', 1),
(1800, '2023-01-18', 1),
(1801, '2023-01-18', 1),
(1802, '2023-01-18', 1),
(1803, '2023-01-18', 1),
(1804, '2023-01-18', 1),
(1805, '2023-01-18', 1),
(1806, '2023-01-18', 1),
(1807, '2023-01-18', 1),
(1808, '2023-01-18', 1),
(1809, '2023-01-18', 1),
(1810, '2023-01-18', 1),
(1811, '2023-01-18', 1),
(1812, '2023-01-18', 1),
(1813, '2023-01-18', 1),
(1814, '2023-01-18', 1),
(1815, '2023-01-18', 1),
(1816, '2023-01-18', 1),
(1817, '2023-01-18', 1),
(1818, '2023-01-18', 1),
(1819, '2023-01-18', 1),
(1820, '2023-01-18', 1),
(1821, '2023-01-18', 1),
(1822, '2023-01-18', 1),
(1823, '2023-01-18', 1),
(1824, '2023-01-18', 1),
(1825, '2023-01-18', 1),
(1826, '2023-01-18', 1),
(1827, '2023-01-18', 1),
(1828, '2023-01-18', 1),
(1829, '2023-01-18', 1),
(1830, '2023-01-18', 1),
(1831, '2023-01-18', 1),
(1832, '2023-01-18', 1),
(1833, '2023-01-18', 1),
(1834, '2023-01-18', 1),
(1835, '2023-01-18', 1),
(1836, '2023-01-18', 1),
(1837, '2023-01-18', 1),
(1838, '2023-01-18', 1),
(1839, '2023-01-18', 1),
(1840, '2023-01-18', 1),
(1841, '2023-01-18', 1),
(1842, '2023-01-18', 1),
(1843, '2023-01-18', 1),
(1844, '2023-01-18', 1),
(1845, '2023-01-18', 1),
(1846, '2023-01-18', 1),
(1847, '2023-01-18', 1),
(1848, '2023-01-18', 1),
(1849, '2023-01-18', 1),
(1850, '2023-01-18', 1),
(1851, '2023-01-18', 1),
(1852, '2023-01-18', 1),
(1853, '2023-01-18', 1),
(1854, '2023-01-18', 1),
(1855, '2023-01-18', 1),
(1856, '2023-01-18', 1),
(1857, '2023-01-18', 1),
(1858, '2023-01-18', 1),
(1859, '2023-01-18', 1),
(1860, '2023-01-18', 1),
(1861, '2023-01-18', 1),
(1862, '2023-01-18', 1),
(1863, '2023-01-18', 1),
(1864, '2023-01-18', 1),
(1865, '2023-01-18', 1),
(1866, '2023-01-18', 1),
(1867, '2023-01-18', 1),
(1868, '2023-01-18', 1),
(1869, '2023-01-18', 1),
(1870, '2023-01-18', 1),
(1871, '2023-01-18', 1),
(1872, '2023-01-18', 1),
(1873, '2023-01-18', 1),
(1874, '2023-01-18', 1),
(1875, '2023-01-18', 1),
(1876, '2023-01-18', 1),
(1877, '2023-01-18', 1),
(1878, '2023-01-18', 1),
(1879, '2023-01-18', 1),
(1880, '2023-01-18', 1),
(1881, '2023-01-18', 1),
(1882, '2023-01-18', 1),
(1883, '2023-01-18', 1),
(1884, '2023-01-18', 1),
(1885, '2023-01-18', 1),
(1886, '2023-01-18', 1),
(1887, '2023-01-18', 1),
(1888, '2023-01-18', 1),
(1889, '2023-01-18', 1),
(1890, '2023-01-18', 1),
(1891, '2023-01-18', 1),
(1892, '2023-01-18', 1),
(1893, '2023-01-18', 1),
(1894, '2023-01-18', 1),
(1895, '2023-01-18', 1),
(1896, '2023-01-18', 1),
(1897, '2023-01-19', 1),
(1898, '2023-01-19', 1),
(1899, '2023-01-19', 1),
(1900, '2023-01-19', 1),
(1901, '2023-01-19', 1),
(1902, '2023-01-19', 1),
(1903, '2023-01-19', 1),
(1904, '2023-01-19', 1),
(1905, '2023-01-19', 1),
(1906, '2023-01-19', 1),
(1907, '2023-01-19', 1),
(1908, '2023-01-19', 1),
(1909, '2023-01-19', 1),
(1910, '2023-01-19', 1),
(1911, '2023-01-19', 1),
(1912, '2023-01-19', 1),
(1913, '2023-01-19', 1),
(1914, '2023-01-19', 1),
(1915, '2023-01-19', 1),
(1916, '2023-01-19', 1),
(1917, '2023-01-19', 1),
(1918, '2023-01-19', 1),
(1919, '2023-01-19', 1),
(1920, '2023-01-19', 1),
(1921, '2023-01-19', 1),
(1922, '2023-01-19', 1),
(1923, '2023-01-19', 1),
(1924, '2023-01-19', 1),
(1925, '2023-01-19', 1),
(1926, '2023-01-19', 1),
(1927, '2023-01-19', 1),
(1928, '2023-01-19', 1),
(1929, '2023-01-19', 1),
(1930, '2023-01-19', 1),
(1931, '2023-01-19', 1),
(1932, '2023-01-19', 1),
(1933, '2023-01-19', 1),
(1934, '2023-01-19', 1),
(1935, '2023-01-19', 1),
(1936, '2023-01-19', 1),
(1937, '2023-01-19', 1),
(1938, '2023-01-19', 1),
(1939, '2023-01-19', 1),
(1940, '2023-01-19', 1),
(1941, '2023-01-19', 1),
(1942, '2023-01-19', 1),
(1943, '2023-01-19', 1),
(1944, '2023-01-19', 1),
(1945, '2023-01-19', 1),
(1946, '2023-01-19', 1),
(1947, '2023-01-19', 1),
(1948, '2023-01-19', 1),
(1949, '2023-01-19', 1),
(1950, '2023-01-19', 1),
(1951, '2023-01-19', 1),
(1952, '2023-01-19', 1),
(1953, '2023-01-19', 1),
(1954, '2023-01-19', 1),
(1955, '2023-01-19', 1),
(1956, '2023-01-19', 1),
(1957, '2023-01-19', 1),
(1958, '2023-01-19', 1),
(1959, '2023-01-19', 1),
(1960, '2023-01-19', 1),
(1961, '2023-01-19', 1),
(1962, '2023-01-19', 1),
(1963, '2023-01-19', 1),
(1964, '2023-01-19', 1),
(1965, '2023-01-19', 1),
(1966, '2023-01-19', 1),
(1967, '2023-01-19', 1),
(1968, '2023-01-19', 1),
(1969, '2023-01-19', 1),
(1970, '2023-01-19', 1),
(1971, '2023-01-19', 1),
(1972, '2023-01-19', 1),
(1973, '2023-01-19', 1),
(1974, '2023-01-19', 1),
(1975, '2023-01-19', 1),
(1976, '2023-01-19', 1),
(1977, '2023-01-19', 1),
(1978, '2023-01-19', 1),
(1979, '2023-01-19', 1),
(1980, '2023-01-19', 1),
(1981, '2023-01-19', 1),
(1982, '2023-01-19', 1),
(1983, '2023-01-19', 1),
(1984, '2023-01-19', 1),
(1985, '2023-01-19', 1),
(1986, '2023-01-19', 1),
(1987, '2023-01-19', 1),
(1988, '2023-01-19', 1),
(1989, '2023-01-19', 1),
(1990, '2023-01-19', 1),
(1991, '2023-01-19', 1),
(1992, '2023-01-19', 1),
(1993, '2023-01-19', 1),
(1994, '2023-01-19', 1),
(1995, '2023-01-19', 1),
(1996, '2023-01-19', 1),
(1997, '2023-01-19', 1),
(1998, '2023-01-19', 1),
(1999, '2023-01-19', 1),
(2000, '2023-01-19', 1),
(2001, '2023-01-19', 1),
(2002, '2023-01-19', 1),
(2003, '2023-01-19', 1),
(2004, '2023-01-19', 1),
(2005, '2023-01-19', 1),
(2006, '2023-01-19', 1),
(2007, '2023-01-19', 1),
(2008, '2023-01-19', 1),
(2009, '2023-01-19', 1),
(2010, '2023-01-19', 1),
(2011, '2023-01-19', 1),
(2012, '2023-01-19', 1),
(2013, '2023-01-19', 1),
(2014, '2023-01-19', 1),
(2015, '2023-01-19', 1),
(2016, '2023-01-19', 1),
(2017, '2023-01-19', 1),
(2018, '2023-01-19', 1),
(2019, '2023-01-19', 1),
(2020, '2023-01-19', 1),
(2021, '2023-01-19', 1),
(2022, '2023-01-19', 1),
(2023, '2023-01-19', 1),
(2024, '2023-01-19', 1),
(2025, '2023-01-20', 1),
(2026, '2023-01-20', 1),
(2027, '2023-01-20', 1),
(2028, '2023-01-20', 1),
(2029, '2023-01-20', 1),
(2030, '2023-01-20', 1),
(2031, '2023-01-20', 1),
(2032, '2023-01-20', 1),
(2033, '2023-01-20', 1),
(2034, '2023-01-20', 1),
(2035, '2023-01-20', 1),
(2036, '2023-01-20', 1),
(2037, '2023-01-20', 1),
(2038, '2023-01-20', 1),
(2039, '2023-01-20', 1),
(2040, '2023-01-20', 1),
(2041, '2023-01-20', 1),
(2042, '2023-01-20', 1),
(2043, '2023-01-20', 1),
(2044, '2023-01-20', 1),
(2045, '2023-01-20', 1),
(2046, '2023-01-20', 1),
(2047, '2023-01-20', 1),
(2048, '2023-01-20', 1),
(2049, '2023-01-20', 1),
(2050, '2023-01-20', 1),
(2051, '2023-01-20', 1),
(2052, '2023-01-20', 1),
(2053, '2023-01-20', 1),
(2054, '2023-01-20', 1),
(2055, '2023-01-20', 1),
(2056, '2023-01-20', 1),
(2057, '2023-01-20', 1),
(2058, '2023-01-20', 1),
(2059, '2023-01-20', 1),
(2060, '2023-01-20', 1),
(2061, '2023-01-20', 1),
(2062, '2023-01-20', 1),
(2063, '2023-01-20', 1),
(2064, '2023-01-20', 1),
(2065, '2023-01-20', 1),
(2066, '2023-01-20', 1),
(2067, '2023-01-20', 1),
(2068, '2023-01-20', 1),
(2069, '2023-01-20', 1),
(2070, '2023-01-20', 1),
(2071, '2023-01-20', 1),
(2072, '2023-01-20', 1),
(2073, '2023-01-20', 1),
(2074, '2023-01-20', 1),
(2075, '2023-01-20', 1),
(2076, '2023-01-20', 1),
(2077, '2023-01-20', 1),
(2078, '2023-01-20', 1),
(2079, '2023-01-20', 1),
(2080, '2023-01-20', 1),
(2081, '2023-01-20', 1),
(2082, '2023-01-24', 1),
(2083, '2023-01-24', 1),
(2084, '2023-01-24', 1),
(2085, '2023-01-24', 1),
(2086, '2023-01-24', 1),
(2087, '2023-01-24', 1),
(2088, '2023-01-24', 1),
(2089, '2023-01-24', 1),
(2090, '2023-01-24', 1),
(2091, '2023-01-24', 1),
(2092, '2023-01-24', 1),
(2093, '2023-01-24', 1),
(2094, '2023-01-24', 1),
(2095, '2023-01-24', 1),
(2096, '2023-01-24', 1),
(2097, '2023-01-24', 1),
(2098, '2023-01-24', 1),
(2099, '2023-01-24', 1),
(2100, '2023-01-24', 1),
(2101, '2023-01-24', 1),
(2102, '2023-01-24', 1),
(2103, '2023-01-24', 1),
(2104, '2023-01-24', 1),
(2105, '2023-01-24', 1),
(2106, '2023-01-24', 1),
(2107, '2023-01-24', 1),
(2108, '2023-01-24', 1),
(2109, '2023-01-24', 1),
(2110, '2023-01-24', 1),
(2111, '2023-01-24', 1),
(2112, '2023-01-24', 1),
(2113, '2023-01-24', 1),
(2114, '2023-01-24', 1),
(2115, '2023-01-24', 1),
(2116, '2023-01-24', 1),
(2117, '2023-01-24', 1),
(2118, '2023-01-24', 1),
(2119, '2023-01-24', 1),
(2120, '2023-01-24', 1),
(2121, '2023-01-24', 1),
(2122, '2023-01-24', 1),
(2123, '2023-01-24', 1),
(2124, '2023-01-24', 1),
(2125, '2023-01-24', 1),
(2126, '2023-01-24', 1),
(2127, '2023-01-24', 1),
(2128, '2023-01-24', 1),
(2129, '2023-01-24', 1),
(2130, '2023-01-24', 1),
(2131, '2023-01-24', 1),
(2132, '2023-01-24', 1),
(2133, '2023-01-24', 1),
(2134, '2023-01-24', 1),
(2135, '2023-01-24', 1),
(2136, '2023-01-24', 1),
(2137, '2023-01-24', 1),
(2138, '2023-01-24', 1),
(2139, '2023-01-24', 1),
(2140, '2023-01-24', 1),
(2141, '2023-01-24', 1),
(2142, '2023-01-24', 1),
(2143, '2023-01-24', 1),
(2144, '2023-01-24', 1),
(2145, '2023-01-24', 1),
(2146, '2023-01-24', 1),
(2147, '2023-01-24', 1),
(2148, '2023-01-24', 1),
(2149, '2023-01-24', 1),
(2150, '2023-01-24', 1),
(2151, '2023-01-24', 1),
(2152, '2023-01-24', 1),
(2153, '2023-01-24', 1),
(2154, '2023-01-24', 1),
(2155, '2023-01-25', 1),
(2156, '2023-01-25', 1),
(2157, '2023-01-25', 1),
(2158, '2023-01-25', 1),
(2159, '2023-01-25', 1),
(2160, '2023-01-25', 1),
(2161, '2023-01-25', 1),
(2162, '2023-01-25', 1),
(2163, '2023-01-25', 1),
(2164, '2023-01-25', 1),
(2165, '2023-01-25', 1),
(2166, '2023-01-25', 1),
(2167, '2023-01-25', 1),
(2168, '2023-01-25', 1),
(2169, '2023-01-25', 1),
(2170, '2023-01-25', 1),
(2171, '2023-01-25', 1),
(2172, '2023-01-25', 1),
(2173, '2023-01-25', 1),
(2174, '2023-01-25', 1),
(2175, '2023-01-25', 1),
(2176, '2023-01-25', 1),
(2177, '2023-01-25', 1),
(2178, '2023-01-25', 1),
(2179, '2023-01-25', 1),
(2180, '2023-01-25', 1),
(2181, '2023-01-25', 1),
(2182, '2023-01-25', 1),
(2183, '2023-01-25', 1),
(2184, '2023-01-25', 1),
(2185, '2023-01-25', 1),
(2186, '2023-01-25', 1),
(2187, '2023-01-25', 1),
(2188, '2023-01-25', 1),
(2189, '2023-01-25', 1),
(2190, '2023-01-25', 1),
(2191, '2023-01-25', 1),
(2192, '2023-01-25', 1),
(2193, '2023-01-25', 1),
(2194, '2023-01-25', 1),
(2195, '2023-01-25', 1),
(2196, '2023-01-25', 1),
(2197, '2023-01-25', 1),
(2198, '2023-01-25', 1),
(2199, '2023-01-25', 1),
(2200, '2023-01-25', 1),
(2201, '2023-01-25', 1),
(2202, '2023-01-25', 1),
(2203, '2023-01-25', 1),
(2204, '2023-01-25', 1),
(2205, '2023-01-25', 1),
(2206, '2023-01-25', 1),
(2207, '2023-01-25', 1),
(2208, '2023-01-25', 1),
(2209, '2023-01-25', 1),
(2210, '2023-01-25', 1),
(2211, '2023-01-25', 1),
(2212, '2023-01-25', 1),
(2213, '2023-01-25', 1),
(2214, '2023-01-25', 1),
(2215, '2023-01-25', 1),
(2216, '2023-01-25', 1),
(2217, '2023-01-25', 1),
(2218, '2023-01-25', 1),
(2219, '2023-01-25', 1);
INSERT INTO `tbl_order` (`id_order`, `date_order`, `id_lab`) VALUES
(2220, '2023-01-25', 1),
(2221, '2023-01-25', 1),
(2222, '2023-01-25', 1),
(2223, '2023-01-25', 1),
(2224, '2023-01-25', 1),
(2225, '2023-01-25', 1),
(2226, '2023-01-25', 1),
(2227, '2023-01-25', 1),
(2228, '2023-01-25', 1),
(2229, '2023-01-25', 1),
(2230, '2023-01-25', 1),
(2231, '2023-01-25', 1),
(2232, '2023-01-25', 1),
(2233, '2023-01-25', 1),
(2234, '2023-01-25', 1),
(2235, '2023-01-25', 1),
(2236, '2023-01-25', 1),
(2237, '2023-01-25', 1),
(2238, '2023-01-25', 1),
(2239, '2023-01-25', 1),
(2240, '2023-01-25', 1),
(2241, '2023-01-26', 1),
(2242, '2023-01-26', 1),
(2243, '2023-01-26', 1),
(2244, '2023-01-26', 1),
(2245, '2023-01-26', 1),
(2246, '2023-01-26', 1),
(2247, '2023-01-26', 1),
(2248, '2023-01-26', 1),
(2249, '2023-01-26', 1),
(2250, '2023-01-26', 1),
(2251, '2023-01-26', 1),
(2252, '2023-01-26', 1),
(2253, '2023-01-26', 1),
(2254, '2023-01-26', 1),
(2255, '2023-01-26', 1),
(2256, '2023-01-26', 1),
(2257, '2023-01-26', 1),
(2258, '2023-01-26', 1),
(2259, '2023-01-26', 1),
(2260, '2023-01-26', 1),
(2261, '2023-01-26', 1),
(2262, '2023-01-26', 1),
(2263, '2023-01-26', 1),
(2264, '2023-01-26', 1),
(2265, '2023-01-26', 1),
(2266, '2023-01-26', 1),
(2267, '2023-01-26', 1),
(2268, '2023-01-26', 1),
(2269, '2023-01-26', 1),
(2270, '2023-01-26', 1),
(2271, '2023-01-26', 1),
(2272, '2023-01-26', 1),
(2273, '2023-01-26', 1),
(2274, '2023-01-26', 1),
(2275, '2023-01-26', 1),
(2276, '2023-01-26', 1),
(2277, '2023-01-26', 1),
(2278, '2023-01-26', 1),
(2279, '2023-01-26', 1),
(2280, '2023-01-26', 1),
(2281, '2023-01-26', 1),
(2282, '2023-01-26', 1),
(2283, '2023-01-26', 1),
(2284, '2023-01-26', 1),
(2285, '2023-01-26', 1),
(2286, '2023-01-26', 1),
(2287, '2023-01-26', 1),
(2288, '2023-01-26', 1),
(2289, '2023-01-26', 1),
(2290, '2023-01-26', 1),
(2291, '2023-01-26', 1),
(2292, '2023-01-26', 1),
(2293, '2023-01-26', 1),
(2294, '2023-01-26', 1),
(2295, '2023-01-26', 1),
(2296, '2023-01-26', 1),
(2297, '2023-01-26', 1),
(2298, '2023-01-26', 1),
(2299, '2023-01-26', 1),
(2300, '2023-01-26', 1),
(2301, '2023-01-26', 1),
(2302, '2023-01-26', 1),
(2303, '2023-01-26', 1),
(2304, '2023-01-26', 1),
(2305, '2023-01-26', 1),
(2306, '2023-01-26', 1),
(2307, '2023-01-26', 1),
(2308, '2023-01-26', 1),
(2309, '2023-01-26', 1),
(2310, '2023-01-26', 1),
(2311, '2023-01-26', 1),
(2312, '2023-01-26', 1),
(2313, '2023-01-26', 1),
(2314, '2023-01-26', 1),
(2315, '2023-01-26', 1),
(2316, '2023-01-26', 1),
(2317, '2023-01-26', 1),
(2318, '2023-01-26', 1),
(2319, '2023-01-26', 1),
(2320, '2023-01-26', 1),
(2321, '2023-01-26', 1),
(2322, '2023-01-26', 1),
(2323, '2023-01-26', 1),
(2324, '2023-01-26', 1),
(2325, '2023-01-26', 1),
(2326, '2023-01-26', 1),
(2327, '2023-01-26', 1),
(2328, '2023-01-26', 1),
(2329, '2023-01-26', 1),
(2330, '2023-01-26', 1),
(2331, '2023-01-26', 1),
(2332, '2023-01-26', 1),
(2333, '2023-01-26', 1),
(2334, '2023-01-26', 1),
(2335, '2023-01-26', 1),
(2336, '2023-01-27', 1),
(2337, '2023-01-27', 1),
(2338, '2023-01-27', 1),
(2339, '2023-01-27', 1),
(2340, '2023-01-27', 1),
(2341, '2023-01-27', 1),
(2342, '2023-01-27', 1),
(2343, '2023-01-27', 1),
(2344, '2023-01-27', 1),
(2345, '2023-01-27', 1),
(2346, '2023-01-27', 1),
(2347, '2023-01-27', 1),
(2348, '2023-01-27', 1),
(2349, '2023-01-27', 1),
(2350, '2023-01-27', 1),
(2351, '2023-01-27', 1),
(2352, '2023-01-27', 1),
(2353, '2023-01-27', 1),
(2354, '2023-01-27', 1),
(2355, '2023-01-27', 1),
(2356, '2023-01-27', 1),
(2357, '2023-01-27', 1),
(2358, '2023-01-27', 1),
(2359, '2023-01-27', 1),
(2360, '2023-01-27', 1),
(2361, '2023-01-27', 1),
(2362, '2023-01-27', 1),
(2363, '2023-01-27', 1),
(2364, '2023-01-27', 1),
(2365, '2023-01-27', 1),
(2366, '2023-01-27', 1),
(2367, '2023-01-27', 1),
(2368, '2023-01-27', 1),
(2369, '2023-01-27', 1),
(2370, '2023-01-27', 1),
(2371, '2023-01-27', 1),
(2372, '2023-01-27', 1),
(2373, '2023-01-27', 1),
(2374, '2023-01-27', 1),
(2375, '2023-01-27', 1),
(2376, '2023-01-27', 1),
(2377, '2023-01-27', 1),
(2378, '2023-01-30', 1),
(2379, '2023-01-30', 1),
(2380, '2023-01-30', 1),
(2381, '2023-01-30', 1),
(2382, '2023-01-30', 1),
(2383, '2023-01-30', 1),
(2384, '2023-01-30', 1),
(2385, '2023-01-30', 1),
(2386, '2023-01-30', 1),
(2387, '2023-01-30', 1),
(2388, '2023-01-30', 1),
(2389, '2023-01-30', 1),
(2390, '2023-01-30', 1),
(2391, '2023-01-30', 1),
(2392, '2023-01-30', 1),
(2393, '2023-01-30', 1),
(2394, '2023-01-30', 1),
(2395, '2023-01-30', 1),
(2396, '2023-01-30', 1),
(2397, '2023-01-30', 1),
(2398, '2023-01-30', 1),
(2399, '2023-01-30', 1),
(2400, '2023-01-30', 1),
(2401, '2023-01-30', 1),
(2402, '2023-01-30', 1),
(2403, '2023-01-30', 1),
(2404, '2023-01-31', 1),
(2405, '2023-01-31', 1),
(2406, '2023-01-31', 1),
(2407, '2023-01-31', 1),
(2408, '2023-01-31', 1),
(2409, '2023-01-31', 1),
(2410, '2023-01-31', 1),
(2411, '2023-01-31', 1),
(2412, '2023-01-31', 1),
(2413, '2023-01-31', 1),
(2414, '2023-01-31', 1),
(2415, '2023-01-31', 1),
(2416, '2023-01-31', 1),
(2417, '2023-01-31', 1),
(2418, '2023-01-31', 1),
(2419, '2023-01-31', 1),
(2420, '2023-01-31', 1),
(2421, '2023-01-31', 1),
(2422, '2023-01-31', 1),
(2423, '2023-01-31', 1),
(2424, '2023-01-31', 1),
(2425, '2023-01-31', 1),
(2426, '2023-01-31', 1),
(2427, '2023-01-31', 1),
(2428, '2023-01-31', 1),
(2429, '2023-01-31', 1),
(2430, '2023-01-31', 1),
(2431, '2023-01-31', 1),
(2432, '2023-01-31', 1),
(2433, '2023-01-31', 1),
(2434, '2023-01-31', 1),
(2435, '2023-01-31', 1),
(2436, '2023-01-31', 1),
(2437, '2023-01-31', 1),
(2438, '2023-01-31', 1),
(2439, '2023-01-31', 1),
(2440, '2023-01-31', 1),
(2441, '2023-01-31', 1),
(2442, '2023-01-31', 1),
(2443, '2023-01-31', 1),
(2444, '2023-01-31', 1),
(2445, '2023-01-31', 1),
(2446, '2023-01-31', 1),
(2447, '2023-01-31', 1),
(2448, '2023-01-31', 1),
(2449, '2023-01-31', 1),
(2450, '2023-01-31', 1),
(2451, '2023-01-31', 1),
(2452, '2023-01-31', 1),
(2453, '2023-01-31', 1),
(2454, '2023-01-31', 1),
(2455, '2023-01-31', 1),
(2456, '2023-01-31', 1),
(2457, '2023-01-31', 1),
(2458, '2023-02-01', 1),
(2459, '2023-02-01', 1),
(2460, '2023-02-01', 1),
(2461, '2023-02-01', 1),
(2462, '2023-02-01', 1),
(2463, '2023-02-01', 1),
(2464, '2023-02-01', 1),
(2465, '2023-02-01', 1),
(2466, '2023-02-01', 1),
(2467, '2023-02-01', 1),
(2468, '2023-02-01', 1),
(2469, '2023-02-01', 1),
(2470, '2023-02-01', 1),
(2471, '2023-02-01', 1),
(2472, '2023-02-01', 1),
(2473, '2023-02-01', 1),
(2474, '2023-02-01', 1),
(2475, '2023-02-01', 1),
(2476, '2023-02-01', 1),
(2477, '2023-02-01', 1),
(2478, '2023-02-01', 1),
(2479, '2023-02-01', 1),
(2480, '2023-02-01', 1),
(2481, '2023-02-01', 1),
(2482, '2023-02-01', 1),
(2483, '2023-02-01', 1),
(2484, '2023-02-01', 1),
(2485, '2023-02-01', 1),
(2486, '2023-02-01', 1),
(2487, '2023-02-01', 1),
(2488, '2023-02-01', 1),
(2489, '2023-02-01', 1),
(2490, '2023-02-01', 1),
(2491, '2023-02-01', 1),
(2492, '2023-02-01', 1),
(2493, '2023-02-01', 1),
(2494, '2023-02-01', 1),
(2495, '2023-02-01', 1),
(2496, '2023-02-01', 1),
(2497, '2023-02-01', 1),
(2498, '2023-02-01', 1),
(2499, '2023-02-01', 1),
(2500, '2023-02-01', 1),
(2501, '2023-02-01', 1),
(2502, '2023-02-01', 1),
(2503, '2023-02-01', 1),
(2504, '2023-02-01', 1),
(2505, '2023-02-01', 1),
(2506, '2023-02-01', 1),
(2507, '2023-02-01', 1),
(2508, '2023-02-01', 1),
(2509, '2023-02-01', 1),
(2510, '2023-02-01', 1),
(2511, '2023-02-01', 1),
(2512, '2023-02-01', 1),
(2513, '2023-02-01', 1),
(2514, '2023-02-01', 1),
(2515, '2023-02-01', 1),
(2516, '2023-02-01', 1),
(2517, '2023-02-01', 1),
(2518, '2023-02-01', 1),
(2519, '2023-02-01', 1),
(2520, '2023-02-01', 1),
(2521, '2023-02-01', 1),
(2522, '2023-02-01', 1),
(2523, '2023-02-01', 1),
(2524, '2023-02-01', 1),
(2525, '2023-02-01', 1),
(2526, '2023-02-01', 1),
(2527, '2023-02-01', 1),
(2528, '2023-02-01', 1),
(2529, '2023-02-01', 1),
(2530, '2023-02-01', 1),
(2531, '2023-02-01', 1),
(2532, '2023-02-01', 1),
(2533, '2023-02-01', 1),
(2534, '2023-02-01', 1),
(2535, '2023-02-01', 1),
(2536, '2023-02-01', 1),
(2537, '2023-02-01', 1),
(2538, '2023-02-01', 1),
(2539, '2023-02-01', 1),
(2540, '2023-02-01', 1),
(2541, '2023-02-01', 1),
(2542, '2023-02-01', 1),
(2543, '2023-02-02', 1),
(2544, '2023-02-02', 1),
(2545, '2023-02-02', 1),
(2546, '2023-02-02', 1),
(2547, '2023-02-02', 1),
(2548, '2023-02-02', 1),
(2549, '2023-02-02', 1),
(2550, '2023-02-02', 1),
(2551, '2023-02-02', 1),
(2552, '2023-02-02', 1),
(2553, '2023-02-02', 1),
(2554, '2023-02-02', 1),
(2555, '2023-02-02', 1),
(2556, '2023-02-02', 1),
(2557, '2023-02-02', 1),
(2558, '2023-02-02', 1),
(2559, '2023-02-02', 1),
(2560, '2023-02-02', 1),
(2561, '2023-02-02', 1),
(2562, '2023-02-02', 1),
(2563, '2023-02-02', 1),
(2564, '2023-02-02', 1),
(2565, '2023-02-02', 1),
(2566, '2023-02-02', 1),
(2567, '2023-02-02', 1),
(2568, '2023-02-02', 1),
(2569, '2023-02-02', 1),
(2570, '2023-02-02', 1),
(2571, '2023-02-02', 1),
(2572, '2023-02-02', 1),
(2573, '2023-02-02', 1),
(2574, '2023-02-02', 1),
(2575, '2023-02-02', 1),
(2576, '2023-02-02', 1),
(2577, '2023-02-02', 1),
(2578, '2023-02-02', 1),
(2579, '2023-02-02', 1),
(2580, '2023-02-02', 1),
(2581, '2023-02-02', 1),
(2582, '2023-02-02', 1),
(2583, '2023-02-02', 1),
(2584, '2023-02-02', 1),
(2585, '2023-02-02', 1),
(2586, '2023-02-02', 1),
(2587, '2023-02-02', 1),
(2588, '2023-02-02', 1),
(2589, '2023-02-02', 1),
(2590, '2023-02-02', 1),
(2591, '2023-02-02', 1),
(2592, '2023-02-02', 1),
(2593, '2023-02-02', 1),
(2594, '2023-02-02', 1),
(2595, '2023-02-02', 1),
(2596, '2023-02-02', 1),
(2597, '2023-02-02', 1),
(2598, '2023-02-02', 1),
(2599, '2023-02-02', 1),
(2600, '2023-02-02', 1),
(2601, '2023-02-06', 1),
(2602, '2023-02-06', 1),
(2603, '2023-02-06', 1),
(2604, '2023-02-06', 1),
(2605, '2023-02-06', 1),
(2606, '2023-02-06', 1),
(2607, '2023-02-06', 1),
(2608, '2023-02-06', 1),
(2609, '2023-02-07', 1),
(2610, '2023-02-07', 1),
(2611, '2023-02-07', 1),
(2612, '2023-02-07', 1),
(2613, '2023-02-07', 1),
(2614, '2023-02-07', 1),
(2615, '2023-02-07', 1),
(2616, '2023-02-07', 1),
(2617, '2023-02-07', 1),
(2618, '2023-02-07', 1),
(2619, '2023-02-07', 1),
(2620, '2023-02-07', 1),
(2621, '2023-02-07', 1),
(2622, '2023-02-07', 1),
(2623, '2023-02-07', 1),
(2624, '2023-02-07', 1),
(2625, '2023-02-07', 1),
(2626, '2023-02-07', 1),
(2627, '2023-02-07', 1),
(2628, '2023-02-07', 1),
(2629, '2023-02-08', 1),
(2630, '2023-02-08', 1),
(2631, '2023-02-08', 1),
(2632, '2023-02-08', 1),
(2633, '2023-02-08', 2),
(2634, '2023-02-08', 2),
(2635, '2023-02-08', 2),
(2636, '2023-02-09', 1),
(2637, '2023-02-09', 1),
(2638, '2023-02-10', 1),
(2639, '2023-02-10', 1),
(2640, '2023-02-10', 1),
(2641, '2023-02-10', 1),
(2642, '2023-02-10', 1),
(2643, '2023-02-10', 1),
(2644, '2023-02-10', 1),
(2645, '2023-02-10', 1),
(2646, '2023-02-10', 1),
(2647, '2023-02-10', 1),
(2648, '2023-02-10', 1),
(2649, '2023-02-10', 1),
(2650, '2023-02-10', 1),
(2651, '2023-02-10', 1),
(2652, '2023-02-10', 1),
(2653, '2023-02-10', 1),
(2654, '2023-02-10', 1),
(2655, '2023-02-10', 1),
(2656, '2023-02-10', 1),
(2657, '2023-02-10', 1),
(2658, '2023-02-10', 1),
(2659, '2023-02-10', 1),
(2660, '2023-02-10', 1),
(2661, '2023-02-10', 1),
(2662, '2023-02-10', 1),
(2663, '2023-02-10', 1),
(2664, '2023-02-10', 1),
(2665, '2023-02-10', 1),
(2666, '2023-02-10', 1),
(2667, '2023-02-10', 1),
(2668, '2023-02-10', 1),
(2669, '2023-02-10', 1),
(2670, '2023-02-10', 1),
(2671, '2023-02-10', 1),
(2672, '2023-02-10', 1),
(2673, '2023-02-10', 1),
(2674, '2023-02-10', 1),
(2675, '2023-02-10', 1),
(2676, '2023-02-10', 1),
(2677, '2023-02-10', 1),
(2678, '2023-02-10', 1),
(2679, '2023-02-10', 1),
(2680, '2023-02-10', 1),
(2681, '2023-02-10', 1),
(2682, '2023-02-10', 1),
(2683, '2023-02-10', 1),
(2684, '2023-02-10', 1),
(2685, '2023-02-10', 1),
(2686, '2023-02-10', 1),
(2687, '2023-02-10', 1),
(2688, '2023-02-10', 1),
(2689, '2023-02-10', 1),
(2690, '2023-02-10', 1),
(2691, '2023-02-10', 1),
(2692, '2023-02-10', 1),
(2693, '2023-02-10', 1);

-- --------------------------------------------------------

--
-- Table structure for table `tbl_order_detail`
--

CREATE TABLE `tbl_order_detail` (
  `id_order_detail` int(11) NOT NULL,
  `id_order` int(11) NOT NULL,
  `id_product` int(11) NOT NULL,
  `qty_selling` int(11) NOT NULL,
  `total_basic_price` int(11) NOT NULL,
  `total_selling_price` int(11) NOT NULL,
  `date_order` date NOT NULL,
  `id_lab` int(11) NOT NULL
) ENGINE=MyISAM DEFAULT CHARSET=latin1;

--
-- Dumping data for table `tbl_order_detail`
--

INSERT INTO `tbl_order_detail` (`id_order_detail`, `id_order`, `id_product`, `qty_selling`, `total_basic_price`, `total_selling_price`, `date_order`, `id_lab`) VALUES
(1, 1, 1, 1, 0, 500, '2022-10-31', 1),
(2, 1, 2, 1, 0, 500, '2022-10-31', 1),
(3, 2, 2, 1, 0, 500, '2022-10-31', 2),
(4, 2, 137, 1, 0, 3000, '2022-10-31', 2),
(5, 3, 3, 1, 0, 500, '2022-10-31', 2),
(6, 3, 137, 1, 0, 3000, '2022-10-31', 2),
(7, 4, 179, 1, 0, 3000, '2022-10-31', 2),
(8, 5, 86, 1, 0, 7000, '2022-10-31', 1),
(9, 6, 93, 2, 0, 6000, '2022-10-31', 1),
(10, 7, 301, 1, 0, 5000, '2022-10-31', 1),
(11, 8, 331, 1, 0, 6000, '2022-10-31', 1),
(12, 9, 52, 1, 0, 3000, '2022-10-31', 1),
(13, 10, 9, 2, 0, 3000, '2022-10-31', 1),
(14, 11, 83, 1, 0, 3000, '2022-10-31', 1),
(15, 12, 11, 1, 0, 1000, '2022-10-31', 1),
(16, 13, 81, 1, 0, 3000, '2022-10-31', 1),
(17, 14, 81, 1, 0, 3000, '2022-10-31', 1),
(18, 15, 303, 1, 0, 4500, '2022-10-31', 1),
(19, 16, 78, 1, 0, 4500, '2022-10-31', 1),
(20, 19, 82, 1, 0, 3000, '2022-10-31', 1),
(21, 20, 330, 1, 0, 3500, '2022-10-31', 1),
(22, 21, 83, 1, 0, 3000, '2022-10-31', 1),
(23, 22, 91, 1, 0, 2000, '2022-10-31', 1),
(24, 23, 10, 1, 0, 1500, '2022-10-31', 1),
(25, 23, 11, 1, 0, 1000, '2022-10-31', 1),
(26, 24, 302, 1, 0, 4500, '2022-10-31', 1),
(27, 25, 346, 1, 0, 3000, '2022-10-31', 1),
(28, 26, 85, 1, 0, 5000, '2022-10-31', 1),
(29, 27, 93, 1, 0, 3000, '2022-10-31', 1),
(30, 28, 80, 1, 0, 5000, '2022-10-31', 1),
(31, 29, 93, 1, 0, 3000, '2022-10-31', 1),
(32, 30, 93, 1, 0, 3000, '2022-10-31', 1),
(33, 31, 360, 1, 0, 4000, '2022-10-31', 1),
(34, 32, 330, 1, 0, 3500, '2022-10-31', 1),
(35, 33, 101, 2, 0, 7000, '2022-10-31', 1),
(36, 34, 333, 1, 0, 2500, '2022-10-31', 1),
(37, 35, 78, 1, 0, 4500, '2022-10-31', 1),
(38, 36, 93, 1, 0, 3000, '2022-10-31', 1),
(39, 39, 331, 1, 0, 6000, '2022-10-31', 1),
(40, 40, 310, 1, 0, 4500, '2022-10-31', 1),
(41, 41, 330, 1, 0, 3500, '2022-10-31', 1),
(42, 50, 308, 8, 0, 36000, '2022-10-31', 1),
(43, 55, 78, 1, 0, 4500, '2022-10-31', 1),
(44, 56, 79, 1, 0, 4500, '2022-10-31', 1),
(45, 57, 82, 1, 0, 3000, '2022-10-31', 1),
(46, 58, 303, 1, 0, 4500, '2022-10-31', 1),
(47, 59, 83, 1, 0, 3000, '2022-10-31', 1),
(48, 60, 372, 1, 0, 1000, '2022-10-31', 1),
(49, 61, 310, 1, 0, 4500, '2022-10-31', 1),
(50, 62, 308, 1, 0, 4500, '2022-10-31', 1),
(51, 63, 83, 1, 0, 3000, '2022-10-31', 1),
(52, 64, 93, 1, 0, 3000, '2022-10-31', 1),
(53, 65, 83, 1, 0, 3000, '2022-10-31', 1),
(54, 66, 80, 1, 0, 5000, '2022-10-31', 1),
(55, 67, 83, 1, 0, 3000, '2022-10-31', 1),
(56, 68, 101, 1, 0, 3500, '2022-10-31', 1),
(57, 69, 97, 1, 0, 2500, '2022-10-31', 1),
(58, 70, 308, 1, 0, 4500, '2022-10-31', 1),
(59, 71, 78, 1, 0, 4500, '2022-10-31', 1),
(60, 72, 83, 1, 0, 3000, '2022-10-31', 1),
(61, 73, 85, 1, 0, 5000, '2022-10-31', 1),
(62, 74, 310, 1, 0, 4500, '2022-10-31', 1),
(63, 75, 9, 2, 0, 3000, '2022-10-31', 1),
(64, 75, 462, 1, 0, 1000, '2022-10-31', 1),
(65, 75, 37, 1, 0, 2000, '2022-10-31', 1),
(66, 76, 93, 1, 0, 3000, '2022-10-31', 1),
(67, 77, 331, 1, 0, 6000, '2022-10-31', 1),
(68, 78, 52, 1, 0, 3000, '2022-10-31', 1),
(69, 79, 303, 1, 0, 4500, '2022-10-31', 1),
(70, 80, 345, 1, 0, 4500, '2022-10-31', 1),
(71, 81, 83, 1, 0, 3000, '2022-10-31', 1),
(72, 81, 16, 2, 0, 4000, '2022-10-31', 1),
(73, 82, 83, 5, 0, 15000, '2022-10-31', 1),
(74, 83, 78, 1, 0, 4500, '2022-10-31', 1),
(75, 83, 79, 1, 0, 4500, '2022-10-31', 1),
(76, 83, 83, 20, 0, 60000, '2022-10-31', 1),
(77, 84, 78, 1, 0, 4500, '2022-10-31', 1),
(78, 84, 83, 1, 0, 3000, '2022-10-31', 1),
(79, 85, 79, 1, 0, 4500, '2022-10-31', 1),
(80, 86, 78, 1, 0, 4500, '2022-10-31', 1),
(81, 87, 83, 5, 0, 15000, '2022-10-31', 1),
(82, 88, 83, 1, 0, 3000, '2022-10-31', 1),
(83, 88, 79, 1, 0, 4500, '2022-10-31', 1),
(84, 89, 2, 1, 0, 500, '2022-10-31', 1),
(85, 89, 3, 1, 0, 500, '2022-10-31', 1),
(86, 89, 4, 1, 0, 2000, '2022-10-31', 1),
(87, 90, 1, 1, 0, 500, '2022-11-01', 1),
(88, 90, 10, 1, 0, 1500, '2022-11-01', 1),
(89, 91, 4, 2, 0, 4000, '2022-11-01', 1),
(90, 92, 6, 1, 0, 2000, '2022-11-01', 1),
(91, 92, 112, 1, 0, 2000, '2022-11-01', 1),
(92, 93, 305, 2, 0, 4000, '2022-11-01', 1),
(93, 94, 311, 1, 0, 6000, '2022-11-01', 1),
(94, 95, 9, 2, 0, 3000, '2022-11-01', 1),
(95, 96, 295, 2, 0, 5000, '2022-11-01', 1),
(96, 97, 93, 1, 0, 3000, '2022-11-01', 1),
(97, 98, 93, 1, 0, 3000, '2022-11-01', 1),
(98, 99, 93, 1, 0, 3000, '2022-11-01', 1),
(99, 100, 304, 1, 0, 2500, '2022-11-01', 1),
(100, 101, 21, 1, 0, 2000, '2022-11-01', 1),
(101, 101, 23, 1, 0, 2000, '2022-11-01', 1),
(102, 102, 10, 1, 0, 1500, '2022-11-01', 1),
(103, 103, 332, 1, 0, 4000, '2022-11-01', 1),
(104, 104, 302, 1, 0, 4500, '2022-11-01', 1),
(105, 105, 82, 1, 0, 3000, '2022-11-01', 1),
(106, 105, 81, 1, 0, 3000, '2022-11-01', 1),
(107, 106, 101, 2, 0, 7000, '2022-11-01', 1),
(108, 107, 308, 1, 0, 4500, '2022-11-01', 1),
(109, 108, 295, 1, 0, 2500, '2022-11-01', 1),
(110, 108, 303, 1, 0, 4500, '2022-11-01', 1),
(111, 108, 86, 1, 0, 7000, '2022-11-01', 1),
(112, 109, 81, 1, 0, 3000, '2022-11-01', 1),
(113, 111, 81, 1, 0, 3000, '2022-11-01', 1),
(114, 111, 82, 1, 0, 3000, '2022-11-01', 1),
(115, 112, 31, 1, 0, 2000, '2022-11-01', 1),
(116, 113, 310, 1, 0, 4500, '2022-11-01', 1),
(117, 114, 443, 1, 0, 1000, '2022-11-01', 1),
(118, 114, 119, 1, 0, 1000, '2022-11-01', 1),
(119, 114, 80, 1, 0, 5000, '2022-11-01', 1),
(120, 114, 461, 1, 0, 2000, '2022-11-01', 1),
(121, 114, 36, 2, 0, 1000, '2022-11-01', 1),
(122, 115, 341, 1, 0, 2500, '2022-11-01', 1),
(123, 115, 346, 1, 0, 3000, '2022-11-01', 1),
(124, 116, 295, 1, 0, 2500, '2022-11-01', 1),
(125, 116, 346, 1, 0, 3000, '2022-11-01', 1),
(126, 116, 90, 1, 0, 2000, '2022-11-01', 1),
(127, 117, 303, 1, 0, 4500, '2022-11-01', 1),
(128, 117, 304, 1, 0, 2500, '2022-11-01', 1),
(129, 118, 303, 1, 0, 4500, '2022-11-01', 1),
(130, 119, 310, 1, 0, 4500, '2022-11-01', 1),
(131, 120, 310, 1, 0, 4500, '2022-11-01', 1),
(132, 121, 78, 1, 0, 4500, '2022-11-01', 1),
(133, 122, 304, 2, 0, 5000, '2022-11-01', 1),
(134, 123, 90, 1, 0, 2000, '2022-11-01', 1),
(135, 123, 346, 1, 0, 3000, '2022-11-01', 1),
(136, 123, 303, 1, 0, 4500, '2022-11-01', 1),
(137, 123, 83, 1, 0, 3000, '2022-11-01', 1),
(138, 123, 440, 1, 0, 2000, '2022-11-01', 1),
(139, 123, 306, 2, 0, 1000, '2022-11-01', 1),
(140, 123, 462, 2, 0, 2000, '2022-11-01', 1),
(141, 123, 97, 1, 0, 2500, '2022-11-01', 1),
(142, 123, 339, 1, 0, 4500, '2022-11-01', 1),
(143, 123, 82, 1, 0, 3000, '2022-11-01', 1),
(144, 123, 295, 1, 0, 2500, '2022-11-01', 1),
(145, 124, 80, 1, 0, 5000, '2022-11-01', 1),
(146, 124, 81, 3, 0, 9000, '2022-11-01', 1),
(147, 124, 79, 2, 0, 9000, '2022-11-01', 1),
(148, 124, 90, 1, 0, 2000, '2022-11-01', 1),
(149, 124, 93, 2, 0, 6000, '2022-11-01', 1),
(150, 124, 295, 1, 0, 2500, '2022-11-01', 1),
(151, 124, 346, 1, 0, 3000, '2022-11-01', 1),
(152, 124, 82, 1, 0, 3000, '2022-11-01', 1),
(153, 124, 308, 1, 0, 4500, '2022-11-01', 1),
(154, 124, 464, 1, 0, 3000, '2022-11-01', 1),
(155, 124, 466, 1, 0, 7000, '2022-11-01', 1),
(156, 124, 323, 3, 0, 7500, '2022-11-01', 1),
(157, 124, 97, 1, 0, 2500, '2022-11-01', 1),
(158, 124, 360, 1, 0, 4000, '2022-11-01', 1),
(159, 124, 430, 1, 0, 4000, '2022-11-01', 1),
(160, 124, 303, 1, 0, 4500, '2022-11-01', 1),
(161, 125, 101, 3, 0, 10500, '2022-11-01', 1),
(162, 125, 93, 2, 0, 6000, '2022-11-01', 1),
(163, 125, 119, 2, 0, 2000, '2022-11-01', 1),
(164, 125, 81, 1, 0, 3000, '2022-11-01', 1),
(165, 125, 86, 1, 0, 7000, '2022-11-01', 1),
(166, 127, 87, 1, 0, 1500, '2022-11-01', 1),
(167, 127, 16, 1, 0, 2000, '2022-11-01', 1),
(168, 127, 23, 1, 0, 2000, '2022-11-01', 1),
(169, 127, 115, 1, 0, 500, '2022-11-01', 1),
(170, 127, 462, 3, 0, 3000, '2022-11-01', 1),
(171, 127, 466, 1, 0, 7000, '2022-11-01', 1),
(172, 127, 36, 2, 0, 1000, '2022-11-01', 1),
(173, 127, 21, 1, 0, 2000, '2022-11-01', 1),
(174, 127, 6, 3, 0, 6000, '2022-11-01', 1),
(175, 127, 467, 2, 0, 4000, '2022-11-01', 1),
(176, 128, 31, 1, 0, 2000, '2022-11-01', 1),
(177, 128, 90, 1, 0, 2000, '2022-11-01', 1),
(178, 128, 81, 1, 0, 3000, '2022-11-01', 1),
(179, 129, 326, 1, 0, 2000, '2022-11-01', 1),
(180, 129, 467, 1, 0, 2000, '2022-11-01', 1),
(181, 130, 462, 1, 0, 1000, '2022-11-01', 1),
(182, 131, 93, 1, 0, 3000, '2022-11-01', 1),
(183, 131, 306, 3, 0, 1500, '2022-11-01', 1),
(184, 132, 93, 1, 0, 3000, '2022-11-01', 1),
(185, 133, 17, 1, 0, 1500, '2022-11-01', 1),
(186, 133, 87, 1, 0, 1500, '2022-11-01', 1),
(187, 133, 26, 2, 0, 1000, '2022-11-01', 1),
(188, 133, 115, 1, 0, 500, '2022-11-01', 1),
(189, 133, 119, 1, 0, 1000, '2022-11-01', 1),
(190, 134, 323, 1, 0, 2500, '2022-11-01', 1),
(191, 134, 459, 1, 0, 2000, '2022-11-01', 1),
(192, 135, 81, 2, 0, 6000, '2022-11-01', 1),
(193, 136, 114, 2, 0, 2000, '2022-11-01', 1),
(194, 137, 1, 2, 630, 1000, '2022-11-01', 1),
(195, 138, 69, 2, 1100, 2000, '2022-11-02', 1),
(196, 139, 305, 1, 1271, 2000, '2022-11-02', 1),
(197, 140, 79, 1, 3958, 4500, '2022-11-02', 1),
(198, 141, 305, 1, 1271, 2000, '2022-11-02', 1),
(199, 142, 323, 2, 3500, 5000, '2022-11-02', 1),
(200, 142, 16, 1, 1706, 2000, '2022-11-02', 1),
(201, 142, 73, 1, 875, 1000, '2022-11-02', 1),
(202, 142, 69, 1, 550, 1000, '2022-11-02', 1),
(203, 143, 330, 1, 2920, 3500, '2022-11-02', 1),
(204, 144, 78, 1, 3875, 4500, '2022-11-02', 1),
(205, 144, 79, 1, 3958, 4500, '2022-11-02', 1),
(206, 145, 305, 1, 1271, 2000, '2022-11-02', 1),
(207, 146, 330, 1, 2920, 3500, '2022-11-02', 1),
(208, 147, 23, 1, 1567, 2000, '2022-11-02', 1),
(209, 148, 305, 1, 1271, 2000, '2022-11-02', 1),
(210, 149, 350, 1, 3375, 4000, '2022-11-02', 1),
(211, 150, 2, 2, 584, 1000, '2022-11-02', 1),
(212, 151, 16, 1, 1706, 2000, '2022-11-02', 1),
(213, 152, 90, 3, 4674, 6000, '2022-11-02', 1),
(214, 153, 90, 2, 3116, 4000, '2022-11-02', 1),
(215, 154, 2, 2, 584, 1000, '2022-11-02', 1),
(216, 155, 10, 3, 3126, 4500, '2022-11-02', 1),
(217, 156, 36, 2, 900, 1000, '2022-11-02', 1),
(218, 157, 323, 2, 3500, 5000, '2022-11-02', 1),
(219, 158, 362, 1, 900, 1000, '2022-11-02', 1),
(220, 158, 451, 1, 1800, 2000, '2022-11-02', 1),
(221, 159, 453, 3, 2700, 3000, '2022-11-02', 1),
(222, 160, 90, 9, 14022, 18000, '2022-11-02', 1),
(223, 161, 78, 1, 3875, 4500, '2022-11-02', 1),
(224, 162, 78, 1, 3875, 4500, '2022-11-02', 1),
(225, 163, 79, 9, 35622, 40500, '2022-11-02', 1),
(226, 164, 345, 1, 3500, 4500, '2022-11-03', 1),
(227, 165, 16, 1, 1706, 2000, '2022-11-03', 1),
(228, 165, 4, 2, 3040, 4000, '2022-11-03', 1),
(229, 166, 4, 3, 4560, 6000, '2022-11-03', 1),
(230, 167, 450, 1, 1750, 2000, '2022-11-03', 1),
(231, 167, 18, 1, 900, 1000, '2022-11-03', 1),
(232, 169, 348, 2, 4834, 7000, '2022-11-03', 1),
(233, 170, 10, 1, 1042, 1500, '2022-11-03', 1),
(234, 171, 322, 1, 450, 500, '2022-11-03', 1),
(235, 172, 4, 1, 1520, 2000, '2022-11-03', 1),
(236, 173, 4, 1, 1520, 2000, '2022-11-03', 1),
(237, 174, 119, 1, 850, 1000, '2022-11-03', 1),
(238, 175, 88, 1, 813, 1000, '2022-11-03', 1),
(239, 176, 10, 1, 1042, 1500, '2022-11-03', 1),
(240, 178, 91, 1, 1550, 2000, '2022-11-03', 1),
(241, 179, 4, 1, 1520, 2000, '2022-11-03', 1),
(242, 180, 4, 1, 1520, 2000, '2022-11-03', 1),
(243, 181, 4, 1, 1520, 2000, '2022-11-03', 1),
(244, 181, 65, 1, 220, 500, '2022-11-03', 1),
(245, 182, 4, 1, 1520, 2000, '2022-11-03', 1),
(246, 183, 4, 2, 3040, 4000, '2022-11-03', 1),
(247, 184, 4, 1, 1520, 2000, '2022-11-03', 1),
(248, 185, 4, 1, 1520, 2000, '2022-11-03', 1),
(249, 186, 4, 1, 1520, 2000, '2022-11-03', 1),
(250, 186, 25, 8, 6800, 8000, '2022-11-03', 1),
(251, 187, 331, 1, 5120, 6000, '2022-11-03', 1),
(252, 188, 343, 1, 3500, 4500, '2022-11-03', 1),
(253, 190, 343, 2, 7000, 9000, '2022-11-03', 1),
(254, 191, 101, 1, 2750, 3500, '2022-11-03', 1),
(255, 193, 444, 1, 850, 1000, '2022-11-03', 1),
(256, 193, 343, 1, 3500, 4500, '2022-11-03', 1),
(257, 194, 82, 1, 2375, 3000, '2022-11-03', 1),
(258, 198, 343, 1, 3500, 4500, '2022-11-03', 1),
(259, 199, 4, 2, 3040, 4000, '2022-11-03', 1),
(260, 199, 1, 3, 945, 1500, '2022-11-03', 1),
(261, 201, 90, 1, 1558, 2000, '2022-11-03', 1),
(262, 203, 83, 1, 2375, 3000, '2022-11-03', 1),
(263, 204, 4, 2, 3040, 4000, '2022-11-03', 1),
(264, 206, 4, 1, 1520, 2000, '2022-11-03', 1),
(265, 207, 93, 1, 2363, 3000, '2022-11-03', 1),
(266, 208, 80, 1, 3958, 5000, '2022-11-03', 1),
(267, 208, 79, 2, 7916, 9000, '2022-11-03', 1),
(268, 210, 93, 2, 4726, 6000, '2022-11-03', 1),
(269, 211, 93, 1, 2363, 3000, '2022-11-03', 1),
(270, 212, 343, 2, 7000, 9000, '2022-11-03', 1),
(271, 213, 308, 1, 3583, 4500, '2022-11-03', 1),
(272, 214, 93, 1, 2363, 3000, '2022-11-03', 1),
(273, 216, 4, 1, 1520, 2000, '2022-11-03', 1),
(274, 218, 343, 1, 3500, 4500, '2022-11-03', 1),
(275, 219, 348, 1, 2417, 3500, '2022-11-03', 1),
(276, 221, 310, 1, 3500, 4500, '2022-11-03', 1),
(277, 222, 348, 1, 2417, 3500, '2022-11-03', 1),
(278, 224, 85, 1, 3958, 5000, '2022-11-03', 1),
(279, 225, 100, 1, 4000, 5000, '2022-11-03', 1),
(280, 225, 93, 1, 2363, 3000, '2022-11-03', 1),
(281, 225, 83, 2, 4750, 6000, '2022-11-03', 1),
(282, 226, 457, 1, 1709, 2000, '2022-11-03', 1),
(283, 226, 37, 1, 1750, 2000, '2022-11-03', 1),
(284, 228, 93, 2, 4726, 6000, '2022-11-03', 1),
(285, 229, 4, 2, 3040, 4000, '2022-11-03', 1),
(286, 229, 101, 1, 2750, 3500, '2022-11-03', 1),
(287, 230, 93, 1, 2363, 3000, '2022-11-03', 1),
(288, 231, 331, 1, 5120, 6000, '2022-11-03', 1),
(289, 233, 96, 1, 1912, 2500, '2022-11-03', 1),
(290, 234, 101, 2, 5500, 7000, '2022-11-03', 1),
(291, 235, 343, 1, 3500, 4500, '2022-11-03', 1),
(292, 236, 83, 1, 2375, 3000, '2022-11-03', 1),
(293, 236, 4, 1, 1520, 2000, '2022-11-03', 1),
(294, 238, 83, 1, 2375, 3000, '2022-11-03', 1),
(295, 239, 4, 1, 1520, 2000, '2022-11-03', 1),
(296, 239, 348, 1, 2417, 3500, '2022-11-03', 1),
(297, 240, 348, 1, 2417, 3500, '2022-11-03', 1),
(298, 240, 82, 1, 2375, 3000, '2022-11-03', 1),
(299, 242, 93, 1, 2363, 3000, '2022-11-03', 1),
(300, 243, 87, 4, 3600, 6000, '2022-11-03', 1),
(301, 244, 338, 1, 2313, 3000, '2022-11-03', 1),
(302, 245, 466, 1, 5334, 7000, '2022-11-03', 1),
(303, 245, 94, 1, 2313, 3000, '2022-11-03', 1),
(304, 247, 4, 1, 1520, 2000, '2022-11-03', 1),
(305, 247, 96, 1, 1912, 2500, '2022-11-03', 1),
(306, 248, 79, 1, 3958, 4500, '2022-11-03', 1),
(307, 249, 82, 1, 2375, 3000, '2022-11-03', 1),
(308, 250, 4, 1, 1520, 2000, '2022-11-03', 1),
(309, 251, 28, 1, 875, 1000, '2022-11-03', 1),
(310, 253, 101, 1, 2750, 3500, '2022-11-03', 1),
(311, 254, 322, 1, 450, 500, '2022-11-03', 1),
(312, 255, 101, 1, 2750, 3500, '2022-11-03', 1),
(313, 256, 2, 2, 584, 1000, '2022-11-03', 1),
(314, 257, 97, 2, 3826, 5000, '2022-11-03', 1),
(315, 258, 360, 1, 3208, 4000, '2022-11-03', 1),
(316, 259, 4, 1, 1520, 2000, '2022-11-03', 1),
(317, 260, 2, 1, 292, 500, '2022-11-03', 1),
(318, 261, 97, 1, 1913, 2500, '2022-11-03', 1),
(319, 261, 93, 1, 2363, 3000, '2022-11-03', 1),
(320, 262, 69, 1, 550, 1000, '2022-11-03', 1),
(321, 263, 331, 1, 5120, 6000, '2022-11-03', 1),
(322, 263, 83, 2, 4750, 6000, '2022-11-03', 1),
(323, 264, 4, 1, 1520, 2000, '2022-11-03', 1),
(324, 265, 96, 2, 3824, 5000, '2022-11-03', 1),
(325, 266, 310, 2, 7000, 9000, '2022-11-03', 1),
(326, 267, 333, 1, 1854, 2500, '2022-11-03', 1),
(327, 268, 466, 1, 5334, 7000, '2022-11-03', 1),
(328, 268, 83, 1, 2375, 3000, '2022-11-03', 1),
(329, 269, 4, 3, 4560, 6000, '2022-11-03', 1),
(330, 270, 307, 1, 3792, 5000, '2022-11-03', 1),
(331, 270, 4, 1, 1520, 2000, '2022-11-03', 1),
(332, 271, 333, 1, 1854, 2500, '2022-11-03', 1),
(333, 271, 10, 1, 1042, 1500, '2022-11-03', 1),
(334, 272, 80, 1, 3958, 5000, '2022-11-03', 1),
(335, 273, 348, 1, 2417, 3500, '2022-11-03', 1),
(336, 273, 83, 1, 2375, 3000, '2022-11-03', 1),
(337, 274, 333, 1, 1854, 2500, '2022-11-03', 1),
(338, 275, 96, 1, 1912, 2500, '2022-11-03', 1),
(339, 275, 93, 1, 2363, 3000, '2022-11-03', 1),
(340, 275, 101, 1, 2750, 3500, '2022-11-03', 1),
(341, 276, 4, 1, 1520, 2000, '2022-11-03', 1),
(342, 277, 331, 1, 5120, 6000, '2022-11-03', 1),
(343, 278, 4, 1, 1520, 2000, '2022-11-03', 1),
(344, 280, 4, 1, 1520, 2000, '2022-11-03', 1),
(345, 281, 310, 1, 3500, 4500, '2022-11-03', 1),
(346, 281, 333, 1, 1854, 2500, '2022-11-03', 1),
(347, 282, 97, 3, 5739, 7500, '2022-11-03', 1),
(348, 283, 4, 1, 1520, 2000, '2022-11-03', 1),
(349, 284, 310, 1, 3500, 4500, '2022-11-03', 1),
(350, 285, 348, 2, 4834, 7000, '2022-11-03', 1),
(351, 286, 93, 2, 4726, 6000, '2022-11-03', 1),
(352, 288, 333, 1, 1854, 2500, '2022-11-03', 1),
(353, 288, 101, 1, 2750, 3500, '2022-11-03', 1),
(354, 290, 97, 1, 1913, 2500, '2022-11-03', 1),
(355, 291, 476, 1, 1750, 2000, '2022-11-03', 1),
(356, 292, 28, 1, 875, 1000, '2022-11-03', 1),
(357, 292, 93, 2, 4726, 6000, '2022-11-03', 1),
(358, 293, 16, 3, 5118, 6000, '2022-11-03', 1),
(359, 294, 93, 1, 2363, 3000, '2022-11-03', 1),
(360, 295, 4, 1, 1520, 2000, '2022-11-03', 1),
(361, 296, 101, 2, 5500, 7000, '2022-11-03', 1),
(362, 296, 93, 1, 2363, 3000, '2022-11-03', 1),
(363, 296, 333, 2, 3708, 5000, '2022-11-03', 1),
(364, 297, 37, 1, 1750, 2000, '2022-11-03', 1),
(365, 297, 83, 1, 2375, 3000, '2022-11-03', 1),
(366, 297, 17, 1, 890, 1500, '2022-11-03', 1),
(367, 298, 96, 1, 1912, 2500, '2022-11-03', 1),
(368, 298, 83, 1, 2375, 3000, '2022-11-03', 1),
(369, 299, 95, 1, 2212, 3000, '2022-11-03', 1),
(370, 299, 93, 1, 2363, 3000, '2022-11-03', 1),
(371, 300, 4, 1, 1520, 2000, '2022-11-03', 1),
(372, 300, 83, 2, 4750, 6000, '2022-11-03', 1),
(373, 301, 302, 1, 3500, 4500, '2022-11-03', 1),
(374, 301, 310, 1, 3500, 4500, '2022-11-03', 1),
(375, 302, 93, 1, 2363, 3000, '2022-11-03', 1),
(376, 302, 96, 1, 1912, 2500, '2022-11-03', 1),
(377, 303, 93, 1, 2363, 3000, '2022-11-03', 1),
(378, 303, 96, 1, 1912, 2500, '2022-11-03', 1),
(379, 303, 97, 1, 1913, 2500, '2022-11-03', 1),
(380, 304, 4, 1, 1520, 2000, '2022-11-03', 1),
(381, 304, 83, 1, 2375, 3000, '2022-11-03', 1),
(382, 305, 28, 1, 875, 1000, '2022-11-03', 1),
(383, 305, 23, 1, 1567, 2000, '2022-11-03', 1),
(384, 305, 16, 1, 1706, 2000, '2022-11-03', 1),
(385, 306, 455, 1, 450, 500, '2022-11-03', 1),
(386, 307, 82, 1, 2375, 3000, '2022-11-03', 1),
(387, 308, 96, 1, 1912, 2500, '2022-11-03', 1),
(388, 309, 22, 16, 12720, 16000, '2022-11-03', 1),
(389, 310, 52, 1, 2525, 3000, '2022-11-03', 1),
(390, 311, 4, 1, 1520, 2000, '2022-11-03', 1),
(391, 312, 476, 1, 1750, 2000, '2022-11-03', 1),
(392, 312, 459, 1, 1708, 2000, '2022-11-03', 1),
(393, 313, 4, 1, 1520, 2000, '2022-11-03', 1),
(394, 314, 310, 1, 3500, 4500, '2022-11-03', 1),
(395, 315, 83, 1, 2375, 3000, '2022-11-03', 1),
(396, 316, 4, 1, 1520, 2000, '2022-11-03', 1),
(397, 317, 4, 1, 1520, 2000, '2022-11-03', 1),
(398, 318, 333, 1, 1854, 2500, '2022-11-03', 1),
(399, 318, 93, 1, 2363, 3000, '2022-11-03', 1),
(400, 318, 4, 1, 1520, 2000, '2022-11-03', 1),
(401, 319, 17, 1, 890, 1500, '2022-11-04', 1),
(402, 319, 463, 1, 1667, 2000, '2022-11-04', 1),
(403, 320, 466, 1, 5334, 7000, '2022-11-04', 1),
(404, 320, 339, 1, 3500, 4500, '2022-11-04', 1),
(405, 320, 457, 1, 1709, 2000, '2022-11-04', 1),
(406, 321, 85, 1, 3958, 5000, '2022-11-04', 1),
(407, 322, 310, 1, 3500, 4500, '2022-11-04', 1),
(408, 322, 339, 1, 3500, 4500, '2022-11-04', 1),
(409, 323, 308, 1, 3583, 4500, '2022-11-04', 1),
(410, 324, 310, 5, 17500, 22500, '2022-11-04', 1),
(411, 324, 442, 1, 880, 1000, '2022-11-04', 1),
(412, 324, 79, 1, 3958, 4500, '2022-11-04', 1),
(413, 324, 4, 4, 6080, 8000, '2022-11-04', 1),
(414, 324, 87, 1, 900, 1500, '2022-11-04', 1),
(415, 324, 17, 1, 890, 1500, '2022-11-04', 1),
(416, 324, 25, 1, 850, 1000, '2022-11-04', 1),
(417, 325, 341, 2, 3708, 5000, '2022-11-04', 1),
(418, 325, 476, 2, 3500, 4000, '2022-11-04', 1),
(419, 326, 25, 1, 850, 1000, '2022-11-04', 1),
(420, 326, 362, 1, 900, 1000, '2022-11-04', 1),
(421, 326, 461, 1, 1750, 2000, '2022-11-04', 1),
(422, 327, 449, 2, 3500, 4000, '2022-11-04', 1),
(423, 327, 463, 1, 1667, 2000, '2022-11-04', 1),
(424, 327, 457, 1, 1709, 2000, '2022-11-04', 1),
(425, 327, 31, 1, 1867, 2000, '2022-11-04', 1),
(426, 328, 306, 10, 4690, 5000, '2022-11-04', 1),
(427, 328, 45, 1, 812, 1000, '2022-11-04', 1),
(428, 328, 87, 2, 1800, 3000, '2022-11-04', 1),
(429, 328, 25, 1, 850, 1000, '2022-11-04', 1),
(430, 328, 26, 2, 880, 1000, '2022-11-04', 1),
(431, 329, 120, 1, 1800, 2000, '2022-11-04', 1),
(432, 329, 461, 2, 3500, 4000, '2022-11-04', 1),
(433, 329, 134, 1, 281, 500, '2022-11-04', 1),
(434, 330, 444, 1, 850, 1000, '2022-11-04', 1),
(435, 330, 23, 1, 1567, 2000, '2022-11-04', 1),
(436, 330, 458, 2, 900, 1000, '2022-11-04', 1),
(437, 330, 93, 1, 2363, 3000, '2022-11-04', 1),
(438, 331, 25, 1, 850, 1000, '2022-11-04', 1),
(439, 332, 295, 2, 3166, 5000, '2022-11-04', 1),
(440, 332, 37, 1, 1750, 2000, '2022-11-04', 1),
(441, 332, 4, 1, 1520, 2000, '2022-11-04', 1),
(442, 332, 476, 1, 1750, 2000, '2022-11-04', 1),
(443, 332, 36, 2, 900, 1000, '2022-11-04', 1),
(444, 332, 442, 1, 880, 1000, '2022-11-04', 1),
(445, 333, 467, 2, 2400, 4000, '2022-11-04', 1),
(446, 333, 69, 2, 1100, 2000, '2022-11-04', 1),
(447, 334, 83, 1, 2375, 3000, '2022-11-04', 1),
(448, 335, 308, 3, 10749, 13500, '2022-11-04', 1),
(449, 335, 36, 3, 1350, 1500, '2022-11-04', 1),
(450, 336, 4, 1, 1520, 2000, '2022-11-04', 1),
(451, 337, 31, 2, 3734, 4000, '2022-11-04', 1),
(452, 337, 120, 2, 3600, 4000, '2022-11-04', 1),
(453, 337, 463, 1, 1667, 2000, '2022-11-04', 1),
(454, 338, 134, 2, 562, 1000, '2022-11-04', 1),
(455, 338, 442, 2, 1760, 2000, '2022-11-04', 1),
(456, 339, 101, 1, 2750, 3500, '2022-11-04', 1),
(457, 339, 87, 1, 900, 1500, '2022-11-04', 1),
(458, 340, 25, 1, 850, 1000, '2022-11-04', 1),
(459, 341, 4, 2, 3040, 4000, '2022-11-04', 1),
(460, 342, 310, 1, 3500, 4500, '2022-11-04', 1),
(461, 343, 96, 3, 5736, 7500, '2022-11-04', 1),
(462, 343, 93, 2, 4726, 6000, '2022-11-04', 1),
(463, 344, 81, 1, 2375, 3000, '2022-11-04', 1),
(464, 345, 306, 2, 938, 1000, '2022-11-04', 1),
(465, 345, 23, 1, 1567, 2000, '2022-11-04', 1),
(466, 346, 310, 2, 7000, 9000, '2022-11-04', 1),
(467, 346, 4, 2, 3040, 4000, '2022-11-04', 1),
(468, 346, 360, 1, 3208, 4000, '2022-11-04', 1),
(469, 347, 82, 1, 2375, 3000, '2022-11-04', 1),
(470, 348, 82, 2, 4750, 6000, '2022-11-04', 1),
(471, 349, 27, 1, 1583, 2000, '2022-11-04', 1),
(472, 349, 23, 2, 3134, 4000, '2022-11-04', 1),
(473, 350, 45, 2, 1624, 2000, '2022-11-04', 1),
(474, 350, 81, 1, 2375, 3000, '2022-11-04', 1),
(475, 351, 476, 3, 5250, 6000, '2022-11-04', 1),
(476, 351, 88, 2, 1626, 2000, '2022-11-04', 1),
(477, 352, 83, 1, 2375, 3000, '2022-11-04', 1),
(478, 353, 306, 2, 938, 1000, '2022-11-04', 1),
(479, 353, 45, 3, 2436, 3000, '2022-11-04', 1),
(480, 354, 17, 1, 890, 1500, '2022-11-04', 1),
(481, 354, 455, 1, 450, 500, '2022-11-04', 1),
(482, 355, 97, 1, 1913, 2500, '2022-11-04', 1),
(483, 355, 455, 1, 450, 500, '2022-11-04', 1),
(484, 356, 339, 1, 3500, 4500, '2022-11-04', 1),
(485, 356, 455, 1, 450, 500, '2022-11-04', 1),
(486, 357, 79, 1, 3958, 4500, '2022-11-04', 1),
(487, 357, 455, 1, 450, 500, '2022-11-04', 1),
(488, 357, 297, 1, 2188, 3000, '2022-11-04', 1),
(489, 357, 37, 1, 1750, 2000, '2022-11-04', 1),
(490, 357, 23, 1, 1567, 2000, '2022-11-04', 1),
(491, 358, 80, 1, 3958, 5000, '2022-11-04', 1),
(492, 358, 17, 1, 890, 1500, '2022-11-04', 1),
(493, 358, 462, 2, 1800, 2000, '2022-11-04', 1),
(494, 358, 31, 1, 1867, 2000, '2022-11-04', 1),
(495, 358, 455, 2, 900, 1000, '2022-11-04', 1),
(496, 358, 310, 1, 3500, 4500, '2022-11-04', 1),
(497, 359, 310, 2, 7000, 9000, '2022-11-04', 1),
(498, 359, 36, 2, 900, 1000, '2022-11-04', 1),
(499, 360, 302, 1, 3500, 4500, '2022-11-04', 1),
(500, 360, 36, 1, 450, 500, '2022-11-04', 1),
(501, 362, 339, 1, 3500, 4500, '2022-11-04', 1),
(502, 362, 455, 1, 450, 500, '2022-11-04', 1),
(503, 363, 4, 2, 3040, 4000, '2022-11-04', 1),
(504, 363, 350, 1, 3375, 4000, '2022-11-04', 1),
(505, 363, 455, 1, 450, 500, '2022-11-04', 1),
(506, 364, 2, 2, 584, 1000, '2022-11-04', 1),
(507, 365, 310, 1, 3500, 4500, '2022-11-04', 1),
(508, 365, 455, 1, 450, 500, '2022-11-04', 1),
(509, 365, 340, 1, 3333, 4000, '2022-11-04', 1),
(510, 366, 4, 3, 4560, 6000, '2022-11-04', 1),
(511, 366, 478, 1, 3333, 4000, '2022-11-04', 1),
(512, 367, 45, 1, 812, 1000, '2022-11-04', 1),
(513, 369, 88, 1, 813, 1000, '2022-11-04', 1),
(514, 369, 459, 1, 1708, 2000, '2022-11-04', 1),
(515, 369, 4, 1, 1520, 2000, '2022-11-04', 1),
(516, 369, 25, 1, 850, 1000, '2022-11-04', 1),
(517, 370, 25, 2, 1700, 2000, '2022-11-04', 1),
(518, 370, 4, 1, 1520, 2000, '2022-11-04', 1),
(519, 370, 310, 1, 3500, 4500, '2022-11-04', 1),
(520, 370, 455, 1, 450, 500, '2022-11-04', 1),
(521, 370, 28, 1, 875, 1000, '2022-11-04', 1),
(522, 370, 31, 1, 1867, 2000, '2022-11-04', 1),
(523, 371, 4, 1, 1520, 2000, '2022-11-04', 1),
(524, 372, 4, 1, 1520, 2000, '2022-11-04', 1),
(525, 372, 442, 1, 880, 1000, '2022-11-04', 1),
(526, 373, 455, 1, 450, 500, '2022-11-04', 1),
(527, 374, 85, 1, 3958, 5000, '2022-11-04', 1),
(528, 374, 303, 1, 3500, 4500, '2022-11-04', 1),
(529, 374, 80, 1, 3958, 5000, '2022-11-04', 1),
(530, 374, 31, 1, 1867, 2000, '2022-11-04', 1),
(531, 374, 120, 1, 1800, 2000, '2022-11-04', 1),
(532, 374, 455, 1, 450, 500, '2022-11-04', 1),
(533, 375, 4, 2, 3040, 4000, '2022-11-04', 1),
(534, 376, 455, 2, 900, 1000, '2022-11-04', 1),
(535, 377, 455, 1, 450, 500, '2022-11-04', 1),
(536, 378, 302, 1, 3500, 4500, '2022-11-04', 1),
(537, 379, 333, 1, 1854, 2500, '2022-11-04', 1),
(538, 379, 457, 1, 1709, 2000, '2022-11-04', 1),
(539, 379, 455, 1, 450, 500, '2022-11-04', 1),
(540, 380, 81, 2, 4750, 6000, '2022-11-04', 1),
(541, 380, 17, 2, 1780, 3000, '2022-11-04', 1),
(542, 380, 368, 2, 6666, 8000, '2022-11-04', 1),
(543, 380, 83, 1, 2375, 3000, '2022-11-04', 1),
(544, 381, 442, 2, 1760, 2000, '2022-11-04', 1),
(545, 381, 4, 3, 4560, 6000, '2022-11-04', 1),
(546, 382, 463, 1, 1667, 2000, '2022-11-04', 1),
(547, 383, 330, 1, 2920, 3500, '2022-11-04', 1),
(548, 383, 306, 1, 469, 500, '2022-11-04', 1),
(549, 383, 23, 2, 3134, 4000, '2022-11-04', 1),
(550, 383, 21, 1, 1708, 2000, '2022-11-04', 1),
(551, 383, 25, 1, 850, 1000, '2022-11-04', 1),
(552, 383, 296, 1, 2208, 3000, '2022-11-04', 1),
(553, 384, 455, 1, 450, 500, '2022-11-04', 1),
(554, 385, 4, 2, 3040, 4000, '2022-11-04', 1),
(555, 385, 333, 1, 1854, 2500, '2022-11-04', 1),
(556, 385, 17, 2, 1780, 3000, '2022-11-04', 1),
(557, 385, 455, 3, 1350, 1500, '2022-11-04', 1),
(558, 385, 310, 1, 3500, 4500, '2022-11-04', 1),
(559, 385, 369, 1, 2363, 3000, '2022-11-04', 1),
(560, 385, 458, 1, 450, 500, '2022-11-04', 1),
(561, 385, 87, 1, 900, 1500, '2022-11-04', 1),
(562, 386, 4, 2, 3040, 4000, '2022-11-04', 1),
(563, 386, 83, 1, 2375, 3000, '2022-11-04', 1),
(564, 386, 455, 1, 450, 500, '2022-11-04', 1),
(565, 386, 458, 1, 450, 500, '2022-11-04', 1),
(566, 386, 87, 1, 900, 1500, '2022-11-04', 1),
(567, 387, 474, 1, 3300, 4000, '2022-11-04', 1),
(568, 388, 458, 2, 900, 1000, '2022-11-04', 1),
(569, 388, 4, 1, 1520, 2000, '2022-11-04', 1),
(570, 389, 310, 1, 3500, 4500, '2022-11-04', 1),
(571, 389, 455, 1, 450, 500, '2022-11-04', 1),
(572, 390, 37, 1, 1750, 2000, '2022-11-04', 1),
(573, 391, 4, 2, 3040, 4000, '2022-11-04', 1),
(574, 391, 25, 1, 850, 1000, '2022-11-04', 1),
(575, 392, 458, 4, 1800, 2000, '2022-11-04', 1),
(576, 393, 458, 1, 450, 500, '2022-11-04', 1),
(577, 394, 97, 1, 1913, 2500, '2022-11-04', 1),
(578, 394, 458, 3, 1350, 1500, '2022-11-04', 1),
(579, 395, 4, 2, 3040, 4000, '2022-11-04', 1),
(580, 396, 4, 1, 1520, 2000, '2022-11-04', 1),
(581, 396, 79, 1, 3958, 4500, '2022-11-04', 1),
(582, 396, 369, 1, 2363, 3000, '2022-11-04', 1),
(583, 396, 458, 1, 450, 500, '2022-11-04', 1),
(584, 397, 369, 1, 2363, 3000, '2022-11-04', 1),
(585, 398, 83, 2, 4750, 6000, '2022-11-04', 1),
(586, 399, 466, 1, 5334, 7000, '2022-11-04', 1),
(587, 400, 478, 1, 3333, 4000, '2022-11-04', 1),
(588, 401, 297, 1, 2188, 3000, '2022-11-04', 1),
(589, 402, 4, 1, 1520, 2000, '2022-11-07', 1),
(590, 403, 4, 2, 3040, 4000, '2022-11-07', 1),
(591, 404, 4, 6, 9120, 12000, '2022-11-07', 1),
(592, 405, 463, 1, 1667, 2000, '2022-11-07', 1),
(593, 406, 25, 1, 850, 1000, '2022-11-07', 1),
(594, 407, 4, 1, 1520, 2000, '2022-11-07', 1),
(595, 408, 4, 1, 1520, 2000, '2022-11-07', 1),
(596, 409, 463, 1, 1667, 2000, '2022-11-07', 1),
(597, 409, 17, 1, 890, 1500, '2022-11-07', 1),
(598, 409, 26, 1, 440, 500, '2022-11-07', 1),
(599, 410, 134, 2, 562, 1000, '2022-11-07', 1),
(600, 411, 4, 1, 1520, 2000, '2022-11-07', 1),
(601, 411, 26, 2, 880, 1000, '2022-11-07', 1),
(602, 412, 4, 1, 1520, 2000, '2022-11-07', 1),
(603, 413, 45, 1, 812, 1000, '2022-11-07', 1),
(604, 414, 297, 1, 2188, 3000, '2022-11-07', 1),
(605, 414, 344, 1, 3333, 4000, '2022-11-07', 1),
(606, 415, 4, 4, 6080, 8000, '2022-11-07', 1),
(607, 416, 478, 1, 3333, 4000, '2022-11-07', 1),
(608, 417, 310, 1, 3500, 4500, '2022-11-07', 1),
(609, 417, 35, 1, 450, 500, '2022-11-07', 1),
(610, 418, 478, 1, 3333, 4000, '2022-11-07', 1),
(611, 419, 308, 1, 3583, 4500, '2022-11-07', 1),
(612, 419, 4, 1, 1520, 2000, '2022-11-07', 1),
(613, 420, 310, 2, 7000, 9000, '2022-11-07', 1),
(614, 421, 4, 6, 9120, 12000, '2022-11-07', 1),
(615, 422, 78, 1, 3875, 4500, '2022-11-07', 1),
(616, 422, 81, 1, 2375, 3000, '2022-11-07', 1),
(617, 423, 166, 1, 3500, 4500, '2022-11-07', 1),
(618, 424, 93, 1, 2363, 3000, '2022-11-07', 1),
(619, 425, 348, 1, 2147, 3000, '2022-11-07', 1),
(620, 426, 93, 2, 4726, 6000, '2022-11-07', 1),
(621, 427, 4, 2, 3040, 4000, '2022-11-07', 1),
(622, 428, 310, 1, 3500, 4500, '2022-11-07', 1),
(623, 429, 82, 1, 2375, 3000, '2022-11-07', 1),
(624, 430, 28, 2, 1750, 2000, '2022-11-07', 1),
(625, 430, 393, 1, 2190, 3000, '2022-11-07', 1),
(626, 431, 4, 2, 3040, 4000, '2022-11-07', 1),
(627, 432, 4, 1, 1520, 2000, '2022-11-07', 1),
(628, 433, 79, 1, 3958, 4500, '2022-11-07', 1),
(629, 433, 458, 1, 450, 500, '2022-11-07', 1),
(630, 433, 28, 1, 875, 1000, '2022-11-07', 1),
(631, 433, 23, 1, 1567, 2000, '2022-11-07', 1),
(632, 433, 1, 1, 315, 500, '2022-11-07', 1),
(633, 433, 442, 1, 880, 1000, '2022-11-07', 1),
(634, 434, 295, 1, 1583, 2500, '2022-11-07', 1),
(635, 435, 310, 1, 3500, 4500, '2022-11-07', 1),
(636, 435, 340, 2, 6666, 8000, '2022-11-07', 1),
(637, 436, 93, 1, 2363, 3000, '2022-11-07', 1),
(638, 436, 478, 1, 3333, 4000, '2022-11-07', 1),
(639, 437, 28, 1, 875, 1000, '2022-11-07', 1),
(640, 437, 457, 1, 1709, 2000, '2022-11-07', 1),
(641, 438, 348, 3, 6441, 9000, '2022-11-07', 1),
(642, 439, 4, 1, 1520, 2000, '2022-11-07', 1),
(643, 440, 4, 1, 1520, 2000, '2022-11-07', 1),
(644, 441, 4, 1, 1520, 2000, '2022-11-07', 1),
(645, 441, 295, 1, 1583, 2500, '2022-11-07', 1),
(646, 442, 82, 1, 2375, 3000, '2022-11-07', 1),
(647, 442, 303, 1, 3500, 4500, '2022-11-07', 1),
(648, 443, 86, 1, 5334, 7000, '2022-11-07', 1),
(649, 444, 339, 1, 3500, 4500, '2022-11-07', 1),
(650, 444, 82, 2, 4750, 6000, '2022-11-07', 1),
(651, 445, 303, 1, 3500, 4500, '2022-11-07', 1),
(652, 445, 472, 1, 1850, 2500, '2022-11-07', 1),
(653, 445, 101, 1, 2750, 3500, '2022-11-07', 1),
(654, 446, 486, 2, 4376, 6000, '2022-11-07', 1),
(655, 447, 488, 1, 1705, 2000, '2022-11-07', 1),
(656, 447, 4, 1, 1520, 2000, '2022-11-07', 1),
(657, 448, 4, 1, 1520, 2000, '2022-11-07', 1),
(658, 449, 4, 2, 3040, 4000, '2022-11-07', 1),
(659, 450, 484, 2, 3166, 5000, '2022-11-07', 1),
(660, 451, 113, 3, 1350, 1500, '2022-11-07', 1),
(661, 451, 17, 1, 890, 1500, '2022-11-07', 1),
(662, 452, 2, 2, 584, 1000, '2022-11-07', 1),
(663, 452, 489, 1, 850, 1000, '2022-11-07', 1),
(664, 453, 4, 1, 1520, 2000, '2022-11-07', 1),
(665, 454, 88, 1, 813, 1000, '2022-11-07', 1),
(666, 454, 484, 2, 3166, 5000, '2022-11-07', 1),
(667, 454, 120, 1, 1800, 2000, '2022-11-07', 1),
(668, 455, 78, 1, 3875, 4500, '2022-11-07', 1),
(669, 456, 2, 2, 584, 1000, '2022-11-07', 1),
(670, 457, 101, 1, 2750, 3500, '2022-11-07', 1),
(671, 458, 483, 1, 3500, 4500, '2022-11-07', 1),
(672, 459, 96, 1, 1912, 2500, '2022-11-07', 1),
(673, 460, 80, 1, 3958, 5000, '2022-11-07', 1),
(674, 461, 120, 1, 1800, 2000, '2022-11-07', 1),
(675, 462, 4, 1, 1520, 2000, '2022-11-07', 1),
(676, 463, 119, 1, 850, 1000, '2022-11-07', 1),
(677, 463, 442, 1, 880, 1000, '2022-11-07', 1),
(678, 463, 2, 2, 584, 1000, '2022-11-07', 1),
(679, 464, 101, 1, 2750, 3500, '2022-11-07', 1),
(680, 465, 486, 1, 2188, 3000, '2022-11-07', 1),
(681, 466, 88, 2, 1626, 2000, '2022-11-07', 1),
(682, 466, 83, 1, 2375, 3000, '2022-11-07', 1),
(683, 467, 354, 1, 880, 1000, '2022-11-07', 1),
(684, 467, 4, 1, 1520, 2000, '2022-11-07', 1),
(685, 468, 82, 1, 2375, 3000, '2022-11-07', 1),
(686, 468, 4, 1, 1520, 2000, '2022-11-07', 1),
(687, 469, 97, 1, 1913, 2500, '2022-11-07', 1),
(688, 470, 80, 1, 3958, 5000, '2022-11-07', 1),
(689, 470, 82, 1, 2375, 3000, '2022-11-07', 1),
(690, 471, 83, 2, 4750, 6000, '2022-11-07', 1),
(691, 472, 360, 1, 3208, 4000, '2022-11-07', 1),
(692, 473, 28, 1, 875, 1000, '2022-11-07', 1),
(693, 474, 4, 1, 1520, 2000, '2022-11-07', 1),
(694, 475, 489, 1, 850, 1000, '2022-11-07', 1),
(695, 475, 354, 1, 880, 1000, '2022-11-07', 1),
(696, 476, 82, 1, 2375, 3000, '2022-11-07', 1),
(697, 476, 45, 2, 1624, 2000, '2022-11-07', 1),
(698, 477, 97, 3, 5739, 7500, '2022-11-07', 1),
(699, 478, 97, 2, 3826, 5000, '2022-11-07', 1),
(700, 479, 4, 1, 1520, 2000, '2022-11-07', 1),
(701, 480, 296, 1, 2208, 3000, '2022-11-07', 1),
(702, 481, 486, 2, 4376, 6000, '2022-11-07', 1),
(703, 482, 333, 1, 1854, 2500, '2022-11-07', 1),
(704, 483, 451, 2, 3600, 4000, '2022-11-07', 1),
(705, 484, 333, 1, 1854, 2500, '2022-11-07', 1),
(706, 485, 452, 1, 900, 1000, '2022-11-07', 1),
(707, 486, 2, 2, 584, 1000, '2022-11-07', 1),
(708, 487, 97, 1, 1913, 2500, '2022-11-07', 1),
(709, 487, 483, 1, 3500, 4500, '2022-11-07', 1),
(710, 488, 81, 1, 2375, 3000, '2022-11-07', 1),
(711, 489, 485, 1, 2708, 3500, '2022-11-07', 1),
(712, 489, 83, 1, 2375, 3000, '2022-11-07', 1),
(713, 490, 484, 1, 1583, 2500, '2022-11-07', 1),
(714, 490, 82, 1, 2375, 3000, '2022-11-07', 1),
(715, 491, 83, 1, 2375, 3000, '2022-11-07', 1),
(716, 492, 303, 2, 7000, 9000, '2022-11-07', 1),
(717, 493, 81, 1, 2375, 3000, '2022-11-07', 1),
(718, 493, 4, 1, 1520, 2000, '2022-11-07', 1),
(719, 494, 97, 1, 1913, 2500, '2022-11-07', 1),
(720, 495, 97, 1, 1913, 2500, '2022-11-07', 1),
(721, 496, 4, 1, 1520, 2000, '2022-11-07', 1),
(722, 496, 444, 1, 850, 1000, '2022-11-07', 1),
(723, 496, 452, 1, 900, 1000, '2022-11-07', 1),
(724, 497, 88, 3, 2439, 3000, '2022-11-07', 1),
(725, 498, 4, 1, 1520, 2000, '2022-11-08', 1),
(726, 499, 295, 1, 1583, 2500, '2022-11-08', 1),
(727, 499, 472, 1, 1850, 2500, '2022-11-08', 1),
(728, 500, 4, 1, 1520, 2000, '2022-11-08', 1),
(729, 501, 4, 2, 3040, 4000, '2022-11-08', 1),
(730, 502, 457, 1, 1709, 2000, '2022-11-08', 1),
(731, 502, 28, 1, 875, 1000, '2022-11-08', 1),
(732, 502, 88, 1, 813, 1000, '2022-11-08', 1),
(733, 503, 2, 2, 584, 1000, '2022-11-08', 1),
(734, 504, 4, 1, 1520, 2000, '2022-11-08', 1),
(735, 505, 4, 1, 1520, 2000, '2022-11-08', 1),
(736, 506, 466, 1, 5334, 7000, '2022-11-08', 1),
(737, 507, 163, 2, 4750, 6000, '2022-11-08', 1),
(738, 508, 2, 4, 1168, 2000, '2022-11-08', 1),
(739, 509, 4, 3, 4560, 6000, '2022-11-08', 1),
(740, 509, 2, 2, 584, 1000, '2022-11-08', 1),
(741, 510, 4, 2, 3040, 4000, '2022-11-08', 1),
(742, 511, 403, 1, 2188, 3000, '2022-11-08', 1),
(743, 512, 4, 1, 1520, 2000, '2022-11-08', 1),
(744, 512, 2, 2, 584, 1000, '2022-11-08', 1),
(745, 513, 4, 1, 1520, 2000, '2022-11-08', 1),
(746, 514, 4, 1, 1520, 2000, '2022-11-08', 1),
(747, 515, 2, 4, 1168, 2000, '2022-11-08', 1),
(748, 516, 4, 2, 3040, 4000, '2022-11-08', 1),
(749, 516, 455, 2, 900, 1000, '2022-11-08', 1),
(750, 517, 2, 2, 584, 1000, '2022-11-08', 1),
(751, 518, 4, 3, 4560, 6000, '2022-11-08', 1),
(752, 518, 2, 4, 1168, 2000, '2022-11-08', 1),
(753, 519, 455, 2, 900, 1000, '2022-11-08', 1),
(754, 520, 455, 2, 900, 1000, '2022-11-08', 1),
(755, 521, 78, 1, 3875, 4500, '2022-11-08', 1),
(756, 522, 79, 2, 7916, 9000, '2022-11-08', 1),
(757, 523, 4, 1, 1520, 2000, '2022-11-08', 1),
(758, 524, 333, 1, 1854, 2500, '2022-11-08', 1),
(759, 524, 97, 1, 1913, 2500, '2022-11-08', 1),
(760, 524, 113, 2, 900, 1000, '2022-11-08', 1),
(761, 524, 88, 1, 813, 1000, '2022-11-08', 1),
(762, 525, 461, 1, 1750, 2000, '2022-11-08', 1),
(763, 525, 45, 1, 812, 1000, '2022-11-08', 1),
(764, 525, 88, 1, 813, 1000, '2022-11-08', 1),
(765, 525, 4, 3, 4560, 6000, '2022-11-08', 1),
(766, 525, 348, 1, 2147, 3000, '2022-11-08', 1),
(767, 525, 457, 1, 1709, 2000, '2022-11-08', 1),
(768, 525, 443, 1, 900, 1000, '2022-11-08', 1),
(769, 525, 444, 1, 850, 1000, '2022-11-08', 1),
(770, 526, 4, 4, 6080, 8000, '2022-11-08', 1),
(771, 527, 452, 1, 900, 1000, '2022-11-08', 1),
(772, 528, 295, 1, 1583, 2500, '2022-11-08', 1),
(773, 528, 4, 3, 4560, 6000, '2022-11-08', 1),
(774, 529, 485, 1, 2708, 3500, '2022-11-08', 1),
(775, 529, 83, 1, 2375, 3000, '2022-11-08', 1),
(776, 529, 2, 1, 292, 500, '2022-11-08', 1),
(777, 529, 362, 1, 900, 1000, '2022-11-08', 1),
(778, 529, 455, 1, 450, 500, '2022-11-08', 1),
(779, 530, 486, 1, 2188, 3000, '2022-11-08', 1),
(780, 530, 18, 1, 900, 1000, '2022-11-08', 1),
(781, 530, 443, 1, 900, 1000, '2022-11-08', 1),
(782, 531, 296, 3, 6624, 9000, '2022-11-08', 1),
(783, 531, 2, 6, 1752, 3000, '2022-11-08', 1),
(784, 531, 4, 1, 1520, 2000, '2022-11-08', 1),
(785, 532, 2, 2, 584, 1000, '2022-11-08', 1),
(786, 533, 348, 1, 2147, 3000, '2022-11-08', 1),
(787, 533, 443, 1, 900, 1000, '2022-11-08', 1),
(788, 533, 308, 1, 3583, 4500, '2022-11-08', 1),
(789, 533, 86, 1, 5334, 7000, '2022-11-08', 1),
(790, 534, 339, 1, 3500, 4500, '2022-11-08', 1),
(791, 534, 81, 1, 2375, 3000, '2022-11-08', 1),
(792, 534, 369, 1, 2363, 3000, '2022-11-08', 1),
(793, 534, 78, 1, 3875, 4500, '2022-11-08', 1),
(794, 534, 295, 1, 1583, 2500, '2022-11-08', 1),
(795, 535, 360, 5, 16040, 20000, '2022-11-08', 1),
(796, 536, 348, 1, 2147, 3000, '2022-11-08', 1),
(797, 536, 404, 1, 2625, 3500, '2022-11-08', 1),
(798, 537, 2, 4, 1168, 2000, '2022-11-08', 1),
(799, 538, 40, 1, 1734, 2000, '2022-11-08', 1),
(800, 539, 404, 1, 2625, 3500, '2022-11-08', 1),
(801, 540, 97, 3, 5739, 7500, '2022-11-08', 1),
(802, 540, 403, 2, 4376, 6000, '2022-11-08', 1),
(803, 541, 2, 4, 1168, 2000, '2022-11-08', 1),
(804, 542, 40, 1, 1734, 2000, '2022-11-08', 1),
(805, 542, 308, 1, 3583, 4500, '2022-11-08', 1),
(806, 543, 2, 2, 584, 1000, '2022-11-08', 1),
(807, 544, 39, 1, 1780, 2000, '2022-11-08', 1),
(808, 544, 82, 1, 2375, 3000, '2022-11-08', 1),
(809, 544, 333, 1, 1854, 2500, '2022-11-08', 1),
(810, 544, 85, 1, 3958, 5000, '2022-11-08', 1),
(811, 545, 467, 1, 1200, 2000, '2022-11-08', 1),
(812, 546, 302, 1, 3500, 4500, '2022-11-08', 1),
(813, 547, 333, 3, 5562, 7500, '2022-11-08', 1),
(814, 548, 40, 1, 1734, 2000, '2022-11-08', 1),
(815, 549, 467, 4, 4800, 8000, '2022-11-08', 1),
(816, 550, 83, 1, 2375, 3000, '2022-11-08', 1),
(817, 550, 467, 1, 1200, 2000, '2022-11-08', 1),
(818, 551, 39, 1, 1780, 2000, '2022-11-08', 1),
(819, 551, 483, 1, 3500, 4500, '2022-11-08', 1),
(820, 552, 11, 5, 4065, 5000, '2022-11-08', 1),
(821, 552, 3, 5, 1405, 2500, '2022-11-08', 1),
(822, 552, 7, 1, 792, 1000, '2022-11-08', 1),
(823, 552, 4, 1, 1520, 2000, '2022-11-08', 1),
(824, 552, 13, 1, 0, 0, '2022-11-08', 1),
(825, 552, 12, 2, 4542, 6000, '2022-11-08', 1),
(826, 552, 10, 5, 5210, 7500, '2022-11-08', 1),
(827, 552, 1, 1, 315, 500, '2022-11-08', 1),
(828, 552, 89, 1, 1940, 3000, '2022-11-08', 1),
(829, 552, 91, 1, 1550, 2000, '2022-11-08', 1),
(830, 552, 83, 1, 2375, 3000, '2022-11-08', 1),
(831, 553, 306, 4, 1876, 2000, '2022-11-09', 1),
(832, 554, 491, 1, 1666, 2000, '2022-11-09', 1),
(833, 555, 82, 1, 2375, 3000, '2022-11-09', 1),
(834, 556, 430, 1, 3209, 4000, '2022-11-09', 1),
(835, 556, 88, 1, 813, 1000, '2022-11-09', 1),
(836, 557, 80, 1, 3958, 5000, '2022-11-09', 1),
(837, 558, 306, 2, 938, 1000, '2022-11-09', 1),
(838, 559, 26, 2, 880, 1000, '2022-11-09', 1),
(839, 560, 78, 1, 3875, 4500, '2022-11-09', 1),
(840, 561, 83, 1, 2375, 3000, '2022-11-09', 1),
(841, 562, 3, 2, 562, 1000, '2022-11-09', 1),
(842, 563, 305, 1, 1271, 2000, '2022-11-09', 1),
(843, 564, 306, 1, 469, 500, '2022-11-09', 1),
(844, 565, 79, 2, 7916, 9000, '2022-11-09', 1),
(845, 565, 82, 2, 4750, 6000, '2022-11-09', 1),
(846, 566, 362, 1, 900, 1000, '2022-11-09', 1),
(847, 567, 487, 1, 450, 500, '2022-11-09', 1),
(848, 567, 39, 1, 1780, 2000, '2022-11-09', 1),
(849, 567, 87, 3, 2700, 4500, '2022-11-09', 1),
(850, 567, 451, 1, 1800, 2000, '2022-11-09', 1),
(851, 568, 360, 1, 3208, 4000, '2022-11-09', 1),
(852, 569, 4, 2, 3040, 4000, '2022-11-09', 1),
(853, 570, 493, 2, 3500, 4000, '2022-11-09', 1),
(854, 571, 97, 1, 1913, 2500, '2022-11-09', 1),
(855, 572, 452, 1, 900, 1000, '2022-11-09', 1),
(856, 572, 493, 1, 1750, 2000, '2022-11-09', 1),
(857, 572, 443, 2, 1800, 2000, '2022-11-09', 1),
(858, 573, 296, 1, 2208, 3000, '2022-11-09', 1),
(859, 574, 4, 1, 1520, 2000, '2022-11-09', 1),
(860, 574, 69, 2, 1100, 2000, '2022-11-09', 1),
(861, 575, 4, 1, 1520, 2000, '2022-11-09', 1),
(862, 575, 45, 1, 812, 1000, '2022-11-09', 1),
(863, 576, 4, 1, 1520, 2000, '2022-11-09', 1),
(864, 577, 4, 1, 1520, 2000, '2022-11-09', 1),
(865, 578, 483, 1, 3500, 4500, '2022-11-09', 1),
(866, 579, 323, 1, 1750, 2500, '2022-11-09', 1),
(867, 580, 78, 1, 3875, 4500, '2022-11-09', 1),
(868, 581, 493, 1, 1750, 2000, '2022-11-09', 1),
(869, 581, 323, 1, 1750, 2500, '2022-11-09', 1),
(870, 582, 496, 1, 1700, 2000, '2022-11-09', 1),
(871, 582, 4, 1, 1520, 2000, '2022-11-09', 1),
(872, 582, 483, 1, 3500, 4500, '2022-11-09', 1),
(873, 584, 462, 1, 900, 1000, '2022-11-09', 1),
(874, 585, 4, 1, 1520, 2000, '2022-11-09', 1),
(875, 585, 496, 1, 1700, 2000, '2022-11-09', 1),
(876, 585, 493, 1, 1750, 2000, '2022-11-09', 1),
(877, 586, 115, 2, 900, 1000, '2022-11-09', 1),
(878, 587, 90, 1, 1558, 2000, '2022-11-09', 1),
(879, 588, 296, 3, 6624, 9000, '2022-11-09', 1),
(880, 590, 4, 3, 4560, 6000, '2022-11-09', 1),
(881, 590, 444, 2, 1700, 2000, '2022-11-09', 1),
(882, 591, 453, 2, 1800, 2000, '2022-11-09', 1),
(883, 591, 87, 1, 900, 1500, '2022-11-09', 1),
(884, 591, 507, 1, 450, 500, '2022-11-09', 1),
(885, 592, 4, 1, 1520, 2000, '2022-11-09', 1),
(886, 593, 458, 2, 900, 1000, '2022-11-09', 1),
(887, 594, 4, 1, 1520, 2000, '2022-11-09', 1),
(888, 594, 88, 1, 813, 1000, '2022-11-09', 1),
(889, 595, 4, 1, 1520, 2000, '2022-11-09', 1),
(890, 596, 26, 4, 1760, 2000, '2022-11-09', 1),
(891, 596, 4, 1, 1520, 2000, '2022-11-09', 1),
(892, 597, 4, 1, 1520, 2000, '2022-11-09', 1),
(893, 597, 493, 1, 1750, 2000, '2022-11-09', 1),
(894, 597, 457, 1, 1709, 2000, '2022-11-09', 1),
(895, 598, 301, 1, 4167, 5000, '2022-11-09', 1),
(896, 599, 485, 1, 2708, 3500, '2022-11-09', 1),
(897, 600, 492, 1, 1700, 2000, '2022-11-09', 1),
(898, 601, 97, 1, 1913, 2500, '2022-11-09', 1),
(899, 601, 323, 1, 1750, 2500, '2022-11-09', 1),
(900, 601, 492, 1, 1700, 2000, '2022-11-09', 1),
(901, 602, 93, 1, 2363, 3000, '2022-11-09', 1),
(902, 603, 104, 1, 4062, 5000, '2022-11-09', 1),
(903, 604, 99, 3, 7275, 9000, '2022-11-09', 1),
(904, 605, 126, 1, 2200, 3000, '2022-11-09', 1),
(905, 605, 493, 1, 1750, 2000, '2022-11-09', 1),
(906, 605, 4, 1, 1520, 2000, '2022-11-09', 1),
(907, 606, 78, 1, 3875, 4500, '2022-11-09', 1),
(908, 607, 97, 1, 1913, 2500, '2022-11-09', 1),
(909, 608, 452, 1, 900, 1000, '2022-11-09', 1),
(910, 609, 508, 2, 850, 1000, '2022-11-09', 1),
(911, 610, 470, 2, 1560, 3000, '2022-11-10', 1),
(912, 611, 507, 4, 1800, 2000, '2022-11-10', 1),
(913, 611, 504, 1, 1800, 2000, '2022-11-10', 1),
(914, 612, 507, 1, 450, 500, '2022-11-10', 1),
(915, 612, 87, 1, 900, 1500, '2022-11-10', 1),
(916, 613, 507, 4, 1800, 2000, '2022-11-10', 1),
(917, 614, 302, 1, 3500, 4500, '2022-11-10', 1),
(918, 615, 484, 1, 1583, 2500, '2022-11-10', 1),
(919, 616, 507, 2, 900, 1000, '2022-11-10', 1),
(920, 617, 501, 1, 1550, 2000, '2022-11-10', 1),
(921, 617, 31, 1, 1867, 2000, '2022-11-10', 1),
(922, 617, 87, 1, 900, 1500, '2022-11-10', 1),
(923, 617, 458, 1, 450, 500, '2022-11-10', 1),
(924, 618, 18, 1, 900, 1000, '2022-11-10', 1),
(925, 618, 443, 1, 900, 1000, '2022-11-10', 1),
(926, 619, 79, 1, 3958, 4500, '2022-11-10', 1),
(927, 619, 455, 1, 450, 500, '2022-11-10', 1),
(928, 621, 4, 1, 1520, 2000, '2022-11-10', 1),
(929, 622, 71, 1, 2200, 3000, '2022-11-10', 1),
(930, 623, 4, 1, 1520, 2000, '2022-11-10', 1),
(931, 623, 444, 2, 1700, 2000, '2022-11-10', 1),
(932, 624, 4, 2, 3040, 4000, '2022-11-10', 1),
(933, 624, 444, 4, 3400, 4000, '2022-11-10', 1),
(934, 625, 455, 2, 900, 1000, '2022-11-10', 1),
(935, 626, 87, 1, 900, 1500, '2022-11-10', 1),
(936, 627, 455, 1, 450, 500, '2022-11-10', 1),
(937, 628, 459, 1, 1708, 2000, '2022-11-10', 1),
(938, 628, 502, 1, 1750, 2000, '2022-11-10', 1),
(939, 629, 2, 2, 584, 1000, '2022-11-10', 1),
(940, 630, 4, 1, 1520, 2000, '2022-11-10', 1),
(941, 631, 4, 1, 1520, 2000, '2022-11-10', 1),
(942, 631, 90, 1, 1558, 2000, '2022-11-10', 1),
(943, 632, 31, 1, 1867, 2000, '2022-11-10', 1),
(944, 633, 4, 1, 1520, 2000, '2022-11-10', 1),
(945, 633, 333, 1, 1854, 2500, '2022-11-10', 1),
(946, 633, 21, 1, 1708, 2000, '2022-11-10', 1),
(947, 634, 4, 1, 1520, 2000, '2022-11-10', 1),
(948, 635, 104, 4, 16248, 20000, '2022-11-10', 1),
(949, 636, 21, 1, 1708, 2000, '2022-11-10', 1),
(950, 637, 4, 2, 3040, 4000, '2022-11-10', 1),
(951, 638, 4, 2, 3040, 4000, '2022-11-10', 1),
(952, 639, 4, 2, 3040, 4000, '2022-11-10', 1),
(953, 640, 455, 2, 900, 1000, '2022-11-10', 1),
(954, 641, 4, 1, 1520, 2000, '2022-11-10', 1),
(955, 641, 457, 1, 1709, 2000, '2022-11-10', 1),
(956, 642, 305, 2, 2542, 4000, '2022-11-10', 1),
(957, 642, 4, 1, 1520, 2000, '2022-11-10', 1),
(958, 643, 295, 1, 1583, 2500, '2022-11-10', 1),
(959, 643, 4, 1, 1520, 2000, '2022-11-10', 1),
(960, 643, 39, 1, 1780, 2000, '2022-11-10', 1),
(961, 643, 455, 2, 900, 1000, '2022-11-10', 1),
(962, 643, 104, 2, 8124, 10000, '2022-11-10', 1),
(963, 644, 511, 1, 875, 1000, '2022-11-10', 1),
(964, 644, 455, 2, 900, 1000, '2022-11-10', 1),
(965, 644, 4, 1, 1520, 2000, '2022-11-10', 1),
(966, 645, 26, 1, 440, 500, '2022-11-10', 1),
(967, 645, 455, 4, 1800, 2000, '2022-11-10', 1),
(968, 645, 2, 1, 292, 500, '2022-11-10', 1),
(969, 645, 4, 1, 1520, 2000, '2022-11-10', 1),
(970, 646, 4, 2, 3040, 4000, '2022-11-10', 1),
(971, 646, 444, 2, 1700, 2000, '2022-11-10', 1),
(972, 647, 458, 2, 900, 1000, '2022-11-10', 1),
(973, 647, 499, 2, 900, 1000, '2022-11-10', 1),
(974, 647, 497, 1, 1700, 2000, '2022-11-10', 1),
(975, 648, 307, 1, 3792, 5000, '2022-11-10', 1),
(976, 649, 4, 3, 4560, 6000, '2022-11-10', 1),
(977, 649, 71, 1, 2200, 3000, '2022-11-10', 1),
(978, 650, 317, 2, 1800, 2000, '2022-11-10', 1),
(979, 650, 87, 1, 900, 1500, '2022-11-10', 1),
(980, 651, 459, 1, 1708, 2000, '2022-11-10', 1),
(981, 651, 499, 1, 450, 500, '2022-11-10', 1),
(982, 651, 295, 1, 1583, 2500, '2022-11-10', 1),
(983, 651, 4, 1, 1520, 2000, '2022-11-10', 1),
(984, 652, 87, 1, 900, 1500, '2022-11-10', 1),
(985, 652, 4, 1, 1520, 2000, '2022-11-10', 1),
(986, 652, 443, 1, 900, 1000, '2022-11-10', 1),
(987, 652, 458, 3, 1350, 1500, '2022-11-10', 1),
(988, 653, 459, 1, 1708, 2000, '2022-11-10', 1),
(989, 653, 323, 1, 1750, 2500, '2022-11-10', 1),
(990, 653, 4, 1, 1520, 2000, '2022-11-10', 1),
(991, 653, 26, 2, 880, 1000, '2022-11-10', 1),
(992, 654, 31, 1, 1867, 2000, '2022-11-10', 1),
(993, 654, 485, 2, 5416, 7000, '2022-11-10', 1),
(994, 654, 38, 2, 3584, 5000, '2022-11-10', 1),
(995, 655, 485, 1, 2708, 3500, '2022-11-10', 1),
(996, 655, 93, 1, 2363, 3000, '2022-11-10', 1),
(997, 655, 497, 1, 1700, 2000, '2022-11-10', 1),
(998, 655, 439, 1, 950, 1000, '2022-11-10', 1),
(999, 656, 39, 1, 1780, 2000, '2022-11-10', 1),
(1000, 656, 497, 1, 1700, 2000, '2022-11-10', 1),
(1001, 656, 510, 1, 1800, 2000, '2022-11-10', 1),
(1002, 657, 93, 1, 2363, 3000, '2022-11-10', 1),
(1003, 657, 2, 2, 584, 1000, '2022-11-10', 1),
(1004, 659, 31, 1, 1867, 2000, '2022-11-10', 1),
(1005, 659, 26, 1, 440, 500, '2022-11-10', 1),
(1006, 659, 439, 1, 950, 1000, '2022-11-10', 1),
(1007, 659, 305, 1, 1271, 2000, '2022-11-10', 1),
(1008, 660, 302, 1, 3500, 4500, '2022-11-10', 1),
(1009, 660, 97, 1, 1913, 2500, '2022-11-10', 1),
(1010, 661, 23, 1, 1567, 2000, '2022-11-10', 1),
(1011, 661, 82, 1, 2375, 3000, '2022-11-10', 1),
(1012, 661, 459, 1, 1708, 2000, '2022-11-10', 1),
(1013, 663, 510, 1, 1800, 2000, '2022-11-10', 1),
(1014, 663, 31, 1, 1867, 2000, '2022-11-10', 1),
(1015, 663, 104, 4, 16248, 20000, '2022-11-10', 1),
(1016, 664, 360, 1, 3208, 4000, '2022-11-10', 1),
(1017, 664, 31, 1, 1867, 2000, '2022-11-10', 1),
(1018, 665, 459, 1, 1708, 2000, '2022-11-10', 1),
(1019, 665, 2, 2, 584, 1000, '2022-11-10', 1),
(1020, 665, 30, 1, 850, 1000, '2022-11-10', 1),
(1021, 665, 93, 1, 2363, 3000, '2022-11-10', 1),
(1022, 666, 459, 2, 3416, 4000, '2022-11-10', 1),
(1023, 667, 104, 1, 4062, 5000, '2022-11-10', 1),
(1024, 668, 99, 1, 2425, 3000, '2022-11-10', 1),
(1025, 669, 104, 1, 4062, 5000, '2022-11-10', 1),
(1026, 670, 93, 1, 2363, 3000, '2022-11-10', 1),
(1027, 670, 360, 1, 3208, 4000, '2022-11-10', 1),
(1028, 671, 104, 1, 4062, 5000, '2022-11-10', 1),
(1029, 672, 483, 1, 3500, 4500, '2022-11-10', 1),
(1030, 672, 459, 1, 1708, 2000, '2022-11-10', 1),
(1031, 672, 93, 2, 4726, 6000, '2022-11-10', 1),
(1032, 672, 4, 1, 1520, 2000, '2022-11-10', 1),
(1033, 672, 458, 2, 900, 1000, '2022-11-10', 1),
(1034, 673, 104, 1, 4062, 5000, '2022-11-10', 1),
(1035, 674, 512, 1, 1560, 2000, '2022-11-10', 1),
(1036, 674, 439, 2, 1900, 2000, '2022-11-10', 1),
(1037, 674, 99, 1, 2425, 3000, '2022-11-10', 1),
(1038, 675, 301, 1, 4167, 5000, '2022-11-10', 1),
(1039, 676, 104, 2, 8124, 10000, '2022-11-10', 1),
(1040, 677, 21, 1, 1708, 2000, '2022-11-10', 1),
(1041, 678, 26, 2, 880, 1000, '2022-11-10', 1),
(1042, 679, 306, 1, 469, 500, '2022-11-10', 1),
(1043, 680, 457, 3, 5127, 6000, '2022-11-10', 1),
(1044, 680, 495, 2, 3400, 4000, '2022-11-10', 1),
(1045, 681, 90, 1, 1558, 2000, '2022-11-10', 1),
(1046, 681, 104, 1, 4062, 5000, '2022-11-10', 1),
(1047, 682, 104, 2, 8124, 10000, '2022-11-10', 1),
(1048, 683, 483, 1, 3500, 4500, '2022-11-10', 1),
(1049, 684, 79, 1, 3958, 4500, '2022-11-10', 1),
(1050, 684, 439, 1, 950, 1000, '2022-11-10', 1),
(1051, 685, 99, 1, 2425, 3000, '2022-11-10', 1),
(1052, 685, 439, 1, 950, 1000, '2022-11-10', 1),
(1053, 686, 458, 2, 900, 1000, '2022-11-10', 1),
(1054, 687, 118, 2, 1680, 2000, '2022-11-10', 1),
(1055, 688, 83, 2, 4750, 6000, '2022-11-10', 1),
(1056, 689, 439, 1, 950, 1000, '2022-11-10', 1),
(1057, 691, 302, 2, 7000, 9000, '2022-11-10', 1),
(1058, 692, 23, 1, 1567, 2000, '2022-11-10', 1),
(1059, 692, 323, 1, 1750, 2500, '2022-11-10', 1),
(1060, 692, 484, 2, 3166, 5000, '2022-11-10', 1),
(1061, 692, 302, 2, 7000, 9000, '2022-11-10', 1),
(1062, 692, 31, 1, 1867, 2000, '2022-11-10', 1),
(1063, 692, 82, 1, 2375, 3000, '2022-11-10', 1),
(1064, 692, 483, 2, 7000, 9000, '2022-11-10', 1),
(1065, 693, 439, 1, 950, 1000, '2022-11-10', 1),
(1066, 693, 18, 2, 1800, 2000, '2022-11-10', 1),
(1067, 693, 295, 1, 1583, 2500, '2022-11-10', 1),
(1068, 693, 483, 1, 3500, 4500, '2022-11-10', 1),
(1069, 693, 23, 1, 1567, 2000, '2022-11-10', 1),
(1070, 693, 497, 1, 1700, 2000, '2022-11-10', 1),
(1071, 694, 4, 1, 1520, 2000, '2022-11-10', 1),
(1072, 694, 39, 3, 5340, 6000, '2022-11-10', 1),
(1073, 695, 360, 1, 3208, 4000, '2022-11-10', 1),
(1074, 695, 99, 1, 2425, 3000, '2022-11-10', 1),
(1075, 696, 83, 1, 2375, 3000, '2022-11-10', 1),
(1076, 696, 4, 1, 1520, 2000, '2022-11-10', 1),
(1077, 696, 39, 1, 1780, 2000, '2022-11-10', 1),
(1078, 697, 99, 2, 4850, 6000, '2022-11-10', 1),
(1079, 697, 90, 1, 1558, 2000, '2022-11-10', 1),
(1080, 698, 99, 3, 7275, 9000, '2022-11-10', 1),
(1081, 698, 4, 1, 1520, 2000, '2022-11-10', 1),
(1082, 698, 439, 1, 950, 1000, '2022-11-10', 1),
(1083, 699, 78, 1, 3875, 4500, '2022-11-10', 1),
(1084, 699, 36, 2, 900, 1000, '2022-11-10', 1),
(1085, 700, 504, 1, 1800, 2000, '2022-11-10', 1),
(1086, 701, 97, 2, 3826, 5000, '2022-11-10', 1),
(1087, 701, 36, 2, 900, 1000, '2022-11-10', 1),
(1088, 702, 93, 2, 4726, 6000, '2022-11-10', 1),
(1089, 702, 4, 1, 1520, 2000, '2022-11-10', 1),
(1090, 703, 4, 2, 3040, 4000, '2022-11-10', 1),
(1091, 703, 97, 1, 1913, 2500, '2022-11-10', 1),
(1092, 703, 31, 2, 3734, 4000, '2022-11-10', 1),
(1093, 703, 38, 1, 1792, 2500, '2022-11-10', 1),
(1094, 703, 506, 4, 1800, 2000, '2022-11-10', 1),
(1095, 703, 23, 1, 1567, 2000, '2022-11-10', 1),
(1096, 704, 39, 1, 1780, 2000, '2022-11-10', 1);
INSERT INTO `tbl_order_detail` (`id_order_detail`, `id_order`, `id_product`, `qty_selling`, `total_basic_price`, `total_selling_price`, `date_order`, `id_lab`) VALUES
(1097, 704, 506, 2, 900, 1000, '2022-11-10', 1),
(1098, 705, 99, 2, 4850, 6000, '2022-11-10', 1),
(1099, 705, 4, 1, 1520, 2000, '2022-11-10', 1),
(1100, 707, 101, 1, 2750, 3500, '2022-11-10', 1),
(1101, 708, 360, 1, 3208, 4000, '2022-11-10', 1),
(1102, 708, 484, 1, 1583, 2500, '2022-11-10', 1),
(1103, 708, 91, 1, 1550, 2000, '2022-11-10', 1),
(1104, 709, 295, 1, 1583, 2500, '2022-11-10', 1),
(1105, 709, 4, 1, 1520, 2000, '2022-11-10', 1),
(1106, 709, 305, 1, 1271, 2000, '2022-11-10', 1),
(1107, 709, 85, 1, 3958, 5000, '2022-11-10', 1),
(1108, 709, 80, 1, 3958, 5000, '2022-11-10', 1),
(1109, 710, 69, 1, 550, 1000, '2022-11-10', 1),
(1110, 711, 90, 1, 1558, 2000, '2022-11-10', 1),
(1111, 711, 24, 1, 425, 500, '2022-11-10', 1),
(1112, 712, 2, 4, 1168, 2000, '2022-11-10', 1),
(1113, 713, 353, 1, 2200, 3000, '2022-11-10', 1),
(1114, 714, 93, 1, 2363, 3000, '2022-11-10', 1),
(1115, 715, 93, 1, 2363, 3000, '2022-11-10', 1),
(1116, 716, 303, 1, 3500, 4500, '2022-11-10', 1),
(1117, 716, 78, 1, 3875, 4500, '2022-11-10', 1),
(1118, 716, 4, 1, 1520, 2000, '2022-11-10', 1),
(1119, 717, 360, 1, 3208, 4000, '2022-11-10', 1),
(1120, 718, 4, 1, 1520, 2000, '2022-11-10', 1),
(1121, 718, 506, 2, 900, 1000, '2022-11-10', 1),
(1122, 719, 31, 1, 1867, 2000, '2022-11-11', 1),
(1123, 720, 126, 1, 2200, 3000, '2022-11-11', 1),
(1124, 721, 364, 1, 16000, 18000, '2022-11-11', 1),
(1125, 722, 31, 1, 1867, 2000, '2022-11-11', 1),
(1126, 723, 364, 2, 32000, 36000, '2022-11-11', 1),
(1127, 724, 4, 1, 1520, 2000, '2022-11-11', 1),
(1128, 725, 497, 2, 3400, 4000, '2022-11-11', 1),
(1129, 726, 25, 1, 850, 1000, '2022-11-11', 1),
(1130, 726, 511, 1, 875, 1000, '2022-11-11', 1),
(1131, 727, 21, 1, 1708, 2000, '2022-11-11', 1),
(1132, 728, 306, 2, 938, 1000, '2022-11-11', 1),
(1133, 728, 504, 3, 5400, 6000, '2022-11-11', 1),
(1134, 728, 90, 2, 3116, 4000, '2022-11-11', 1),
(1135, 729, 498, 1, 1700, 2000, '2022-11-11', 1),
(1136, 730, 83, 1, 2375, 3000, '2022-11-11', 1),
(1137, 731, 2, 1, 292, 500, '2022-11-11', 1),
(1138, 732, 2, 1, 292, 500, '2022-11-11', 1),
(1139, 733, 506, 2, 900, 1000, '2022-11-11', 1),
(1140, 734, 506, 1, 450, 500, '2022-11-11', 1),
(1141, 735, 2, 2, 584, 1000, '2022-11-11', 1),
(1142, 736, 310, 3, 10500, 13500, '2022-11-11', 1),
(1143, 737, 506, 3, 1350, 1500, '2022-11-11', 1),
(1144, 738, 308, 1, 3583, 4500, '2022-11-11', 1),
(1145, 738, 4, 2, 3040, 4000, '2022-11-11', 1),
(1146, 739, 506, 1, 450, 500, '2022-11-11', 1),
(1147, 740, 2, 2, 584, 1000, '2022-11-11', 1),
(1148, 741, 2, 2, 584, 1000, '2022-11-11', 1),
(1149, 742, 4, 2, 3040, 4000, '2022-11-11', 1),
(1150, 743, 4, 1, 1520, 2000, '2022-11-11', 1),
(1151, 744, 504, 1, 1800, 2000, '2022-11-11', 1),
(1152, 745, 506, 2, 900, 1000, '2022-11-11', 1),
(1153, 746, 307, 1, 3792, 5000, '2022-11-11', 1),
(1154, 747, 498, 1, 1700, 2000, '2022-11-11', 1),
(1155, 747, 39, 1, 1780, 2000, '2022-11-11', 1),
(1156, 747, 23, 1, 1567, 2000, '2022-11-11', 1),
(1157, 747, 4, 1, 1520, 2000, '2022-11-11', 1),
(1158, 747, 506, 4, 1800, 2000, '2022-11-11', 1),
(1159, 748, 83, 1, 2375, 3000, '2022-11-11', 1),
(1160, 749, 501, 1, 1550, 2000, '2022-11-11', 1),
(1161, 749, 4, 1, 1520, 2000, '2022-11-11', 1),
(1162, 750, 80, 1, 3958, 5000, '2022-11-11', 1),
(1163, 750, 4, 1, 1520, 2000, '2022-11-11', 1),
(1164, 751, 504, 1, 1800, 2000, '2022-11-11', 1),
(1165, 751, 4, 1, 1520, 2000, '2022-11-11', 1),
(1166, 751, 308, 1, 3583, 4500, '2022-11-11', 1),
(1167, 752, 83, 1, 2375, 3000, '2022-11-11', 1),
(1168, 752, 87, 1, 900, 1500, '2022-11-11', 1),
(1169, 752, 323, 1, 1750, 2500, '2022-11-11', 1),
(1170, 753, 71, 1, 2200, 3000, '2022-11-11', 1),
(1171, 754, 4, 2, 3040, 4000, '2022-11-11', 1),
(1172, 755, 491, 2, 3332, 4000, '2022-11-11', 1),
(1173, 755, 31, 1, 1867, 2000, '2022-11-11', 1),
(1174, 755, 511, 2, 1750, 2000, '2022-11-11', 1),
(1175, 756, 483, 1, 3500, 4500, '2022-11-11', 1),
(1176, 757, 497, 1, 1700, 2000, '2022-11-11', 1),
(1177, 758, 506, 2, 900, 1000, '2022-11-11', 1),
(1178, 759, 484, 1, 1583, 2500, '2022-11-11', 1),
(1179, 759, 23, 1, 1567, 2000, '2022-11-11', 1),
(1180, 760, 90, 1, 1558, 2000, '2022-11-11', 1),
(1181, 761, 4, 2, 3040, 4000, '2022-11-11', 1),
(1182, 762, 506, 2, 900, 1000, '2022-11-11', 1),
(1183, 763, 483, 1, 3500, 4500, '2022-11-11', 1),
(1184, 763, 506, 1, 450, 500, '2022-11-11', 1),
(1185, 764, 510, 1, 1800, 2000, '2022-11-11', 1),
(1186, 764, 306, 2, 938, 1000, '2022-11-11', 1),
(1187, 765, 306, 2, 938, 1000, '2022-11-11', 1),
(1188, 766, 2, 2, 584, 1000, '2022-11-11', 1),
(1189, 766, 4, 1, 1520, 2000, '2022-11-11', 1),
(1190, 766, 494, 1, 1600, 2000, '2022-11-11', 1),
(1191, 767, 4, 1, 1520, 2000, '2022-11-11', 1),
(1192, 767, 506, 2, 900, 1000, '2022-11-11', 1),
(1193, 768, 83, 1, 2375, 3000, '2022-11-11', 1),
(1194, 769, 2, 4, 1168, 2000, '2022-11-11', 1),
(1195, 770, 93, 1, 2363, 3000, '2022-11-11', 1),
(1196, 771, 101, 1, 2750, 3500, '2022-11-11', 1),
(1197, 771, 360, 1, 3208, 4000, '2022-11-11', 1),
(1198, 772, 4, 1, 1520, 2000, '2022-11-11', 1),
(1199, 773, 90, 1, 1558, 2000, '2022-11-11', 1),
(1200, 774, 306, 4, 1876, 2000, '2022-11-11', 1),
(1201, 775, 512, 1, 1560, 2000, '2022-11-11', 1),
(1202, 776, 90, 1, 1558, 2000, '2022-11-11', 1),
(1203, 776, 99, 1, 2425, 3000, '2022-11-11', 1),
(1204, 777, 99, 2, 4850, 6000, '2022-11-11', 1),
(1205, 778, 303, 1, 3500, 4500, '2022-11-11', 1),
(1206, 779, 17, 1, 890, 1500, '2022-11-11', 1),
(1207, 779, 30, 1, 850, 1000, '2022-11-11', 1),
(1208, 780, 4, 2, 3040, 4000, '2022-11-11', 1),
(1209, 780, 499, 1, 450, 500, '2022-11-11', 1),
(1210, 781, 4, 2, 3040, 4000, '2022-11-11', 1),
(1211, 782, 21, 1, 1708, 2000, '2022-11-11', 1),
(1212, 782, 303, 1, 3500, 4500, '2022-11-11', 1),
(1213, 783, 489, 1, 850, 1000, '2022-11-11', 1),
(1214, 784, 99, 1, 2425, 3000, '2022-11-11', 1),
(1215, 785, 4, 1, 1520, 2000, '2022-11-11', 1),
(1216, 786, 373, 1, 812, 1000, '2022-11-11', 1),
(1217, 787, 441, 1, 2600, 3000, '2022-11-11', 1),
(1218, 788, 2, 1, 292, 500, '2022-11-11', 1),
(1219, 789, 71, 1, 2200, 3000, '2022-11-11', 1),
(1220, 791, 99, 1, 2425, 3000, '2022-11-11', 1),
(1221, 792, 4, 1, 1520, 2000, '2022-11-11', 1),
(1222, 793, 4, 3, 4560, 6000, '2022-11-14', 1),
(1223, 794, 305, 1, 1271, 2000, '2022-11-14', 1),
(1224, 795, 71, 1, 2200, 3000, '2022-11-14', 1),
(1225, 796, 323, 2, 3500, 5000, '2022-11-14', 1),
(1226, 796, 453, 1, 900, 1000, '2022-11-14', 1),
(1227, 796, 462, 1, 900, 1000, '2022-11-14', 1),
(1228, 797, 306, 2, 938, 1000, '2022-11-14', 1),
(1229, 798, 305, 1, 1271, 2000, '2022-11-14', 1),
(1230, 799, 304, 1, 1438, 2500, '2022-11-14', 1),
(1231, 799, 455, 1, 450, 500, '2022-11-14', 1),
(1232, 800, 2, 4, 1168, 2000, '2022-11-14', 1),
(1233, 801, 304, 1, 1438, 2500, '2022-11-14', 1),
(1234, 801, 306, 2, 938, 1000, '2022-11-14', 1),
(1235, 802, 304, 1, 1438, 2500, '2022-11-14', 1),
(1236, 803, 79, 1, 3958, 4500, '2022-11-14', 1),
(1237, 803, 487, 1, 450, 500, '2022-11-14', 1),
(1238, 804, 303, 1, 3500, 4500, '2022-11-14', 1),
(1239, 804, 487, 1, 450, 500, '2022-11-14', 1),
(1240, 805, 306, 2, 938, 1000, '2022-11-14', 1),
(1241, 806, 304, 3, 4314, 7500, '2022-11-14', 1),
(1242, 806, 306, 2, 938, 1000, '2022-11-14', 1),
(1243, 806, 496, 1, 1700, 2000, '2022-11-14', 1),
(1244, 807, 487, 1, 450, 500, '2022-11-14', 1),
(1245, 808, 341, 1, 1854, 2500, '2022-11-14', 1),
(1246, 808, 115, 5, 2250, 2500, '2022-11-14', 1),
(1247, 809, 341, 2, 3708, 5000, '2022-11-14', 1),
(1248, 810, 2, 2, 584, 1000, '2022-11-14', 1),
(1249, 810, 23, 1, 1567, 2000, '2022-11-14', 1),
(1250, 811, 82, 2, 4750, 6000, '2022-11-14', 1),
(1251, 812, 304, 1, 1438, 2500, '2022-11-14', 1),
(1252, 812, 503, 1, 812, 1000, '2022-11-14', 1),
(1253, 813, 304, 1, 1438, 2500, '2022-11-14', 1),
(1254, 813, 494, 2, 3200, 4000, '2022-11-14', 1),
(1255, 814, 2, 1, 292, 500, '2022-11-14', 1),
(1256, 814, 487, 1, 450, 500, '2022-11-14', 1),
(1257, 815, 486, 2, 4376, 6000, '2022-11-14', 1),
(1258, 816, 444, 1, 850, 1000, '2022-11-14', 1),
(1259, 817, 304, 1, 1438, 2500, '2022-11-14', 1),
(1260, 817, 496, 1, 1700, 2000, '2022-11-14', 1),
(1261, 817, 487, 1, 450, 500, '2022-11-14', 1),
(1262, 818, 83, 1, 2375, 3000, '2022-11-14', 1),
(1263, 819, 304, 1, 1438, 2500, '2022-11-14', 1),
(1264, 819, 454, 1, 1750, 2000, '2022-11-14', 1),
(1265, 819, 38, 1, 1792, 2500, '2022-11-14', 1),
(1266, 819, 487, 2, 900, 1000, '2022-11-14', 1),
(1267, 820, 443, 1, 900, 1000, '2022-11-14', 1),
(1268, 821, 304, 1, 1438, 2500, '2022-11-14', 1),
(1269, 821, 487, 1, 450, 500, '2022-11-14', 1),
(1270, 822, 2, 2, 584, 1000, '2022-11-14', 1),
(1271, 823, 83, 1, 2375, 3000, '2022-11-14', 1),
(1272, 824, 304, 1, 1438, 2500, '2022-11-14', 1),
(1273, 824, 487, 1, 450, 500, '2022-11-14', 1),
(1274, 825, 85, 1, 3958, 5000, '2022-11-14', 1),
(1275, 826, 483, 1, 3500, 4500, '2022-11-14', 1),
(1276, 826, 487, 1, 450, 500, '2022-11-14', 1),
(1277, 827, 2, 6, 1752, 3000, '2022-11-14', 1),
(1278, 829, 304, 1, 1438, 2500, '2022-11-14', 1),
(1279, 831, 304, 2, 2876, 5000, '2022-11-14', 1),
(1280, 832, 304, 2, 2876, 5000, '2022-11-14', 1),
(1281, 832, 295, 1, 1583, 2500, '2022-11-14', 1),
(1282, 833, 304, 1, 1438, 2500, '2022-11-14', 1),
(1283, 833, 487, 1, 450, 500, '2022-11-14', 1),
(1284, 834, 99, 1, 2425, 3000, '2022-11-14', 1),
(1285, 835, 101, 4, 11000, 14000, '2022-11-14', 1),
(1286, 835, 99, 3, 7275, 9000, '2022-11-14', 1),
(1287, 836, 99, 2, 4850, 6000, '2022-11-14', 1),
(1288, 837, 484, 1, 1583, 2500, '2022-11-14', 1),
(1289, 837, 487, 1, 450, 500, '2022-11-14', 1),
(1290, 838, 23, 1, 1567, 2000, '2022-11-14', 1),
(1291, 838, 497, 1, 1700, 2000, '2022-11-14', 1),
(1292, 838, 304, 1, 1438, 2500, '2022-11-14', 1),
(1293, 838, 487, 1, 450, 500, '2022-11-14', 1),
(1294, 839, 23, 1, 1567, 2000, '2022-11-14', 1),
(1295, 839, 37, 1, 1750, 2000, '2022-11-14', 1),
(1296, 840, 93, 3, 7089, 9000, '2022-11-14', 1),
(1297, 840, 101, 2, 5500, 7000, '2022-11-14', 1),
(1298, 841, 403, 1, 2188, 3000, '2022-11-14', 1),
(1299, 841, 462, 1, 900, 1000, '2022-11-14', 1),
(1300, 842, 510, 1, 1800, 2000, '2022-11-14', 1),
(1301, 843, 93, 2, 4726, 6000, '2022-11-14', 1),
(1302, 844, 91, 1, 1550, 2000, '2022-11-14', 1),
(1303, 845, 93, 2, 4726, 6000, '2022-11-14', 1),
(1304, 846, 101, 1, 2750, 3500, '2022-11-14', 1),
(1305, 846, 115, 1, 450, 500, '2022-11-14', 1),
(1306, 847, 307, 1, 3792, 5000, '2022-11-14', 1),
(1307, 848, 403, 1, 2188, 3000, '2022-11-14', 1),
(1308, 849, 304, 1, 1438, 2500, '2022-11-14', 1),
(1309, 849, 115, 1, 450, 500, '2022-11-14', 1),
(1310, 850, 512, 1, 1560, 2000, '2022-11-14', 1),
(1311, 851, 21, 1, 1708, 2000, '2022-11-14', 1),
(1312, 851, 510, 1, 1800, 2000, '2022-11-14', 1),
(1313, 851, 506, 1, 450, 500, '2022-11-14', 1),
(1314, 851, 115, 1, 450, 500, '2022-11-14', 1),
(1315, 852, 305, 1, 1271, 2000, '2022-11-14', 1),
(1316, 853, 304, 1, 1438, 2500, '2022-11-14', 1),
(1317, 854, 304, 1, 1438, 2500, '2022-11-14', 1),
(1318, 855, 2, 9, 2628, 4500, '2022-11-14', 1),
(1319, 856, 302, 1, 3500, 4500, '2022-11-14', 1),
(1320, 856, 506, 1, 450, 500, '2022-11-14', 1),
(1321, 856, 462, 1, 900, 1000, '2022-11-14', 1),
(1322, 857, 304, 17, 24446, 42500, '2022-11-14', 1),
(1323, 858, 115, 3, 1350, 1500, '2022-11-14', 1),
(1324, 859, 87, 1, 900, 1500, '2022-11-14', 1),
(1325, 860, 443, 1, 900, 1000, '2022-11-14', 1),
(1326, 861, 31, 1, 1867, 2000, '2022-11-14', 1),
(1327, 862, 115, 3, 1350, 1500, '2022-11-14', 1),
(1328, 863, 303, 1, 3500, 4500, '2022-11-14', 1),
(1329, 864, 79, 1, 3958, 4500, '2022-11-14', 1),
(1330, 864, 466, 1, 5334, 7000, '2022-11-14', 1),
(1331, 864, 483, 2, 7000, 9000, '2022-11-14', 1),
(1332, 864, 71, 1, 2200, 3000, '2022-11-14', 1),
(1333, 864, 333, 2, 3708, 5000, '2022-11-14', 1),
(1334, 864, 307, 1, 3792, 5000, '2022-11-14', 1),
(1335, 865, 304, 1, 1438, 2500, '2022-11-14', 1),
(1336, 865, 506, 1, 450, 500, '2022-11-14', 1),
(1337, 866, 307, 1, 3792, 5000, '2022-11-14', 1),
(1338, 866, 78, 1, 3875, 4500, '2022-11-14', 1),
(1339, 867, 462, 1, 900, 1000, '2022-11-14', 1),
(1340, 868, 101, 1, 2750, 3500, '2022-11-14', 1),
(1341, 869, 67, 1, 667, 1000, '2022-11-14', 1),
(1342, 870, 305, 2, 2542, 4000, '2022-11-14', 1),
(1343, 870, 304, 1, 1438, 2500, '2022-11-14', 1),
(1344, 871, 83, 2, 4750, 6000, '2022-11-14', 1),
(1345, 872, 99, 1, 2425, 3000, '2022-11-14', 1),
(1346, 872, 93, 1, 2363, 3000, '2022-11-14', 1),
(1347, 873, 510, 1, 1800, 2000, '2022-11-14', 1),
(1348, 873, 501, 1, 1550, 2000, '2022-11-14', 1),
(1349, 873, 323, 1, 1750, 2500, '2022-11-14', 1),
(1350, 873, 115, 1, 450, 500, '2022-11-14', 1),
(1351, 874, 305, 2, 2542, 4000, '2022-11-14', 1),
(1352, 875, 305, 2, 2542, 4000, '2022-11-14', 1),
(1353, 876, 91, 1, 1550, 2000, '2022-11-14', 1),
(1354, 876, 341, 1, 1854, 2500, '2022-11-14', 1),
(1355, 876, 99, 2, 4850, 6000, '2022-11-14', 1),
(1356, 876, 101, 1, 2750, 3500, '2022-11-14', 1),
(1357, 877, 462, 1, 900, 1000, '2022-11-14', 1),
(1358, 878, 453, 3, 2700, 3000, '2022-11-14', 1),
(1359, 878, 459, 1, 1708, 2000, '2022-11-14', 1),
(1360, 878, 99, 1, 2425, 3000, '2022-11-14', 1),
(1361, 878, 323, 2, 3500, 5000, '2022-11-14', 1),
(1362, 878, 310, 1, 3500, 4500, '2022-11-14', 1),
(1363, 879, 305, 1, 1271, 2000, '2022-11-14', 1),
(1364, 880, 37, 1, 1750, 2000, '2022-11-14', 1),
(1365, 880, 341, 1, 1854, 2500, '2022-11-14', 1),
(1366, 880, 306, 4, 1876, 2000, '2022-11-14', 1),
(1367, 880, 115, 1, 450, 500, '2022-11-14', 1),
(1368, 881, 360, 1, 3208, 4000, '2022-11-14', 1),
(1369, 881, 45, 1, 812, 1000, '2022-11-14', 1),
(1370, 882, 90, 3, 4674, 6000, '2022-11-14', 1),
(1371, 883, 496, 1, 1700, 2000, '2022-11-14', 1),
(1372, 883, 115, 2, 900, 1000, '2022-11-14', 1),
(1373, 884, 37, 1, 1750, 2000, '2022-11-14', 1),
(1374, 884, 304, 1, 1438, 2500, '2022-11-14', 1),
(1375, 884, 115, 1, 450, 500, '2022-11-14', 1),
(1376, 885, 93, 1, 2363, 3000, '2022-11-14', 1),
(1377, 885, 101, 1, 2750, 3500, '2022-11-14', 1),
(1378, 885, 115, 1, 450, 500, '2022-11-14', 1),
(1379, 885, 45, 1, 812, 1000, '2022-11-14', 1),
(1380, 886, 78, 2, 7750, 9000, '2022-11-14', 1),
(1381, 886, 83, 2, 4750, 6000, '2022-11-14', 1),
(1382, 886, 306, 4, 1876, 2000, '2022-11-14', 1),
(1383, 886, 115, 2, 900, 1000, '2022-11-14', 1),
(1384, 887, 307, 1, 3792, 5000, '2022-11-14', 1),
(1385, 887, 78, 1, 3875, 4500, '2022-11-14', 1),
(1386, 887, 82, 1, 2375, 3000, '2022-11-14', 1),
(1387, 887, 302, 1, 3500, 4500, '2022-11-14', 1),
(1388, 887, 115, 1, 450, 500, '2022-11-14', 1),
(1389, 887, 99, 1, 2425, 3000, '2022-11-14', 1),
(1390, 888, 483, 1, 3500, 4500, '2022-11-14', 1),
(1391, 888, 93, 1, 2363, 3000, '2022-11-14', 1),
(1392, 888, 512, 1, 1560, 2000, '2022-11-14', 1),
(1393, 888, 503, 1, 812, 1000, '2022-11-14', 1),
(1394, 889, 304, 1, 1438, 2500, '2022-11-14', 1),
(1395, 889, 82, 1, 2375, 3000, '2022-11-14', 1),
(1396, 889, 31, 1, 1867, 2000, '2022-11-14', 1),
(1397, 889, 1, 2, 630, 1000, '2022-11-14', 1),
(1398, 889, 302, 1, 3500, 4500, '2022-11-14', 1),
(1399, 889, 506, 3, 1350, 1500, '2022-11-14', 1),
(1400, 889, 306, 2, 938, 1000, '2022-11-14', 1),
(1401, 889, 93, 1, 2363, 3000, '2022-11-14', 1),
(1402, 890, 82, 1, 2375, 3000, '2022-11-14', 1),
(1403, 891, 83, 1, 2375, 3000, '2022-11-14', 1),
(1404, 891, 323, 1, 1750, 2500, '2022-11-14', 1),
(1405, 891, 37, 1, 1750, 2000, '2022-11-14', 1),
(1406, 891, 305, 1, 1271, 2000, '2022-11-14', 1),
(1407, 891, 506, 1, 450, 500, '2022-11-14', 1),
(1408, 892, 90, 1, 1558, 2000, '2022-11-14', 1),
(1409, 892, 99, 1, 2425, 3000, '2022-11-14', 1),
(1410, 894, 305, 1, 1271, 2000, '2022-11-14', 1),
(1411, 895, 305, 1, 1271, 2000, '2022-11-14', 1),
(1412, 895, 341, 3, 5562, 7500, '2022-11-14', 1),
(1413, 895, 494, 1, 1600, 2000, '2022-11-14', 1),
(1414, 895, 87, 1, 900, 1500, '2022-11-14', 1),
(1415, 895, 504, 2, 3600, 4000, '2022-11-14', 1),
(1416, 895, 82, 1, 2375, 3000, '2022-11-14', 1),
(1417, 895, 503, 2, 1624, 2000, '2022-11-14', 1),
(1418, 896, 496, 1, 1700, 2000, '2022-11-14', 1),
(1419, 896, 459, 1, 1708, 2000, '2022-11-14', 1),
(1420, 896, 506, 2, 900, 1000, '2022-11-14', 1),
(1421, 897, 306, 2, 938, 1000, '2022-11-14', 1),
(1422, 898, 305, 1, 1271, 2000, '2022-11-14', 1),
(1423, 899, 93, 1, 2363, 3000, '2022-11-14', 1),
(1424, 900, 512, 1, 1560, 2000, '2022-11-14', 1),
(1425, 900, 305, 1, 1271, 2000, '2022-11-14', 1),
(1426, 901, 97, 1, 1913, 2500, '2022-11-14', 1),
(1427, 901, 90, 1, 1558, 2000, '2022-11-14', 1),
(1428, 902, 307, 1, 3792, 5000, '2022-11-14', 1),
(1429, 903, 80, 1, 3958, 5000, '2022-11-14', 1),
(1430, 904, 506, 2, 900, 1000, '2022-11-14', 1),
(1431, 905, 509, 2, 850, 1000, '2022-11-14', 1),
(1432, 906, 90, 1, 1558, 2000, '2022-11-14', 1),
(1433, 906, 462, 1, 900, 1000, '2022-11-14', 1),
(1434, 907, 99, 2, 4850, 6000, '2022-11-14', 1),
(1435, 908, 78, 2, 7750, 9000, '2022-11-14', 1),
(1436, 908, 115, 1, 450, 500, '2022-11-14', 1),
(1437, 908, 503, 1, 812, 1000, '2022-11-14', 1),
(1438, 909, 99, 1, 2425, 3000, '2022-11-14', 1),
(1439, 911, 453, 1, 900, 1000, '2022-11-14', 1),
(1440, 912, 472, 3, 5550, 7500, '2022-11-14', 1),
(1441, 912, 471, 1, 1380, 2000, '2022-11-14', 1),
(1442, 912, 470, 2, 1560, 3000, '2022-11-14', 1),
(1443, 913, 304, 1, 1438, 2500, '2022-11-14', 1),
(1444, 913, 306, 1, 469, 500, '2022-11-14', 1),
(1445, 914, 373, 1, 812, 1000, '2022-11-14', 1),
(1446, 915, 305, 1, 1271, 2000, '2022-11-14', 1),
(1447, 916, 304, 1, 1438, 2500, '2022-11-15', 1),
(1448, 917, 304, 3, 4314, 7500, '2022-11-15', 1),
(1449, 917, 36, 1, 450, 500, '2022-11-15', 1),
(1450, 918, 4, 1, 1520, 2000, '2022-11-15', 1),
(1451, 918, 28, 1, 875, 1000, '2022-11-15', 1),
(1452, 918, 115, 2, 900, 1000, '2022-11-15', 1),
(1453, 919, 82, 1, 2375, 3000, '2022-11-15', 1),
(1454, 920, 99, 1, 2425, 3000, '2022-11-15', 1),
(1455, 920, 495, 1, 1700, 2000, '2022-11-15', 1),
(1456, 921, 341, 2, 3708, 5000, '2022-11-15', 1),
(1457, 922, 341, 1, 1854, 2500, '2022-11-15', 1),
(1458, 922, 28, 1, 875, 1000, '2022-11-15', 1),
(1459, 923, 498, 1, 1700, 2000, '2022-11-15', 1),
(1460, 923, 39, 1, 1780, 2000, '2022-11-15', 1),
(1461, 923, 115, 2, 900, 1000, '2022-11-15', 1),
(1462, 924, 484, 1, 1583, 2500, '2022-11-15', 1),
(1463, 924, 304, 1, 1438, 2500, '2022-11-15', 1),
(1464, 924, 341, 1, 1854, 2500, '2022-11-15', 1),
(1465, 924, 28, 1, 875, 1000, '2022-11-15', 1),
(1466, 925, 4, 1, 1520, 2000, '2022-11-15', 1),
(1467, 925, 104, 1, 4062, 5000, '2022-11-15', 1),
(1468, 925, 478, 1, 3333, 4000, '2022-11-15', 1),
(1469, 925, 462, 3, 2700, 3000, '2022-11-15', 1),
(1470, 926, 82, 1, 2375, 3000, '2022-11-15', 1),
(1471, 926, 4, 3, 4560, 6000, '2022-11-15', 1),
(1472, 926, 25, 2, 1700, 2000, '2022-11-15', 1),
(1473, 926, 2, 2, 584, 1000, '2022-11-15', 1),
(1474, 926, 24, 2, 850, 1000, '2022-11-15', 1),
(1475, 927, 4, 1, 1520, 2000, '2022-11-15', 1),
(1476, 927, 438, 1, 450, 500, '2022-11-15', 1),
(1477, 928, 4, 1, 1520, 2000, '2022-11-15', 1),
(1478, 928, 2, 2, 584, 1000, '2022-11-15', 1),
(1479, 929, 362, 2, 1800, 2000, '2022-11-15', 1),
(1480, 929, 307, 1, 3792, 5000, '2022-11-15', 1),
(1481, 929, 4, 1, 1520, 2000, '2022-11-15', 1),
(1482, 930, 510, 1, 1800, 2000, '2022-11-15', 1),
(1483, 930, 25, 1, 850, 1000, '2022-11-15', 1),
(1484, 931, 38, 1, 1792, 2500, '2022-11-15', 1),
(1485, 931, 104, 2, 8124, 10000, '2022-11-15', 1),
(1486, 931, 478, 2, 6666, 8000, '2022-11-15', 1),
(1487, 932, 303, 1, 3500, 4500, '2022-11-15', 1),
(1488, 933, 4, 1, 1520, 2000, '2022-11-15', 1),
(1489, 934, 93, 2, 4726, 6000, '2022-11-15', 1),
(1490, 934, 4, 3, 4560, 6000, '2022-11-15', 1),
(1491, 934, 478, 2, 6666, 8000, '2022-11-15', 1),
(1492, 934, 308, 1, 3583, 4500, '2022-11-15', 1),
(1493, 935, 333, 2, 3708, 5000, '2022-11-15', 1),
(1494, 935, 478, 4, 13332, 16000, '2022-11-15', 1),
(1495, 935, 93, 2, 4726, 6000, '2022-11-15', 1),
(1496, 935, 85, 1, 3958, 5000, '2022-11-15', 1),
(1497, 936, 503, 1, 812, 1000, '2022-11-15', 1),
(1498, 936, 462, 1, 900, 1000, '2022-11-15', 1),
(1499, 937, 4, 2, 3040, 4000, '2022-11-15', 1),
(1500, 937, 462, 1, 900, 1000, '2022-11-15', 1),
(1501, 938, 510, 1, 1800, 2000, '2022-11-15', 1),
(1502, 938, 2, 2, 584, 1000, '2022-11-15', 1),
(1503, 939, 502, 1, 1750, 2000, '2022-11-15', 1),
(1504, 939, 21, 1, 1708, 2000, '2022-11-15', 1),
(1505, 939, 101, 1, 2750, 3500, '2022-11-15', 1),
(1506, 939, 93, 1, 2363, 3000, '2022-11-15', 1),
(1507, 939, 495, 1, 1700, 2000, '2022-11-15', 1),
(1508, 939, 39, 1, 1780, 2000, '2022-11-15', 1),
(1509, 940, 305, 1, 1271, 2000, '2022-11-15', 1),
(1510, 940, 104, 2, 8124, 10000, '2022-11-15', 1),
(1511, 940, 295, 3, 4749, 7500, '2022-11-15', 1),
(1512, 940, 486, 2, 4376, 6000, '2022-11-15', 1),
(1513, 940, 4, 12, 18240, 24000, '2022-11-15', 1),
(1514, 940, 461, 1, 1750, 2000, '2022-11-15', 1),
(1515, 940, 506, 3, 1350, 1500, '2022-11-15', 1),
(1516, 940, 101, 2, 5500, 7000, '2022-11-15', 1),
(1517, 940, 306, 1, 469, 500, '2022-11-15', 1),
(1518, 940, 483, 1, 3500, 4500, '2022-11-15', 1),
(1519, 940, 37, 2, 3500, 4000, '2022-11-15', 1),
(1520, 940, 99, 1, 2425, 3000, '2022-11-15', 1),
(1521, 940, 2, 4, 1168, 2000, '2022-11-15', 1),
(1522, 941, 2, 2, 584, 1000, '2022-11-15', 1),
(1523, 941, 4, 1, 1520, 2000, '2022-11-15', 1),
(1524, 942, 99, 2, 4850, 6000, '2022-11-15', 1),
(1525, 942, 503, 1, 812, 1000, '2022-11-15', 1),
(1526, 942, 305, 1, 1271, 2000, '2022-11-15', 1),
(1527, 942, 4, 1, 1520, 2000, '2022-11-15', 1),
(1528, 942, 104, 1, 4062, 5000, '2022-11-15', 1),
(1529, 942, 484, 1, 1583, 2500, '2022-11-15', 1),
(1530, 943, 104, 1, 4062, 5000, '2022-11-15', 1),
(1531, 944, 478, 1, 3333, 4000, '2022-11-15', 1),
(1532, 944, 82, 1, 2375, 3000, '2022-11-15', 1),
(1533, 944, 2, 2, 584, 1000, '2022-11-15', 1),
(1534, 944, 115, 2, 900, 1000, '2022-11-15', 1),
(1535, 945, 310, 2, 7000, 9000, '2022-11-15', 1),
(1536, 946, 4, 1, 1520, 2000, '2022-11-15', 1),
(1537, 947, 4, 6, 9120, 12000, '2022-11-15', 1),
(1538, 947, 2, 2, 584, 1000, '2022-11-15', 1),
(1539, 948, 104, 2, 8124, 10000, '2022-11-15', 1),
(1540, 948, 82, 1, 2375, 3000, '2022-11-15', 1),
(1541, 948, 478, 1, 3333, 4000, '2022-11-15', 1),
(1542, 948, 99, 1, 2425, 3000, '2022-11-15', 1),
(1543, 948, 496, 1, 1700, 2000, '2022-11-15', 1),
(1544, 948, 25, 1, 850, 1000, '2022-11-15', 1),
(1545, 948, 307, 1, 3792, 5000, '2022-11-15', 1),
(1546, 948, 443, 1, 900, 1000, '2022-11-15', 1),
(1547, 948, 360, 1, 3208, 4000, '2022-11-15', 1),
(1548, 948, 453, 1, 900, 1000, '2022-11-15', 1),
(1549, 948, 512, 1, 1560, 2000, '2022-11-15', 1),
(1550, 949, 307, 1, 3792, 5000, '2022-11-15', 1),
(1551, 949, 501, 1, 1550, 2000, '2022-11-15', 1),
(1552, 949, 483, 1, 3500, 4500, '2022-11-15', 1),
(1553, 949, 85, 1, 3958, 5000, '2022-11-15', 1),
(1554, 950, 323, 3, 5250, 7500, '2022-11-15', 1),
(1555, 950, 443, 2, 1800, 2000, '2022-11-15', 1),
(1556, 950, 306, 1, 469, 500, '2022-11-15', 1),
(1557, 950, 71, 1, 2200, 3000, '2022-11-15', 1),
(1558, 950, 369, 2, 4726, 6000, '2022-11-15', 1),
(1559, 950, 486, 1, 2188, 3000, '2022-11-15', 1),
(1560, 950, 341, 1, 1854, 2500, '2022-11-15', 1),
(1561, 950, 484, 2, 3166, 5000, '2022-11-15', 1),
(1562, 951, 483, 1, 3500, 4500, '2022-11-15', 1),
(1563, 952, 459, 1, 1708, 2000, '2022-11-16', 1),
(1564, 953, 373, 1, 812, 1000, '2022-11-16', 1),
(1565, 953, 71, 1, 2200, 3000, '2022-11-16', 1),
(1566, 954, 87, 1, 900, 1500, '2022-11-16', 1),
(1567, 954, 520, 1, 1800, 2000, '2022-11-16', 1),
(1568, 954, 79, 1, 3958, 4500, '2022-11-16', 1),
(1569, 955, 41, 1, 900, 1000, '2022-11-16', 1),
(1570, 956, 333, 1, 1854, 2500, '2022-11-16', 1),
(1571, 957, 2, 6, 1752, 3000, '2022-11-16', 1),
(1572, 958, 520, 1, 1800, 2000, '2022-11-16', 1),
(1573, 959, 2, 4, 1168, 2000, '2022-11-16', 1),
(1574, 960, 484, 2, 3166, 5000, '2022-11-16', 1),
(1575, 961, 514, 1, 875, 1000, '2022-11-16', 1),
(1576, 962, 509, 2, 850, 1000, '2022-11-16', 1),
(1577, 963, 453, 1, 900, 1000, '2022-11-16', 1),
(1578, 964, 4, 1, 1520, 2000, '2022-11-16', 1),
(1579, 965, 4, 1, 1520, 2000, '2022-11-16', 1),
(1580, 966, 341, 1, 1854, 2500, '2022-11-16', 1),
(1581, 967, 333, 2, 3708, 5000, '2022-11-16', 1),
(1582, 968, 453, 1, 900, 1000, '2022-11-16', 1),
(1583, 969, 48, 2, 240, 500, '2022-11-16', 1),
(1584, 970, 101, 1, 2750, 3500, '2022-11-16', 1),
(1585, 971, 484, 2, 3166, 5000, '2022-11-16', 1),
(1586, 972, 333, 1, 1854, 2500, '2022-11-16', 1),
(1587, 973, 24, 3, 1275, 1500, '2022-11-16', 1),
(1588, 974, 508, 1, 425, 500, '2022-11-16', 1),
(1589, 975, 4, 2, 3040, 4000, '2022-11-16', 1),
(1590, 976, 495, 1, 1700, 2000, '2022-11-16', 1),
(1591, 977, 4, 3, 4560, 6000, '2022-11-16', 1),
(1592, 978, 306, 2, 938, 1000, '2022-11-16', 1),
(1593, 979, 301, 1, 4167, 5000, '2022-11-16', 1),
(1594, 980, 483, 1, 3500, 4500, '2022-11-16', 1),
(1595, 981, 310, 4, 14000, 18000, '2022-11-16', 1),
(1596, 981, 105, 6, 636, 1500, '2022-11-16', 1),
(1597, 982, 24, 2, 850, 1000, '2022-11-16', 1),
(1598, 983, 24, 4, 1700, 2000, '2022-11-16', 1),
(1599, 984, 2, 4, 1168, 2000, '2022-11-16', 1),
(1600, 984, 453, 3, 2700, 3000, '2022-11-16', 1),
(1601, 984, 41, 1, 900, 1000, '2022-11-16', 1),
(1602, 984, 323, 1, 1750, 2500, '2022-11-16', 1),
(1603, 985, 502, 1, 1750, 2000, '2022-11-16', 1),
(1604, 985, 323, 1, 1750, 2500, '2022-11-16', 1),
(1605, 985, 18, 1, 900, 1000, '2022-11-16', 1),
(1606, 986, 305, 2, 2542, 4000, '2022-11-16', 1),
(1607, 987, 21, 1, 1708, 2000, '2022-11-16', 1),
(1608, 988, 483, 1, 3500, 4500, '2022-11-16', 1),
(1609, 988, 111, 1, 450, 500, '2022-11-16', 1),
(1610, 989, 4, 1, 1520, 2000, '2022-11-16', 1),
(1611, 990, 2, 4, 1168, 2000, '2022-11-16', 1),
(1612, 991, 499, 2, 900, 1000, '2022-11-16', 1),
(1613, 991, 21, 1, 1708, 2000, '2022-11-16', 1),
(1614, 992, 4, 3, 4560, 6000, '2022-11-16', 1),
(1615, 993, 4, 2, 3040, 4000, '2022-11-16', 1),
(1616, 994, 341, 1, 1854, 2500, '2022-11-16', 1),
(1617, 994, 4, 1, 1520, 2000, '2022-11-16', 1),
(1618, 994, 111, 1, 450, 500, '2022-11-16', 1),
(1619, 995, 4, 2, 3040, 4000, '2022-11-16', 1),
(1620, 996, 4, 1, 1520, 2000, '2022-11-16', 1),
(1621, 996, 2, 2, 584, 1000, '2022-11-16', 1),
(1622, 997, 453, 1, 900, 1000, '2022-11-16', 1),
(1623, 997, 511, 1, 875, 1000, '2022-11-16', 1),
(1624, 998, 4, 1, 1520, 2000, '2022-11-16', 1),
(1625, 999, 4, 1, 1520, 2000, '2022-11-16', 1),
(1626, 1000, 4, 1, 1520, 2000, '2022-11-16', 1),
(1627, 1001, 333, 3, 5562, 7500, '2022-11-16', 1),
(1628, 1002, 4, 1, 1520, 2000, '2022-11-16', 1),
(1629, 1003, 483, 1, 3500, 4500, '2022-11-16', 1),
(1630, 1005, 442, 1, 880, 1000, '2022-11-16', 1),
(1631, 1006, 41, 2, 1800, 2000, '2022-11-16', 1),
(1632, 1007, 306, 2, 938, 1000, '2022-11-16', 1),
(1633, 1008, 306, 2, 938, 1000, '2022-11-16', 1),
(1634, 1008, 341, 1, 1854, 2500, '2022-11-16', 1),
(1635, 1008, 99, 1, 2425, 3000, '2022-11-16', 1),
(1636, 1009, 459, 1, 1708, 2000, '2022-11-16', 1),
(1637, 1009, 306, 6, 2814, 3000, '2022-11-16', 1),
(1638, 1010, 519, 1, 795, 1000, '2022-11-16', 1),
(1639, 1010, 2, 2, 584, 1000, '2022-11-16', 1),
(1640, 1011, 99, 1, 2425, 3000, '2022-11-16', 1),
(1641, 1012, 295, 2, 3166, 5000, '2022-11-16', 1),
(1642, 1012, 305, 1, 1271, 2000, '2022-11-16', 1),
(1643, 1012, 360, 1, 3208, 4000, '2022-11-16', 1),
(1644, 1013, 30, 1, 850, 1000, '2022-11-16', 1),
(1645, 1013, 24, 2, 850, 1000, '2022-11-16', 1),
(1646, 1013, 41, 1, 900, 1000, '2022-11-16', 1),
(1647, 1013, 29, 2, 900, 1000, '2022-11-16', 1),
(1648, 1014, 4, 3, 4560, 6000, '2022-11-16', 1),
(1649, 1015, 99, 2, 4850, 6000, '2022-11-16', 1),
(1650, 1016, 90, 2, 3116, 4000, '2022-11-16', 1),
(1651, 1017, 295, 1, 1583, 2500, '2022-11-16', 1),
(1652, 1017, 21, 1, 1708, 2000, '2022-11-16', 1),
(1653, 1018, 442, 3, 2640, 3000, '2022-11-16', 1),
(1654, 1018, 4, 3, 4560, 6000, '2022-11-16', 1),
(1655, 1019, 514, 1, 875, 1000, '2022-11-16', 1),
(1656, 1019, 87, 1, 900, 1500, '2022-11-16', 1),
(1657, 1020, 87, 1, 900, 1500, '2022-11-16', 1),
(1658, 1021, 4, 1, 1520, 2000, '2022-11-16', 1),
(1659, 1022, 4, 2, 3040, 4000, '2022-11-16', 1),
(1660, 1022, 440, 1, 1650, 2000, '2022-11-16', 1),
(1661, 1022, 524, 2, 1100, 2000, '2022-11-16', 1),
(1662, 1023, 341, 2, 3708, 5000, '2022-11-16', 1),
(1663, 1024, 4, 1, 1520, 2000, '2022-11-16', 1),
(1664, 1025, 22, 1, 795, 1000, '2022-11-16', 1),
(1665, 1025, 523, 1, 860, 1000, '2022-11-16', 1),
(1666, 1026, 520, 1, 1800, 2000, '2022-11-16', 1),
(1667, 1026, 79, 1, 3958, 4500, '2022-11-16', 1),
(1668, 1027, 38, 1, 1792, 2500, '2022-11-16', 1),
(1669, 1027, 21, 1, 1708, 2000, '2022-11-16', 1),
(1670, 1027, 323, 1, 1750, 2500, '2022-11-16', 1),
(1671, 1027, 502, 1, 1750, 2000, '2022-11-16', 1),
(1672, 1027, 333, 2, 3708, 5000, '2022-11-16', 1),
(1673, 1028, 484, 1, 1583, 2500, '2022-11-16', 1),
(1674, 1029, 87, 3, 2700, 4500, '2022-11-16', 1),
(1675, 1030, 484, 1, 1583, 2500, '2022-11-16', 1),
(1676, 1030, 93, 1, 2363, 3000, '2022-11-16', 1),
(1677, 1031, 99, 1, 2425, 3000, '2022-11-16', 1),
(1678, 1031, 491, 1, 1666, 2000, '2022-11-16', 1),
(1679, 1032, 499, 2, 900, 1000, '2022-11-16', 1),
(1680, 1032, 306, 2, 938, 1000, '2022-11-16', 1),
(1681, 1033, 486, 1, 2188, 3000, '2022-11-16', 1),
(1682, 1034, 4, 1, 1520, 2000, '2022-11-16', 1),
(1683, 1034, 443, 1, 900, 1000, '2022-11-16', 1),
(1684, 1034, 440, 1, 1650, 2000, '2022-11-16', 1),
(1685, 1035, 452, 2, 1800, 2000, '2022-11-16', 1),
(1686, 1035, 511, 1, 875, 1000, '2022-11-16', 1),
(1687, 1035, 440, 2, 3300, 4000, '2022-11-16', 1),
(1688, 1035, 18, 1, 900, 1000, '2022-11-16', 1),
(1689, 1036, 305, 1, 1271, 2000, '2022-11-16', 1),
(1690, 1037, 4, 1, 1520, 2000, '2022-11-16', 1),
(1691, 1038, 453, 1, 900, 1000, '2022-11-16', 1),
(1692, 1038, 93, 1, 2363, 3000, '2022-11-16', 1),
(1693, 1038, 440, 1, 1650, 2000, '2022-11-16', 1),
(1694, 1039, 85, 1, 3958, 5000, '2022-11-16', 1),
(1695, 1039, 4, 1, 1520, 2000, '2022-11-16', 1),
(1696, 1040, 97, 1, 1913, 2500, '2022-11-16', 1),
(1697, 1040, 90, 1, 1558, 2000, '2022-11-16', 1),
(1698, 1041, 486, 2, 4376, 6000, '2022-11-16', 1),
(1699, 1042, 295, 1, 1583, 2500, '2022-11-16', 1),
(1700, 1042, 305, 1, 1271, 2000, '2022-11-16', 1),
(1701, 1043, 483, 1, 3500, 4500, '2022-11-16', 1),
(1702, 1043, 461, 1, 1750, 2000, '2022-11-16', 1),
(1703, 1044, 97, 1, 1913, 2500, '2022-11-16', 1),
(1704, 1045, 453, 2, 1800, 2000, '2022-11-16', 1),
(1705, 1045, 22, 3, 2385, 3000, '2022-11-16', 1),
(1706, 1046, 99, 1, 2425, 3000, '2022-11-16', 1),
(1707, 1047, 341, 1, 1854, 2500, '2022-11-16', 1),
(1708, 1048, 93, 1, 2363, 3000, '2022-11-16', 1),
(1709, 1048, 101, 1, 2750, 3500, '2022-11-16', 1),
(1710, 1049, 341, 1, 1854, 2500, '2022-11-16', 1),
(1711, 1050, 440, 2, 3300, 4000, '2022-11-16', 1),
(1712, 1052, 306, 2, 938, 1000, '2022-11-16', 1),
(1713, 1053, 520, 1, 1800, 2000, '2022-11-16', 1),
(1714, 1053, 22, 1, 795, 1000, '2022-11-16', 1),
(1715, 1053, 496, 1, 1700, 2000, '2022-11-16', 1),
(1716, 1054, 333, 1, 1854, 2500, '2022-11-16', 1),
(1717, 1055, 4, 1, 1520, 2000, '2022-11-16', 1),
(1718, 1056, 4, 3, 4560, 6000, '2022-11-16', 1),
(1719, 1058, 24, 2, 850, 1000, '2022-11-16', 1),
(1720, 1058, 30, 1, 850, 1000, '2022-11-16', 1),
(1721, 1059, 341, 2, 3708, 5000, '2022-11-16', 1),
(1722, 1059, 305, 1, 1271, 2000, '2022-11-16', 1),
(1723, 1060, 310, 1, 3500, 4500, '2022-11-16', 1),
(1724, 1060, 105, 2, 212, 500, '2022-11-16', 1),
(1725, 1060, 99, 1, 2425, 3000, '2022-11-16', 1),
(1726, 1061, 459, 1, 1708, 2000, '2022-11-16', 1),
(1727, 1062, 99, 1, 2425, 3000, '2022-11-16', 1),
(1728, 1063, 308, 1, 3583, 4500, '2022-11-16', 1),
(1729, 1063, 341, 2, 3708, 5000, '2022-11-16', 1),
(1730, 1063, 105, 2, 212, 500, '2022-11-16', 1),
(1731, 1063, 2, 1, 292, 500, '2022-11-16', 1),
(1732, 1064, 495, 1, 1700, 2000, '2022-11-16', 1),
(1733, 1064, 111, 2, 900, 1000, '2022-11-16', 1),
(1734, 1065, 301, 1, 4167, 5000, '2022-11-16', 1),
(1735, 1066, 4, 1, 1520, 2000, '2022-11-16', 1),
(1736, 1066, 2, 1, 292, 500, '2022-11-16', 1),
(1737, 1067, 91, 2, 3100, 4000, '2022-11-16', 1),
(1738, 1067, 90, 1, 1558, 2000, '2022-11-16', 1),
(1739, 1068, 30, 3, 2550, 3000, '2022-11-16', 1),
(1740, 1069, 466, 1, 5334, 7000, '2022-11-16', 1),
(1741, 1070, 484, 1, 1583, 2500, '2022-11-16', 1),
(1742, 1071, 509, 2, 850, 1000, '2022-11-16', 1),
(1743, 1071, 30, 1, 850, 1000, '2022-11-16', 1),
(1744, 1072, 454, 1, 1750, 2000, '2022-11-16', 1),
(1745, 1073, 30, 1, 850, 1000, '2022-11-16', 1),
(1746, 1074, 4, 2, 3040, 4000, '2022-11-16', 1),
(1747, 1074, 111, 4, 1800, 2000, '2022-11-16', 1),
(1748, 1075, 4, 1, 1520, 2000, '2022-11-16', 1),
(1749, 1076, 90, 1, 1558, 2000, '2022-11-16', 1),
(1750, 1077, 126, 1, 2200, 3000, '2022-11-16', 1),
(1751, 1078, 99, 3, 7275, 9000, '2022-11-16', 1),
(1752, 1079, 104, 1, 4062, 5000, '2022-11-16', 1),
(1753, 1080, 99, 1, 2425, 3000, '2022-11-16', 1),
(1754, 1081, 347, 1, 2355, 3000, '2022-11-16', 1),
(1755, 1082, 299, 4, 14000, 18000, '2022-11-16', 1),
(1756, 1083, 111, 2, 900, 1000, '2022-11-16', 1),
(1757, 1084, 4, 1, 1520, 2000, '2022-11-16', 1),
(1758, 1084, 104, 1, 4062, 5000, '2022-11-16', 1),
(1759, 1084, 520, 1, 1800, 2000, '2022-11-16', 1),
(1760, 1084, 31, 1, 1867, 2000, '2022-11-16', 1),
(1761, 1084, 360, 1, 3208, 4000, '2022-11-16', 1),
(1762, 1084, 305, 1, 1271, 2000, '2022-11-16', 1),
(1763, 1085, 110, 4, 552, 1000, '2022-11-16', 1),
(1764, 1085, 49, 4, 480, 1000, '2022-11-16', 1),
(1765, 1086, 99, 1, 2425, 3000, '2022-11-16', 1),
(1766, 1087, 101, 1, 2750, 3500, '2022-11-16', 1),
(1767, 1087, 85, 1, 3958, 5000, '2022-11-16', 1),
(1768, 1088, 360, 1, 3208, 4000, '2022-11-16', 1),
(1769, 1088, 512, 1, 1560, 2000, '2022-11-16', 1),
(1770, 1089, 101, 1, 2750, 3500, '2022-11-16', 1),
(1771, 1090, 333, 1, 1854, 2500, '2022-11-16', 1),
(1772, 1091, 99, 2, 4850, 6000, '2022-11-16', 1),
(1773, 1092, 518, 1, 400, 500, '2022-11-16', 1),
(1774, 1092, 321, 2, 260, 500, '2022-11-16', 1),
(1775, 1093, 118, 1, 840, 1000, '2022-11-16', 1),
(1776, 1093, 453, 1, 900, 1000, '2022-11-16', 1),
(1777, 1094, 333, 1, 1854, 2500, '2022-11-16', 1),
(1778, 1095, 516, 1, 1860, 2000, '2022-11-16', 1),
(1779, 1095, 505, 1, 1800, 2000, '2022-11-16', 1),
(1780, 1095, 520, 1, 1800, 2000, '2022-11-16', 1),
(1781, 1095, 23, 1, 1567, 2000, '2022-11-16', 1),
(1782, 1095, 501, 1, 1550, 2000, '2022-11-16', 1),
(1783, 1095, 495, 1, 1700, 2000, '2022-11-16', 1),
(1784, 1096, 299, 2, 7000, 9000, '2022-11-16', 1),
(1785, 1097, 21, 1, 1708, 2000, '2022-11-16', 1),
(1786, 1097, 99, 1, 2425, 3000, '2022-11-16', 1),
(1787, 1097, 104, 1, 4062, 5000, '2022-11-16', 1),
(1788, 1098, 104, 1, 4062, 5000, '2022-11-16', 1),
(1789, 1098, 511, 2, 1750, 2000, '2022-11-16', 1),
(1790, 1099, 520, 2, 3600, 4000, '2022-11-16', 1),
(1791, 1099, 87, 1, 900, 1500, '2022-11-16', 1),
(1792, 1099, 36, 4, 1800, 2000, '2022-11-16', 1),
(1793, 1100, 25, 1, 850, 1000, '2022-11-16', 1),
(1794, 1100, 22, 1, 795, 1000, '2022-11-16', 1),
(1795, 1100, 111, 2, 900, 1000, '2022-11-16', 1),
(1796, 1101, 4, 1, 1520, 2000, '2022-11-16', 1),
(1797, 1101, 110, 2, 276, 500, '2022-11-16', 1),
(1798, 1101, 49, 2, 240, 500, '2022-11-16', 1),
(1799, 1101, 36, 2, 900, 1000, '2022-11-16', 1),
(1800, 1102, 486, 1, 2188, 3000, '2022-11-16', 1),
(1801, 1102, 509, 1, 425, 500, '2022-11-16', 1),
(1802, 1102, 453, 1, 900, 1000, '2022-11-16', 1),
(1803, 1102, 4, 1, 1520, 2000, '2022-11-16', 1),
(1804, 1103, 18, 1, 900, 1000, '2022-11-16', 1),
(1805, 1103, 101, 1, 2750, 3500, '2022-11-16', 1),
(1806, 1103, 118, 1, 840, 1000, '2022-11-16', 1),
(1807, 1104, 39, 1, 1780, 2000, '2022-11-16', 1),
(1808, 1104, 104, 1, 4062, 5000, '2022-11-16', 1),
(1809, 1104, 99, 1, 2425, 3000, '2022-11-16', 1),
(1810, 1104, 22, 1, 795, 1000, '2022-11-16', 1),
(1811, 1105, 496, 1, 1700, 2000, '2022-11-16', 1),
(1812, 1106, 118, 2, 1680, 2000, '2022-11-16', 1),
(1813, 1107, 508, 2, 850, 1000, '2022-11-16', 1),
(1814, 1108, 295, 1, 1583, 2500, '2022-11-16', 1),
(1815, 1109, 310, 1, 3500, 4500, '2022-11-16', 1),
(1816, 1109, 104, 1, 4062, 5000, '2022-11-16', 1),
(1817, 1109, 93, 1, 2363, 3000, '2022-11-16', 1),
(1818, 1110, 104, 3, 12186, 15000, '2022-11-16', 1),
(1819, 1111, 41, 3, 2700, 3000, '2022-11-16', 1),
(1820, 1111, 29, 2, 900, 1000, '2022-11-16', 1),
(1821, 1112, 104, 1, 4062, 5000, '2022-11-16', 1),
(1822, 1112, 99, 2, 4850, 6000, '2022-11-16', 1),
(1823, 1112, 2, 2, 584, 1000, '2022-11-16', 1),
(1824, 1113, 484, 2, 3166, 5000, '2022-11-16', 1),
(1825, 1114, 508, 1, 425, 500, '2022-11-16', 1),
(1826, 1114, 49, 2, 240, 500, '2022-11-16', 1),
(1827, 1115, 484, 1, 1583, 2500, '2022-11-16', 1),
(1828, 1115, 296, 2, 4416, 6000, '2022-11-16', 1),
(1829, 1116, 4, 2, 3040, 4000, '2022-11-16', 1),
(1830, 1118, 4, 3, 4560, 6000, '2022-11-16', 1),
(1831, 1119, 38, 1, 1792, 2500, '2022-11-16', 1),
(1832, 1119, 22, 1, 795, 1000, '2022-11-16', 1),
(1833, 1119, 99, 1, 2425, 3000, '2022-11-16', 1),
(1834, 1120, 4, 1, 1520, 2000, '2022-11-16', 1),
(1835, 1121, 18, 3, 2700, 3000, '2022-11-16', 1),
(1836, 1122, 104, 4, 16248, 20000, '2022-11-16', 1),
(1837, 1122, 80, 1, 3958, 5000, '2022-11-16', 1),
(1838, 1123, 80, 1, 3958, 5000, '2022-11-16', 1),
(1839, 1124, 99, 1, 2425, 3000, '2022-11-16', 1),
(1840, 1125, 99, 1, 2425, 3000, '2022-11-16', 1),
(1841, 1125, 93, 1, 2363, 3000, '2022-11-16', 1),
(1842, 1125, 299, 1, 3500, 4500, '2022-11-16', 1),
(1843, 1126, 90, 2, 3116, 4000, '2022-11-16', 1),
(1844, 1128, 296, 1, 2208, 3000, '2022-11-16', 1),
(1845, 1128, 85, 1, 3958, 5000, '2022-11-16', 1),
(1846, 1128, 78, 1, 3875, 4500, '2022-11-16', 1),
(1847, 1128, 2, 2, 584, 1000, '2022-11-16', 1),
(1848, 1128, 518, 1, 400, 500, '2022-11-16', 1),
(1849, 1129, 2, 2, 584, 1000, '2022-11-16', 1),
(1850, 1130, 4, 1, 1520, 2000, '2022-11-16', 1),
(1851, 1131, 2, 3, 876, 1500, '2022-11-16', 1),
(1852, 1132, 522, 1, 840, 1000, '2022-11-16', 1),
(1853, 1132, 36, 1, 450, 500, '2022-11-16', 1),
(1854, 1132, 99, 1, 2425, 3000, '2022-11-16', 1),
(1855, 1133, 36, 1, 450, 500, '2022-11-16', 1),
(1856, 1134, 99, 1, 2425, 3000, '2022-11-16', 1),
(1857, 1135, 333, 1, 1854, 2500, '2022-11-16', 1),
(1858, 1136, 486, 1, 2188, 3000, '2022-11-16', 1),
(1859, 1136, 519, 2, 1590, 2000, '2022-11-16', 1),
(1860, 1137, 2, 1, 292, 500, '2022-11-16', 1),
(1861, 1138, 517, 1, 1850, 2000, '2022-11-16', 1),
(1862, 1138, 442, 2, 1760, 2000, '2022-11-16', 1),
(1863, 1138, 491, 1, 1666, 2000, '2022-11-16', 1),
(1864, 1138, 511, 1, 875, 1000, '2022-11-16', 1),
(1865, 1139, 296, 1, 2208, 3000, '2022-11-16', 1),
(1866, 1139, 440, 1, 1650, 2000, '2022-11-16', 1),
(1867, 1139, 354, 2, 1760, 2000, '2022-11-16', 1),
(1868, 1139, 451, 1, 1800, 2000, '2022-11-16', 1),
(1869, 1139, 522, 1, 840, 1000, '2022-11-16', 1),
(1870, 1140, 440, 3, 4950, 6000, '2022-11-16', 1),
(1871, 1141, 70, 1, 550, 1000, '2022-11-16', 1),
(1872, 1141, 91, 1, 1550, 2000, '2022-11-16', 1),
(1873, 1142, 317, 2, 1800, 2000, '2022-11-16', 1),
(1874, 1142, 486, 1, 2188, 3000, '2022-11-16', 1),
(1875, 1143, 440, 1, 1650, 2000, '2022-11-16', 1),
(1876, 1143, 453, 2, 1800, 2000, '2022-11-16', 1),
(1877, 1144, 21, 1, 1708, 2000, '2022-11-16', 1),
(1878, 1145, 373, 1, 812, 1000, '2022-11-16', 1),
(1879, 1145, 453, 1, 900, 1000, '2022-11-16', 1),
(1880, 1146, 459, 1, 1708, 2000, '2022-11-17', 1),
(1881, 1146, 453, 1, 900, 1000, '2022-11-17', 1),
(1882, 1147, 87, 1, 900, 1500, '2022-11-17', 1),
(1883, 1148, 38, 1, 1792, 2500, '2022-11-17', 1),
(1884, 1149, 442, 1, 880, 1000, '2022-11-17', 1),
(1885, 1150, 499, 1, 450, 500, '2022-11-17', 1),
(1886, 1150, 36, 1, 450, 500, '2022-11-17', 1),
(1887, 1150, 41, 1, 900, 1000, '2022-11-17', 1),
(1888, 1151, 38, 1, 1792, 2500, '2022-11-17', 1),
(1889, 1151, 499, 1, 450, 500, '2022-11-17', 1),
(1890, 1151, 22, 1, 795, 1000, '2022-11-17', 1),
(1891, 1151, 519, 1, 795, 1000, '2022-11-17', 1),
(1892, 1152, 519, 1, 795, 1000, '2022-11-17', 1),
(1893, 1153, 306, 4, 1876, 2000, '2022-11-17', 1),
(1894, 1154, 133, 1, 0, 0, '2022-11-17', 1),
(1895, 1155, 2, 3, 876, 1500, '2022-11-17', 1),
(1896, 1156, 484, 1, 1583, 2500, '2022-11-17', 1),
(1897, 1157, 444, 2, 1700, 2000, '2022-11-17', 1),
(1898, 1157, 501, 1, 1550, 2000, '2022-11-17', 1),
(1899, 1158, 4, 1, 1520, 2000, '2022-11-17', 1),
(1900, 1158, 2, 1, 292, 500, '2022-11-17', 1),
(1901, 1159, 501, 1, 1550, 2000, '2022-11-17', 1),
(1902, 1160, 508, 2, 850, 1000, '2022-11-17', 1),
(1903, 1161, 2, 1, 292, 500, '2022-11-17', 1),
(1904, 1162, 4, 1, 1520, 2000, '2022-11-17', 1),
(1905, 1163, 362, 2, 1800, 2000, '2022-11-17', 1),
(1906, 1163, 499, 2, 900, 1000, '2022-11-17', 1),
(1907, 1163, 111, 2, 900, 1000, '2022-11-17', 1),
(1908, 1164, 4, 1, 1520, 2000, '2022-11-17', 1),
(1909, 1165, 519, 1, 795, 1000, '2022-11-17', 1),
(1910, 1166, 49, 4, 480, 1000, '2022-11-17', 1),
(1911, 1167, 4, 3, 4560, 6000, '2022-11-17', 1),
(1912, 1168, 2, 2, 584, 1000, '2022-11-17', 1),
(1913, 1169, 499, 2, 900, 1000, '2022-11-17', 1),
(1914, 1169, 519, 1, 795, 1000, '2022-11-17', 1),
(1915, 1170, 4, 1, 1520, 2000, '2022-11-17', 1),
(1916, 1171, 4, 1, 1520, 2000, '2022-11-17', 1),
(1917, 1172, 4, 3, 4560, 6000, '2022-11-17', 1),
(1918, 1172, 36, 1, 450, 500, '2022-11-17', 1),
(1919, 1173, 4, 1, 1520, 2000, '2022-11-17', 1),
(1920, 1174, 48, 1, 120, 250, '2022-11-17', 1),
(1921, 1175, 4, 2, 3040, 4000, '2022-11-17', 1),
(1922, 1176, 4, 1, 1520, 2000, '2022-11-17', 1),
(1923, 1177, 36, 1, 450, 500, '2022-11-17', 1),
(1924, 1177, 520, 1, 1800, 2000, '2022-11-17', 1),
(1925, 1178, 2, 2, 584, 1000, '2022-11-17', 1),
(1926, 1178, 18, 1, 900, 1000, '2022-11-17', 1),
(1927, 1178, 443, 1, 900, 1000, '2022-11-17', 1),
(1928, 1178, 23, 1, 1567, 2000, '2022-11-17', 1),
(1929, 1179, 520, 1, 1800, 2000, '2022-11-17', 1),
(1930, 1180, 26, 2, 880, 1000, '2022-11-17', 1),
(1931, 1180, 483, 1, 3500, 4500, '2022-11-17', 1),
(1932, 1181, 453, 1, 900, 1000, '2022-11-17', 1),
(1933, 1182, 300, 1, 3333, 4000, '2022-11-17', 1),
(1934, 1183, 305, 2, 2542, 4000, '2022-11-17', 1),
(1935, 1184, 4, 1, 1520, 2000, '2022-11-17', 1),
(1936, 1185, 36, 1, 450, 500, '2022-11-17', 1),
(1937, 1186, 307, 1, 3792, 5000, '2022-11-17', 1),
(1938, 1187, 4, 1, 1520, 2000, '2022-11-17', 1),
(1939, 1187, 36, 2, 900, 1000, '2022-11-17', 1),
(1940, 1187, 111, 1, 450, 500, '2022-11-17', 1),
(1941, 1189, 18, 2, 1800, 2000, '2022-11-17', 1),
(1942, 1189, 323, 1, 1750, 2500, '2022-11-17', 1),
(1943, 1190, 99, 1, 2425, 3000, '2022-11-17', 1),
(1944, 1191, 523, 2, 1720, 2000, '2022-11-17', 1),
(1945, 1191, 4, 2, 3040, 4000, '2022-11-17', 1),
(1946, 1191, 2, 2, 584, 1000, '2022-11-17', 1),
(1947, 1192, 440, 1, 1650, 2000, '2022-11-17', 1),
(1948, 1192, 311, 1, 5000, 6000, '2022-11-17', 1),
(1949, 1193, 78, 1, 3875, 4500, '2022-11-17', 1),
(1950, 1194, 345, 1, 3500, 4500, '2022-11-17', 1),
(1951, 1195, 320, 2, 260, 500, '2022-11-17', 1),
(1952, 1196, 515, 1, 1500, 2000, '2022-11-17', 1),
(1953, 1196, 39, 1, 1780, 2000, '2022-11-17', 1),
(1954, 1196, 18, 2, 1800, 2000, '2022-11-17', 1),
(1955, 1196, 70, 1, 550, 1000, '2022-11-17', 1),
(1956, 1196, 87, 1, 900, 1500, '2022-11-17', 1),
(1957, 1197, 110, 1, 138, 250, '2022-11-17', 1),
(1958, 1198, 483, 1, 3500, 4500, '2022-11-17', 1),
(1959, 1198, 528, 1, 4800, 6000, '2022-11-17', 1),
(1960, 1199, 528, 2, 9600, 12000, '2022-11-17', 1),
(1961, 1200, 333, 1, 1854, 2500, '2022-11-17', 1),
(1962, 1201, 485, 1, 2708, 3500, '2022-11-17', 1),
(1963, 1202, 4, 1, 1520, 2000, '2022-11-17', 1),
(1964, 1203, 23, 1, 1567, 2000, '2022-11-17', 1),
(1965, 1203, 39, 1, 1780, 2000, '2022-11-17', 1),
(1966, 1203, 501, 1, 1550, 2000, '2022-11-17', 1),
(1967, 1204, 90, 1, 1559, 2000, '2022-11-17', 1),
(1968, 1204, 99, 1, 2425, 3000, '2022-11-17', 1),
(1969, 1205, 104, 1, 4062, 5000, '2022-11-17', 1),
(1970, 1206, 486, 2, 4376, 6000, '2022-11-17', 1),
(1971, 1207, 90, 1, 1559, 2000, '2022-11-17', 1),
(1972, 1207, 99, 1, 2425, 3000, '2022-11-17', 1),
(1973, 1208, 23, 1, 1567, 2000, '2022-11-17', 1),
(1974, 1208, 521, 2, 3700, 5000, '2022-11-17', 1),
(1975, 1208, 520, 1, 1800, 2000, '2022-11-17', 1),
(1976, 1208, 22, 1, 795, 1000, '2022-11-17', 1),
(1977, 1209, 38, 1, 1792, 2500, '2022-11-17', 1),
(1978, 1210, 302, 2, 7000, 9000, '2022-11-17', 1),
(1979, 1211, 99, 1, 2425, 3000, '2022-11-17', 1),
(1980, 1211, 104, 1, 4062, 5000, '2022-11-17', 1),
(1981, 1211, 87, 1, 900, 1500, '2022-11-17', 1),
(1982, 1211, 48, 2, 240, 500, '2022-11-17', 1),
(1983, 1212, 516, 1, 1860, 2000, '2022-11-17', 1),
(1984, 1212, 26, 1, 440, 500, '2022-11-17', 1),
(1985, 1212, 87, 1, 900, 1500, '2022-11-17', 1),
(1986, 1212, 452, 1, 900, 1000, '2022-11-17', 1),
(1987, 1213, 519, 1, 795, 1000, '2022-11-17', 1),
(1988, 1214, 373, 1, 812, 1000, '2022-11-17', 1),
(1989, 1215, 508, 2, 850, 1000, '2022-11-17', 1),
(1990, 1216, 361, 1, 3017, 4000, '2022-11-17', 1),
(1991, 1217, 442, 1, 880, 1000, '2022-11-17', 1),
(1992, 1218, 4, 1, 1520, 2000, '2022-11-17', 1),
(1993, 1219, 528, 1, 4800, 6000, '2022-11-17', 1),
(1994, 1220, 519, 1, 795, 1000, '2022-11-17', 1),
(1995, 1221, 17, 1, 890, 1500, '2022-11-17', 1),
(1996, 1221, 499, 1, 450, 500, '2022-11-17', 1),
(1997, 1222, 519, 1, 795, 1000, '2022-11-17', 1),
(1998, 1222, 459, 1, 1708, 2000, '2022-11-17', 1),
(1999, 1223, 2, 1, 292, 500, '2022-11-17', 1),
(2000, 1223, 87, 1, 900, 1500, '2022-11-17', 1),
(2001, 1224, 442, 1, 880, 1000, '2022-11-17', 1),
(2002, 1225, 4, 2, 3040, 4000, '2022-11-17', 1),
(2003, 1226, 21, 3, 5124, 6000, '2022-11-17', 1),
(2004, 1227, 21, 1, 1708, 2000, '2022-11-17', 1),
(2005, 1228, 333, 3, 5562, 7500, '2022-11-17', 1),
(2006, 1228, 87, 1, 900, 1500, '2022-11-17', 1),
(2007, 1228, 501, 1, 1550, 2000, '2022-11-17', 1),
(2008, 1228, 323, 2, 3500, 5000, '2022-11-17', 1),
(2009, 1228, 440, 1, 1650, 2000, '2022-11-17', 1),
(2010, 1228, 22, 2, 1590, 2000, '2022-11-17', 1),
(2011, 1229, 444, 1, 850, 1000, '2022-11-17', 1),
(2012, 1230, 99, 1, 2425, 3000, '2022-11-17', 1),
(2013, 1231, 93, 1, 2363, 3000, '2022-11-17', 1),
(2014, 1232, 310, 1, 3500, 4500, '2022-11-17', 1),
(2015, 1233, 486, 1, 2188, 3000, '2022-11-17', 1),
(2016, 1233, 2, 2, 584, 1000, '2022-11-17', 1),
(2017, 1233, 31, 1, 1867, 2000, '2022-11-17', 1),
(2018, 1234, 485, 1, 2708, 3500, '2022-11-17', 1),
(2019, 1234, 508, 1, 425, 500, '2022-11-17', 1),
(2020, 1235, 485, 1, 2708, 3500, '2022-11-17', 1),
(2021, 1235, 508, 1, 425, 500, '2022-11-17', 1),
(2022, 1236, 104, 1, 4062, 5000, '2022-11-17', 1),
(2023, 1237, 4, 2, 3040, 4000, '2022-11-17', 1),
(2024, 1238, 97, 1, 1913, 2500, '2022-11-17', 1),
(2025, 1239, 104, 1, 4062, 5000, '2022-11-17', 1),
(2026, 1240, 104, 1, 4062, 5000, '2022-11-17', 1),
(2027, 1240, 99, 1, 2425, 3000, '2022-11-17', 1),
(2028, 1241, 111, 4, 1800, 2000, '2022-11-17', 1),
(2029, 1242, 126, 1, 2200, 3000, '2022-11-17', 1),
(2030, 1243, 453, 2, 1800, 2000, '2022-11-17', 1),
(2031, 1243, 111, 2, 900, 1000, '2022-11-17', 1),
(2032, 1243, 4, 1, 1520, 2000, '2022-11-17', 1),
(2033, 1244, 36, 2, 900, 1000, '2022-11-17', 1),
(2034, 1245, 302, 1, 3500, 4500, '2022-11-17', 1),
(2035, 1246, 299, 1, 3500, 4500, '2022-11-17', 1),
(2036, 1247, 299, 1, 3500, 4500, '2022-11-17', 1),
(2037, 1248, 4, 1, 1520, 2000, '2022-11-17', 1),
(2038, 1249, 104, 2, 8124, 10000, '2022-11-17', 1),
(2039, 1250, 104, 1, 4062, 5000, '2022-11-17', 1),
(2040, 1251, 483, 1, 3500, 4500, '2022-11-17', 1),
(2041, 1251, 36, 1, 450, 500, '2022-11-17', 1),
(2042, 1252, 104, 1, 4062, 5000, '2022-11-17', 1),
(2043, 1252, 101, 1, 2750, 3500, '2022-11-17', 1),
(2044, 1252, 93, 1, 2363, 3000, '2022-11-17', 1),
(2045, 1253, 104, 1, 4062, 5000, '2022-11-17', 1),
(2046, 1254, 118, 1, 840, 1000, '2022-11-17', 1),
(2047, 1254, 18, 1, 900, 1000, '2022-11-17', 1),
(2048, 1255, 2, 2, 584, 1000, '2022-11-17', 1),
(2049, 1256, 26, 2, 880, 1000, '2022-11-17', 1),
(2050, 1257, 440, 1, 1650, 2000, '2022-11-17', 1),
(2051, 1257, 323, 1, 1750, 2500, '2022-11-17', 1),
(2052, 1258, 453, 1, 900, 1000, '2022-11-17', 1),
(2053, 1259, 523, 2, 1720, 2000, '2022-11-17', 1),
(2054, 1259, 4, 1, 1520, 2000, '2022-11-17', 1),
(2055, 1260, 295, 1, 1583, 2500, '2022-11-17', 1),
(2056, 1261, 104, 1, 4062, 5000, '2022-11-17', 1),
(2057, 1261, 99, 1, 2425, 3000, '2022-11-17', 1),
(2058, 1262, 93, 1, 2363, 3000, '2022-11-17', 1),
(2059, 1262, 99, 1, 2425, 3000, '2022-11-17', 1),
(2060, 1263, 99, 2, 4850, 6000, '2022-11-17', 1),
(2061, 1264, 126, 1, 2200, 3000, '2022-11-17', 1),
(2062, 1264, 299, 1, 3500, 4500, '2022-11-17', 1),
(2063, 1265, 4, 1, 1520, 2000, '2022-11-17', 1),
(2064, 1266, 126, 1, 2200, 3000, '2022-11-17', 1),
(2065, 1267, 2, 2, 584, 1000, '2022-11-17', 1),
(2066, 1268, 457, 1, 1709, 2000, '2022-11-17', 1),
(2067, 1269, 39, 1, 1780, 2000, '2022-11-17', 1),
(2068, 1269, 511, 1, 875, 1000, '2022-11-17', 1),
(2069, 1270, 22, 1, 795, 1000, '2022-11-17', 1),
(2070, 1271, 22, 1, 795, 1000, '2022-11-17', 1),
(2071, 1272, 2, 2, 584, 1000, '2022-11-17', 1),
(2072, 1273, 99, 2, 4850, 6000, '2022-11-17', 1),
(2073, 1274, 99, 1, 2425, 3000, '2022-11-17', 1),
(2074, 1275, 93, 2, 4726, 6000, '2022-11-17', 1),
(2075, 1276, 520, 1, 1800, 2000, '2022-11-17', 1),
(2076, 1277, 528, 1, 4800, 6000, '2022-11-17', 1),
(2077, 1278, 93, 1, 2363, 3000, '2022-11-17', 1),
(2078, 1278, 101, 2, 5500, 7000, '2022-11-17', 1),
(2079, 1279, 104, 13, 52806, 65000, '2022-11-17', 1),
(2080, 1279, 90, 1, 1559, 2000, '2022-11-17', 1),
(2081, 1280, 296, 1, 2208, 3000, '2022-11-17', 1),
(2082, 1281, 499, 2, 900, 1000, '2022-11-17', 1),
(2083, 1281, 519, 1, 795, 1000, '2022-11-17', 1),
(2084, 1282, 474, 1, 3300, 4000, '2022-11-18', 1),
(2085, 1282, 353, 1, 2200, 3000, '2022-11-18', 1),
(2086, 1283, 4, 1, 1520, 2000, '2022-11-18', 1),
(2087, 1284, 308, 2, 7166, 9000, '2022-11-18', 1),
(2088, 1284, 518, 2, 800, 1000, '2022-11-18', 1),
(2089, 1285, 4, 2, 3040, 4000, '2022-11-18', 1),
(2090, 1286, 78, 1, 3875, 4500, '2022-11-18', 1),
(2091, 1286, 87, 1, 900, 1500, '2022-11-18', 1),
(2092, 1287, 4, 1, 1520, 2000, '2022-11-18', 1),
(2093, 1287, 440, 1, 1650, 2000, '2022-11-18', 1),
(2094, 1288, 519, 2, 1590, 2000, '2022-11-18', 1),
(2095, 1289, 501, 1, 1550, 2000, '2022-11-18', 1),
(2096, 1290, 101, 2, 5500, 7000, '2022-11-18', 1),
(2097, 1291, 99, 3, 7275, 9000, '2022-11-18', 1),
(2098, 1293, 494, 1, 1600, 2000, '2022-11-18', 1),
(2099, 1293, 23, 1, 1567, 2000, '2022-11-18', 1),
(2100, 1293, 495, 1, 1700, 2000, '2022-11-18', 1),
(2101, 1293, 442, 1, 880, 1000, '2022-11-18', 1),
(2102, 1294, 2, 2, 584, 1000, '2022-11-18', 1),
(2103, 1295, 299, 1, 3500, 4500, '2022-11-18', 1),
(2104, 1296, 508, 8, 3400, 4000, '2022-11-18', 1),
(2105, 1296, 87, 2, 1800, 3000, '2022-11-18', 1),
(2106, 1297, 99, 1, 2425, 3000, '2022-11-18', 1),
(2107, 1298, 4, 1, 1520, 2000, '2022-11-18', 1),
(2108, 1298, 440, 1, 1650, 2000, '2022-11-18', 1),
(2109, 1298, 38, 1, 1792, 2500, '2022-11-18', 1),
(2110, 1298, 19, 1, 1750, 2000, '2022-11-18', 1),
(2111, 1298, 443, 1, 900, 1000, '2022-11-18', 1),
(2112, 1298, 516, 1, 1860, 2000, '2022-11-18', 1),
(2113, 1299, 519, 2, 1590, 2000, '2022-11-18', 1),
(2114, 1300, 118, 2, 1680, 2000, '2022-11-18', 1),
(2115, 1300, 443, 2, 1800, 2000, '2022-11-18', 1),
(2116, 1301, 2, 2, 584, 1000, '2022-11-18', 1),
(2117, 1302, 472, 1, 1850, 2500, '2022-11-18', 1),
(2118, 1303, 4, 1, 1520, 2000, '2022-11-18', 1),
(2119, 1304, 19, 1, 1750, 2000, '2022-11-18', 1),
(2120, 1305, 39, 1, 1780, 2000, '2022-11-18', 1),
(2121, 1305, 23, 1, 1567, 2000, '2022-11-18', 1),
(2122, 1306, 111, 2, 900, 1000, '2022-11-18', 1),
(2123, 1307, 354, 2, 1760, 2000, '2022-11-18', 1),
(2124, 1308, 302, 1, 3500, 4500, '2022-11-18', 1),
(2125, 1309, 354, 1, 880, 1000, '2022-11-18', 1),
(2126, 1310, 296, 1, 2208, 3000, '2022-11-18', 1),
(2127, 1311, 296, 2, 4416, 6000, '2022-11-18', 1),
(2128, 1312, 4, 1, 1520, 2000, '2022-11-18', 1),
(2129, 1312, 354, 1, 880, 1000, '2022-11-18', 1),
(2130, 1312, 111, 1, 450, 500, '2022-11-18', 1),
(2131, 1313, 520, 3, 5400, 6000, '2022-11-18', 1),
(2132, 1314, 305, 1, 1271, 2000, '2022-11-18', 1),
(2133, 1315, 516, 1, 1860, 2000, '2022-11-18', 1),
(2134, 1315, 305, 1, 1271, 2000, '2022-11-18', 1),
(2135, 1315, 23, 1, 1567, 2000, '2022-11-18', 1),
(2136, 1316, 2, 2, 584, 1000, '2022-11-18', 1),
(2137, 1316, 4, 3, 4560, 6000, '2022-11-18', 1),
(2138, 1317, 4, 2, 3040, 4000, '2022-11-18', 1),
(2139, 1318, 305, 1, 1271, 2000, '2022-11-18', 1),
(2140, 1319, 93, 1, 2363, 3000, '2022-11-18', 1),
(2141, 1320, 93, 1, 2363, 3000, '2022-11-18', 1),
(2142, 1322, 4, 1, 1520, 2000, '2022-11-18', 1),
(2143, 1322, 501, 1, 1550, 2000, '2022-11-18', 1);
INSERT INTO `tbl_order_detail` (`id_order_detail`, `id_order`, `id_product`, `qty_selling`, `total_basic_price`, `total_selling_price`, `date_order`, `id_lab`) VALUES
(2144, 1323, 528, 1, 4800, 6000, '2022-11-18', 1),
(2145, 1324, 345, 1, 3500, 4500, '2022-11-18', 1),
(2146, 1325, 345, 1, 3500, 4500, '2022-11-18', 1),
(2147, 1326, 305, 1, 1271, 2000, '2022-11-18', 1),
(2148, 1327, 347, 1, 2355, 3000, '2022-11-18', 1),
(2149, 1328, 4, 1, 1520, 2000, '2022-11-18', 1),
(2150, 1329, 4, 1, 1520, 2000, '2022-11-18', 1),
(2151, 1330, 453, 1, 900, 1000, '2022-11-18', 1),
(2152, 1330, 323, 1, 1750, 2500, '2022-11-18', 1),
(2153, 1330, 87, 1, 900, 1500, '2022-11-18', 1),
(2154, 1331, 453, 1, 900, 1000, '2022-11-18', 1),
(2155, 1331, 87, 1, 900, 1500, '2022-11-18', 1),
(2156, 1331, 111, 1, 450, 500, '2022-11-18', 1),
(2157, 1331, 323, 1, 1750, 2500, '2022-11-18', 1),
(2158, 1332, 453, 1, 900, 1000, '2022-11-18', 1),
(2159, 1332, 17, 1, 890, 1500, '2022-11-18', 1),
(2160, 1332, 87, 1, 900, 1500, '2022-11-18', 1),
(2161, 1332, 111, 1, 450, 500, '2022-11-18', 1),
(2162, 1333, 4, 1, 1520, 2000, '2022-11-18', 1),
(2163, 1334, 111, 1, 450, 500, '2022-11-18', 1),
(2164, 1334, 17, 1, 890, 1500, '2022-11-18', 1),
(2165, 1335, 2, 2, 584, 1000, '2022-11-21', 1),
(2166, 1336, 4, 1, 1520, 2000, '2022-11-21', 1),
(2167, 1337, 353, 1, 2200, 3000, '2022-11-21', 1),
(2168, 1338, 4, 1, 1520, 2000, '2022-11-21', 1),
(2169, 1339, 4, 1, 1520, 2000, '2022-11-21', 1),
(2170, 1340, 295, 1, 1583, 2500, '2022-11-21', 1),
(2171, 1341, 4, 1, 1520, 2000, '2022-11-21', 1),
(2172, 1342, 2, 1, 292, 500, '2022-11-21', 1),
(2173, 1343, 4, 1, 1520, 2000, '2022-11-21', 1),
(2174, 1344, 4, 1, 1520, 2000, '2022-11-21', 1),
(2175, 1345, 4, 1, 1520, 2000, '2022-11-21', 1),
(2176, 1346, 2, 1, 292, 500, '2022-11-21', 1),
(2177, 1347, 21, 1, 1708, 2000, '2022-11-21', 1),
(2178, 1348, 4, 1, 1520, 2000, '2022-11-21', 1),
(2179, 1349, 523, 1, 860, 1000, '2022-11-21', 1),
(2180, 1349, 2, 3, 876, 1500, '2022-11-21', 1),
(2181, 1350, 2, 2, 584, 1000, '2022-11-21', 1),
(2182, 1351, 4, 1, 1520, 2000, '2022-11-21', 1),
(2183, 1352, 528, 1, 4800, 6000, '2022-11-21', 1),
(2184, 1352, 353, 1, 2200, 3000, '2022-11-21', 1),
(2185, 1353, 485, 1, 2708, 3500, '2022-11-21', 1),
(2186, 1353, 4, 1, 1520, 2000, '2022-11-21', 1),
(2187, 1354, 4, 1, 1520, 2000, '2022-11-21', 1),
(2188, 1355, 4, 2, 3040, 4000, '2022-11-21', 1),
(2189, 1356, 4, 2, 3040, 4000, '2022-11-21', 1),
(2190, 1357, 4, 1, 1520, 2000, '2022-11-21', 1),
(2191, 1358, 4, 1, 1520, 2000, '2022-11-21', 1),
(2192, 1359, 80, 1, 3958, 5000, '2022-11-21', 1),
(2193, 1359, 85, 1, 3958, 5000, '2022-11-21', 1),
(2194, 1360, 111, 2, 900, 1000, '2022-11-21', 1),
(2195, 1360, 2, 2, 584, 1000, '2022-11-21', 1),
(2196, 1361, 17, 1, 890, 1500, '2022-11-21', 1),
(2197, 1361, 505, 1, 1800, 2000, '2022-11-21', 1),
(2198, 1361, 4, 1, 1520, 2000, '2022-11-21', 1),
(2199, 1362, 528, 1, 4800, 6000, '2022-11-21', 1),
(2200, 1362, 323, 1, 1750, 2500, '2022-11-21', 1),
(2201, 1362, 505, 1, 1800, 2000, '2022-11-21', 1),
(2202, 1363, 4, 1, 1520, 2000, '2022-11-21', 1),
(2203, 1364, 78, 2, 7750, 9000, '2022-11-21', 1),
(2204, 1365, 4, 2, 3040, 4000, '2022-11-21', 1),
(2205, 1366, 404, 1, 2625, 3500, '2022-11-21', 1),
(2206, 1367, 347, 2, 4710, 6000, '2022-11-21', 1),
(2207, 1367, 111, 2, 900, 1000, '2022-11-21', 1),
(2208, 1368, 4, 2, 3040, 4000, '2022-11-21', 1),
(2209, 1369, 18, 2, 1800, 2000, '2022-11-21', 1),
(2210, 1369, 4, 1, 1520, 2000, '2022-11-21', 1),
(2211, 1369, 2, 2, 584, 1000, '2022-11-21', 1),
(2212, 1370, 305, 2, 2542, 4000, '2022-11-21', 1),
(2213, 1371, 503, 1, 812, 1000, '2022-11-21', 1),
(2214, 1371, 4, 7, 10640, 14000, '2022-11-21', 1),
(2215, 1371, 111, 1, 450, 500, '2022-11-21', 1),
(2216, 1371, 2, 2, 584, 1000, '2022-11-21', 1),
(2217, 1371, 516, 2, 3720, 4000, '2022-11-21', 1),
(2218, 1371, 93, 1, 2363, 3000, '2022-11-21', 1),
(2219, 1371, 512, 1, 1560, 2000, '2022-11-21', 1),
(2220, 1371, 323, 1, 1750, 2500, '2022-11-21', 1),
(2221, 1372, 362, 2, 1800, 2000, '2022-11-21', 1),
(2222, 1372, 461, 1, 1750, 2000, '2022-11-21', 1),
(2223, 1373, 461, 1, 1750, 2000, '2022-11-21', 1),
(2224, 1373, 4, 3, 4560, 6000, '2022-11-21', 1),
(2225, 1373, 87, 1, 900, 1500, '2022-11-21', 1),
(2226, 1374, 443, 1, 900, 1000, '2022-11-21', 1),
(2227, 1374, 30, 1, 850, 1000, '2022-11-21', 1),
(2228, 1374, 21, 1, 1708, 2000, '2022-11-21', 1),
(2229, 1375, 295, 1, 1583, 2500, '2022-11-21', 1),
(2230, 1376, 299, 1, 3500, 4500, '2022-11-21', 1),
(2231, 1376, 503, 1, 812, 1000, '2022-11-21', 1),
(2232, 1376, 483, 1, 3500, 4500, '2022-11-21', 1),
(2233, 1376, 101, 2, 5500, 7000, '2022-11-21', 1),
(2234, 1376, 85, 1, 3958, 5000, '2022-11-21', 1),
(2235, 1376, 347, 2, 4710, 6000, '2022-11-21', 1),
(2236, 1376, 87, 4, 3600, 6000, '2022-11-21', 1),
(2237, 1377, 494, 3, 4800, 6000, '2022-11-21', 1),
(2238, 1377, 22, 1, 795, 1000, '2022-11-21', 1),
(2239, 1377, 80, 2, 7916, 10000, '2022-11-21', 1),
(2240, 1377, 310, 1, 3500, 4500, '2022-11-21', 1),
(2241, 1377, 93, 3, 7089, 9000, '2022-11-21', 1),
(2242, 1377, 85, 1, 3958, 5000, '2022-11-21', 1),
(2243, 1377, 484, 1, 1583, 2500, '2022-11-21', 1),
(2244, 1377, 78, 1, 3875, 4500, '2022-11-21', 1),
(2245, 1377, 4, 1, 1520, 2000, '2022-11-21', 1),
(2246, 1377, 2, 2, 584, 1000, '2022-11-21', 1),
(2247, 1377, 305, 1, 1271, 2000, '2022-11-21', 1),
(2248, 1378, 494, 2, 3200, 4000, '2022-11-21', 1),
(2249, 1378, 345, 1, 3500, 4500, '2022-11-21', 1),
(2250, 1378, 101, 1, 2750, 3500, '2022-11-21', 1),
(2251, 1378, 97, 1, 1913, 2500, '2022-11-21', 1),
(2252, 1378, 111, 2, 900, 1000, '2022-11-21', 1),
(2253, 1378, 519, 1, 795, 1000, '2022-11-21', 1),
(2254, 1378, 299, 1, 3500, 4500, '2022-11-21', 1),
(2255, 1378, 485, 1, 2708, 3500, '2022-11-21', 1),
(2256, 1378, 4, 2, 3040, 4000, '2022-11-21', 1),
(2257, 1378, 307, 1, 3792, 5000, '2022-11-21', 1),
(2258, 1378, 17, 1, 890, 1500, '2022-11-21', 1),
(2259, 1378, 39, 1, 1780, 2000, '2022-11-21', 1),
(2260, 1379, 345, 2, 7000, 9000, '2022-11-21', 1),
(2261, 1380, 2, 1, 292, 500, '2022-11-21', 1),
(2262, 1381, 2, 2, 584, 1000, '2022-11-21', 1),
(2263, 1382, 97, 1, 1913, 2500, '2022-11-21', 1),
(2264, 1382, 443, 1, 900, 1000, '2022-11-21', 1),
(2265, 1382, 503, 1, 812, 1000, '2022-11-21', 1),
(2266, 1382, 22, 2, 1590, 2000, '2022-11-21', 1),
(2267, 1382, 17, 1, 890, 1500, '2022-11-21', 1),
(2268, 1382, 4, 1, 1520, 2000, '2022-11-21', 1),
(2269, 1383, 2, 1, 292, 500, '2022-11-21', 1),
(2270, 1384, 4, 1, 1520, 2000, '2022-11-21', 1),
(2271, 1385, 110, 2, 276, 500, '2022-11-21', 1),
(2272, 1386, 49, 8, 960, 2000, '2022-11-21', 1),
(2273, 1387, 111, 1, 450, 500, '2022-11-21', 1),
(2274, 1388, 485, 2, 5416, 7000, '2022-11-21', 1),
(2275, 1389, 2, 2, 584, 1000, '2022-11-21', 1),
(2276, 1390, 503, 1, 812, 1000, '2022-11-21', 1),
(2277, 1391, 302, 1, 3500, 4500, '2022-11-21', 1),
(2278, 1391, 111, 1, 450, 500, '2022-11-21', 1),
(2279, 1392, 87, 2, 1800, 3000, '2022-11-21', 1),
(2280, 1393, 485, 1, 2708, 3500, '2022-11-21', 1),
(2281, 1394, 509, 2, 850, 1000, '2022-11-21', 1),
(2282, 1395, 4, 1, 1520, 2000, '2022-11-21', 1),
(2283, 1395, 443, 1, 900, 1000, '2022-11-21', 1),
(2284, 1395, 2, 1, 292, 500, '2022-11-21', 1),
(2285, 1395, 458, 1, 450, 500, '2022-11-21', 1),
(2286, 1396, 17, 1, 890, 1500, '2022-11-21', 1),
(2287, 1397, 516, 1, 1860, 2000, '2022-11-21', 1),
(2288, 1398, 4, 1, 1520, 2000, '2022-11-21', 1),
(2289, 1399, 301, 1, 4167, 5000, '2022-11-21', 1),
(2290, 1399, 305, 1, 1271, 2000, '2022-11-21', 1),
(2291, 1400, 345, 1, 3500, 4500, '2022-11-21', 1),
(2292, 1400, 295, 1, 1583, 2500, '2022-11-21', 1),
(2293, 1401, 307, 1, 3792, 5000, '2022-11-21', 1),
(2294, 1402, 307, 1, 3792, 5000, '2022-11-21', 1),
(2295, 1403, 2, 2, 584, 1000, '2022-11-21', 1),
(2296, 1404, 105, 4, 424, 1000, '2022-11-21', 1),
(2297, 1405, 301, 1, 4167, 5000, '2022-11-21', 1),
(2298, 1405, 126, 1, 2200, 3000, '2022-11-21', 1),
(2299, 1406, 485, 1, 2708, 3500, '2022-11-21', 1),
(2300, 1407, 4, 1, 1520, 2000, '2022-11-21', 1),
(2301, 1407, 458, 1, 450, 500, '2022-11-21', 1),
(2302, 1408, 93, 3, 7089, 9000, '2022-11-21', 1),
(2303, 1408, 85, 1, 3958, 5000, '2022-11-21', 1),
(2304, 1408, 513, 1, 4167, 5000, '2022-11-21', 1),
(2305, 1408, 295, 1, 1583, 2500, '2022-11-21', 1),
(2306, 1408, 486, 1, 2188, 3000, '2022-11-21', 1),
(2307, 1408, 347, 1, 2355, 3000, '2022-11-21', 1),
(2308, 1408, 101, 1, 2750, 3500, '2022-11-21', 1),
(2309, 1408, 516, 1, 1860, 2000, '2022-11-21', 1),
(2310, 1409, 4, 1, 1520, 2000, '2022-11-21', 1),
(2311, 1410, 101, 2, 5500, 7000, '2022-11-21', 1),
(2312, 1410, 528, 1, 4800, 6000, '2022-11-21', 1),
(2313, 1410, 4, 1, 1520, 2000, '2022-11-21', 1),
(2314, 1410, 307, 1, 3792, 5000, '2022-11-21', 1),
(2315, 1410, 295, 1, 1583, 2500, '2022-11-21', 1),
(2316, 1410, 305, 1, 1271, 2000, '2022-11-21', 1),
(2317, 1410, 97, 3, 5739, 7500, '2022-11-21', 1),
(2318, 1410, 459, 1, 1708, 2000, '2022-11-21', 1),
(2319, 1410, 93, 1, 2363, 3000, '2022-11-21', 1),
(2320, 1410, 512, 1, 1560, 2000, '2022-11-21', 1),
(2321, 1411, 296, 1, 2208, 3000, '2022-11-21', 1),
(2322, 1411, 93, 2, 4726, 6000, '2022-11-21', 1),
(2323, 1411, 26, 2, 880, 1000, '2022-11-21', 1),
(2324, 1412, 299, 2, 7000, 9000, '2022-11-21', 1),
(2325, 1412, 2, 3, 876, 1500, '2022-11-21', 1),
(2326, 1412, 345, 1, 3500, 4500, '2022-11-21', 1),
(2327, 1412, 486, 1, 2188, 3000, '2022-11-21', 1),
(2328, 1413, 512, 1, 1560, 2000, '2022-11-21', 1),
(2329, 1414, 4, 3, 4560, 6000, '2022-11-21', 1),
(2330, 1415, 2, 4, 1168, 2000, '2022-11-21', 1),
(2331, 1416, 93, 5, 11815, 15000, '2022-11-21', 1),
(2332, 1417, 4, 1, 1520, 2000, '2022-11-21', 1),
(2333, 1417, 105, 2, 212, 500, '2022-11-21', 1),
(2334, 1417, 93, 1, 2363, 3000, '2022-11-21', 1),
(2335, 1417, 518, 2, 800, 1000, '2022-11-21', 1),
(2336, 1418, 4, 1, 1520, 2000, '2022-11-21', 1),
(2337, 1418, 295, 1, 1583, 2500, '2022-11-21', 1),
(2338, 1419, 2, 1, 292, 500, '2022-11-21', 1),
(2339, 1419, 443, 2, 1800, 2000, '2022-11-21', 1),
(2340, 1420, 488, 1, 1705, 2000, '2022-11-21', 1),
(2341, 1421, 354, 2, 1760, 2000, '2022-11-21', 1),
(2342, 1421, 36, 2, 900, 1000, '2022-11-21', 1),
(2343, 1421, 452, 1, 900, 1000, '2022-11-21', 1),
(2344, 1421, 443, 1, 900, 1000, '2022-11-21', 1),
(2345, 1422, 360, 1, 3208, 4000, '2022-11-21', 1),
(2346, 1423, 345, 1, 3500, 4500, '2022-11-21', 1),
(2347, 1423, 512, 1, 1560, 2000, '2022-11-21', 1),
(2348, 1423, 323, 1, 1750, 2500, '2022-11-21', 1),
(2349, 1423, 87, 1, 900, 1500, '2022-11-21', 1),
(2350, 1423, 31, 1, 1867, 2000, '2022-11-21', 1),
(2351, 1424, 101, 1, 2750, 3500, '2022-11-21', 1),
(2352, 1425, 485, 1, 2708, 3500, '2022-11-21', 1),
(2353, 1425, 512, 1, 1560, 2000, '2022-11-21', 1),
(2354, 1426, 93, 1, 2363, 3000, '2022-11-21', 1),
(2355, 1427, 526, 2, 1100, 2000, '2023-01-10', 1),
(2356, 1428, 353, 1, 2200, 3000, '2023-01-10', 1),
(2357, 1429, 36, 2, 900, 1000, '2023-01-10', 1),
(2358, 1430, 347, 2, 4710, 6000, '2023-01-10', 1),
(2359, 1431, 4, 1, 1520, 2000, '2023-01-10', 1),
(2360, 1432, 90, 1, 1559, 2000, '2023-01-10', 1),
(2361, 1433, 4, 2, 3040, 4000, '2023-01-10', 1),
(2362, 1433, 30, 3, 2550, 3000, '2023-01-10', 1),
(2363, 1433, 323, 2, 3500, 5000, '2023-01-10', 1),
(2364, 1433, 22, 2, 1590, 2000, '2023-01-10', 1),
(2365, 1433, 26, 1, 440, 500, '2023-01-10', 1),
(2366, 1433, 16, 1, 1706, 2000, '2023-01-10', 1),
(2367, 1433, 489, 2, 1700, 2000, '2023-01-10', 1),
(2368, 1433, 23, 1, 1567, 2000, '2023-01-10', 1),
(2369, 1433, 19, 2, 3500, 4000, '2023-01-10', 1),
(2370, 1433, 353, 1, 2200, 3000, '2023-01-10', 1),
(2371, 1434, 79, 1, 3958, 4500, '2023-01-10', 1),
(2372, 1435, 90, 1, 1559, 2000, '2023-01-10', 1),
(2373, 1436, 509, 1, 425, 500, '2023-01-10', 1),
(2374, 1437, 2, 1, 292, 500, '2023-01-10', 1),
(2375, 1437, 310, 1, 3500, 4500, '2023-01-10', 1),
(2376, 1437, 23, 1, 1567, 2000, '2023-01-10', 1),
(2377, 1437, 4, 2, 3040, 4000, '2023-01-10', 1),
(2378, 1437, 22, 2, 1590, 2000, '2023-01-10', 1),
(2379, 1438, 4, 2, 3040, 4000, '2023-01-10', 1),
(2380, 1438, 501, 2, 3100, 4000, '2023-01-10', 1),
(2381, 1438, 134, 3, 843, 1500, '2023-01-10', 1),
(2382, 1439, 87, 1, 900, 1500, '2023-01-10', 1),
(2383, 1440, 4, 4, 6080, 8000, '2023-01-10', 1),
(2384, 1441, 4, 1, 1520, 2000, '2023-01-10', 1),
(2385, 1443, 4, 1, 1520, 2000, '2023-01-10', 1),
(2386, 1443, 321, 2, 260, 500, '2023-01-10', 1),
(2387, 1443, 134, 2, 562, 1000, '2023-01-10', 1),
(2388, 1444, 86, 1, 5334, 7000, '2023-01-10', 1),
(2389, 1445, 78, 1, 3875, 4500, '2023-01-10', 1),
(2390, 1445, 86, 1, 5334, 7000, '2023-01-10', 1),
(2391, 1445, 134, 11, 3091, 5500, '2023-01-10', 1),
(2392, 1445, 485, 1, 2708, 3500, '2023-01-10', 1),
(2393, 1446, 23, 1, 1567, 2000, '2023-01-10', 1),
(2394, 1446, 39, 1, 1780, 2000, '2023-01-10', 1),
(2395, 1447, 485, 2, 5416, 7000, '2023-01-10', 1),
(2396, 1447, 484, 1, 1583, 2500, '2023-01-10', 1),
(2397, 1449, 79, 1, 3958, 4500, '2023-01-10', 1),
(2398, 1450, 134, 2, 562, 1000, '2023-01-10', 1),
(2399, 1450, 79, 1, 3958, 4500, '2023-01-10', 1),
(2400, 1451, 511, 2, 1750, 2000, '2023-01-10', 1),
(2401, 1452, 308, 1, 3583, 4500, '2023-01-10', 1),
(2402, 1453, 86, 1, 5334, 7000, '2023-01-10', 1),
(2403, 1453, 466, 2, 10668, 14000, '2023-01-10', 1),
(2404, 1454, 80, 1, 3958, 5000, '2023-01-10', 1),
(2405, 1455, 92, 1, 1550, 2000, '2023-01-10', 1),
(2406, 1456, 302, 2, 7000, 9000, '2023-01-10', 1),
(2407, 1457, 79, 1, 3958, 4500, '2023-01-10', 1),
(2408, 1458, 134, 4, 1124, 2000, '2023-01-10', 1),
(2409, 1458, 16, 1, 1706, 2000, '2023-01-10', 1),
(2410, 1458, 36, 2, 900, 1000, '2023-01-10', 1),
(2411, 1458, 23, 1, 1567, 2000, '2023-01-10', 1),
(2412, 1458, 443, 2, 1800, 2000, '2023-01-10', 1),
(2413, 1458, 360, 1, 3208, 4000, '2023-01-10', 1),
(2414, 1458, 101, 1, 2750, 3500, '2023-01-10', 1),
(2415, 1459, 134, 6, 1686, 3000, '2023-01-10', 1),
(2416, 1460, 310, 7, 24500, 31500, '2023-01-10', 1),
(2417, 1460, 23, 1, 1567, 2000, '2023-01-10', 1),
(2418, 1460, 494, 2, 3200, 4000, '2023-01-10', 1),
(2419, 1460, 134, 18, 5058, 9000, '2023-01-10', 1),
(2420, 1460, 295, 5, 7915, 12500, '2023-01-10', 1),
(2421, 1460, 466, 3, 16002, 21000, '2023-01-10', 1),
(2422, 1460, 85, 1, 3958, 5000, '2023-01-10', 1),
(2423, 1460, 38, 1, 1792, 2500, '2023-01-10', 1),
(2424, 1460, 79, 1, 3958, 4500, '2023-01-10', 1),
(2425, 1460, 308, 1, 3583, 4500, '2023-01-10', 1),
(2426, 1460, 498, 1, 1700, 2000, '2023-01-10', 1),
(2427, 1460, 22, 3, 2385, 3000, '2023-01-10', 1),
(2428, 1461, 295, 1, 1583, 2500, '2023-01-10', 1),
(2429, 1461, 90, 1, 1559, 2000, '2023-01-10', 1),
(2430, 1462, 484, 1, 1583, 2500, '2023-01-10', 1),
(2431, 1462, 134, 1, 281, 500, '2023-01-10', 1),
(2432, 1462, 295, 1, 1583, 2500, '2023-01-10', 1),
(2433, 1462, 509, 4, 1700, 2000, '2023-01-10', 1),
(2434, 1462, 310, 2, 7000, 9000, '2023-01-10', 1),
(2435, 1462, 321, 2, 260, 500, '2023-01-10', 1),
(2436, 1462, 45, 1, 812, 1000, '2023-01-10', 1),
(2437, 1463, 85, 3, 11874, 15000, '2023-01-10', 1),
(2438, 1464, 134, 1, 281, 500, '2023-01-10', 1),
(2439, 1464, 323, 1, 1750, 2500, '2023-01-10', 1),
(2440, 1464, 85, 1, 3958, 5000, '2023-01-10', 1),
(2441, 1465, 90, 1, 1559, 2000, '2023-01-10', 1),
(2442, 1466, 466, 1, 5334, 7000, '2023-01-10', 1),
(2443, 1466, 310, 1, 3500, 4500, '2023-01-10', 1),
(2444, 1467, 134, 2, 562, 1000, '2023-01-10', 1),
(2445, 1468, 90, 2, 3118, 4000, '2023-01-10', 1),
(2446, 1469, 24, 4, 1700, 2000, '2023-01-10', 1),
(2447, 1470, 310, 1, 3500, 4500, '2023-01-10', 1),
(2448, 1470, 354, 6, 5280, 6000, '2023-01-10', 1),
(2449, 1470, 80, 1, 3958, 5000, '2023-01-10', 1),
(2450, 1470, 16, 1, 1706, 2000, '2023-01-10', 1),
(2451, 1470, 36, 1, 450, 500, '2023-01-10', 1),
(2452, 1470, 78, 1, 3875, 4500, '2023-01-10', 1),
(2453, 1470, 307, 1, 3792, 5000, '2023-01-10', 1),
(2454, 1470, 79, 1, 3958, 4500, '2023-01-10', 1),
(2455, 1470, 506, 1, 450, 500, '2023-01-10', 1),
(2456, 1471, 85, 1, 3958, 5000, '2023-01-10', 1),
(2457, 1471, 354, 3, 2640, 3000, '2023-01-10', 1),
(2458, 1471, 22, 1, 795, 1000, '2023-01-10', 1),
(2459, 1472, 466, 1, 5334, 7000, '2023-01-10', 1),
(2460, 1472, 307, 1, 3792, 5000, '2023-01-10', 1),
(2461, 1473, 509, 1, 425, 500, '2023-01-10', 1),
(2462, 1474, 134, 3, 843, 1500, '2023-01-10', 1),
(2463, 1475, 99, 3, 7275, 9000, '2023-01-10', 1),
(2464, 1475, 295, 1, 1583, 2500, '2023-01-10', 1),
(2465, 1475, 331, 1, 5120, 6000, '2023-01-10', 1),
(2466, 1475, 22, 1, 795, 1000, '2023-01-10', 1),
(2467, 1476, 97, 1, 1913, 2500, '2023-01-10', 1),
(2468, 1476, 90, 1, 1559, 2000, '2023-01-10', 1),
(2469, 1477, 90, 1, 1559, 2000, '2023-01-10', 1),
(2470, 1478, 99, 1, 2425, 3000, '2023-01-10', 1),
(2471, 1479, 91, 1, 1550, 2000, '2023-01-10', 1),
(2472, 1480, 23, 1, 1567, 2000, '2023-01-10', 1),
(2473, 1480, 99, 1, 2425, 3000, '2023-01-10', 1),
(2474, 1481, 79, 1, 3958, 4500, '2023-01-10', 1),
(2475, 1481, 78, 1, 3875, 4500, '2023-01-10', 1),
(2476, 1482, 90, 1, 1559, 2000, '2023-01-10', 1),
(2477, 1482, 85, 1, 3958, 5000, '2023-01-10', 1),
(2478, 1482, 80, 1, 3958, 5000, '2023-01-10', 1),
(2479, 1482, 99, 2, 4850, 6000, '2023-01-10', 1),
(2480, 1482, 30, 2, 1700, 2000, '2023-01-10', 1),
(2481, 1482, 347, 2, 4710, 6000, '2023-01-10', 1),
(2482, 1482, 466, 1, 5334, 7000, '2023-01-10', 1),
(2483, 1482, 516, 1, 1860, 2000, '2023-01-10', 1),
(2484, 1483, 99, 1, 2425, 3000, '2023-01-10', 1),
(2485, 1484, 308, 1, 3583, 4500, '2023-01-10', 1),
(2486, 1485, 80, 2, 7916, 10000, '2023-01-10', 1),
(2487, 1485, 331, 1, 5120, 6000, '2023-01-10', 1),
(2488, 1486, 79, 1, 3958, 4500, '2023-01-10', 1),
(2489, 1486, 516, 1, 1860, 2000, '2023-01-10', 1),
(2490, 1486, 22, 1, 795, 1000, '2023-01-10', 1),
(2491, 1487, 80, 2, 7916, 10000, '2023-01-10', 1),
(2492, 1487, 79, 1, 3958, 4500, '2023-01-10', 1),
(2493, 1487, 22, 2, 1590, 2000, '2023-01-10', 1),
(2494, 1487, 516, 2, 3720, 4000, '2023-01-10', 1),
(2495, 1487, 470, 6, 4680, 9000, '2023-01-10', 1),
(2496, 1488, 528, 1, 4800, 6000, '2023-01-10', 1),
(2497, 1489, 466, 1, 5334, 7000, '2023-01-10', 1),
(2498, 1490, 90, 2, 3118, 4000, '2023-01-10', 1),
(2499, 1490, 347, 2, 4710, 6000, '2023-01-10', 1),
(2500, 1490, 494, 1, 1600, 2000, '2023-01-10', 1),
(2501, 1490, 308, 3, 10749, 13500, '2023-01-10', 1),
(2502, 1490, 101, 4, 11000, 14000, '2023-01-10', 1),
(2503, 1490, 97, 1, 1913, 2500, '2023-01-10', 1),
(2504, 1490, 360, 2, 6416, 8000, '2023-01-10', 1),
(2505, 1490, 134, 1, 281, 500, '2023-01-10', 1),
(2506, 1490, 78, 1, 3875, 4500, '2023-01-10', 1),
(2507, 1490, 22, 2, 1590, 2000, '2023-01-10', 1),
(2508, 1490, 519, 2, 1590, 2000, '2023-01-10', 1),
(2509, 1490, 506, 4, 1800, 2000, '2023-01-10', 1),
(2510, 1490, 99, 2, 4850, 6000, '2023-01-10', 1),
(2511, 1490, 307, 3, 11376, 15000, '2023-01-10', 1),
(2512, 1490, 42, 3, 4800, 6000, '2023-01-10', 1),
(2513, 1490, 26, 1, 440, 500, '2023-01-10', 1),
(2514, 1490, 516, 1, 1860, 2000, '2023-01-10', 1),
(2515, 1490, 452, 1, 900, 1000, '2023-01-10', 1),
(2516, 1490, 509, 2, 850, 1000, '2023-01-10', 1),
(2517, 1490, 87, 1, 900, 1500, '2023-01-10', 1),
(2518, 1490, 38, 1, 1792, 2500, '2023-01-10', 1),
(2519, 1490, 528, 1, 4800, 6000, '2023-01-10', 1),
(2520, 1490, 511, 1, 875, 1000, '2023-01-10', 1),
(2521, 1490, 18, 1, 900, 1000, '2023-01-10', 1),
(2522, 1490, 362, 1, 900, 1000, '2023-01-10', 1),
(2523, 1490, 323, 1, 1750, 2500, '2023-01-10', 1),
(2524, 1490, 36, 2, 900, 1000, '2023-01-10', 1),
(2525, 1490, 466, 1, 5334, 7000, '2023-01-10', 1),
(2526, 1491, 310, 2, 7000, 9000, '2023-01-10', 1),
(2527, 1492, 509, 1, 425, 500, '2023-01-10', 1),
(2528, 1492, 91, 1, 1550, 2000, '2023-01-10', 1),
(2529, 1492, 90, 1, 1559, 2000, '2023-01-10', 1),
(2530, 1492, 466, 1, 5334, 7000, '2023-01-10', 1),
(2531, 1492, 18, 1, 900, 1000, '2023-01-10', 1),
(2532, 1492, 323, 1, 1750, 2500, '2023-01-10', 1),
(2533, 1492, 38, 1, 1792, 2500, '2023-01-10', 1),
(2534, 1492, 31, 1, 1867, 2000, '2023-01-10', 1),
(2535, 1492, 362, 1, 900, 1000, '2023-01-10', 1),
(2536, 1492, 2, 5, 1460, 2500, '2023-01-10', 1),
(2537, 1494, 2, 6, 1752, 3000, '2023-01-10', 1),
(2538, 1495, 501, 1, 1550, 2000, '2023-01-10', 1),
(2539, 1496, 97, 1, 1913, 2500, '2023-01-10', 1),
(2540, 1497, 307, 2, 7584, 10000, '2023-01-10', 1),
(2541, 1498, 470, 1, 780, 1500, '2023-01-10', 1),
(2542, 1499, 23, 1, 1567, 2000, '2023-01-10', 1),
(2543, 1499, 36, 1, 450, 500, '2023-01-10', 1),
(2544, 1499, 88, 2, 1626, 2000, '2023-01-10', 1),
(2545, 1499, 2, 4, 1168, 2000, '2023-01-10', 1),
(2546, 1499, 85, 2, 7916, 10000, '2023-01-10', 1),
(2547, 1500, 488, 1, 1705, 2000, '2023-01-10', 1),
(2548, 1500, 443, 1, 900, 1000, '2023-01-10', 1),
(2549, 1501, 302, 1, 3500, 4500, '2023-01-10', 1),
(2550, 1502, 302, 1, 3500, 4500, '2023-01-10', 1),
(2551, 1503, 508, 5, 2125, 2500, '2023-01-10', 1),
(2552, 1503, 2, 1, 292, 500, '2023-01-10', 1),
(2553, 1503, 295, 1, 1583, 2500, '2023-01-10', 1),
(2554, 1504, 2, 3, 876, 1500, '2023-01-10', 1),
(2555, 1504, 466, 1, 5334, 7000, '2023-01-10', 1),
(2556, 1504, 522, 1, 840, 1000, '2023-01-10', 1),
(2557, 1504, 18, 1, 900, 1000, '2023-01-10', 1),
(2558, 1504, 29, 4, 1800, 2000, '2023-01-10', 1),
(2559, 1504, 38, 1, 1792, 2500, '2023-01-10', 1),
(2560, 1504, 331, 1, 5120, 6000, '2023-01-10', 1),
(2561, 1504, 452, 1, 900, 1000, '2023-01-10', 1),
(2562, 1505, 99, 1, 2425, 3000, '2023-01-10', 1),
(2563, 1505, 134, 4, 1124, 2000, '2023-01-10', 1),
(2564, 1506, 90, 1, 1559, 2000, '2023-01-10', 1),
(2565, 1506, 134, 2, 562, 1000, '2023-01-10', 1),
(2566, 1507, 295, 1, 1583, 2500, '2023-01-10', 1),
(2567, 1507, 38, 1, 1792, 2500, '2023-01-10', 1),
(2568, 1507, 36, 1, 450, 500, '2023-01-10', 1),
(2569, 1508, 79, 1, 3958, 4500, '2023-01-10', 1),
(2570, 1509, 87, 4, 3600, 6000, '2023-01-10', 1),
(2571, 1509, 512, 1, 1560, 2000, '2023-01-10', 1),
(2572, 1509, 36, 4, 1800, 2000, '2023-01-10', 1),
(2573, 1510, 38, 1, 1792, 2500, '2023-01-10', 1),
(2574, 1511, 491, 1, 1666, 2000, '2023-01-10', 1),
(2575, 1512, 134, 2, 562, 1000, '2023-01-10', 1),
(2576, 1512, 489, 2, 1700, 2000, '2023-01-10', 1),
(2577, 1513, 101, 1, 2750, 3500, '2023-01-10', 1),
(2578, 1513, 49, 2, 240, 500, '2023-01-10', 1),
(2579, 1514, 1, 1, 315, 500, '2023-01-10', 1),
(2580, 1514, 295, 1, 1583, 2500, '2023-01-10', 1),
(2581, 1514, 23, 1, 1567, 2000, '2023-01-10', 1),
(2582, 1514, 101, 1, 2750, 3500, '2023-01-10', 1),
(2583, 1514, 91, 1, 1550, 2000, '2023-01-10', 1),
(2584, 1514, 78, 4, 15500, 18000, '2023-01-10', 1),
(2585, 1515, 134, 2, 562, 1000, '2023-01-10', 1),
(2586, 1516, 454, 1, 1750, 2000, '2023-01-10', 1),
(2587, 1516, 90, 3, 4677, 6000, '2023-01-10', 1),
(2588, 1516, 501, 1, 1550, 2000, '2023-01-10', 1),
(2589, 1517, 331, 3, 15360, 18000, '2023-01-10', 1),
(2590, 1517, 512, 2, 3120, 4000, '2023-01-10', 1),
(2591, 1517, 466, 1, 5334, 7000, '2023-01-10', 1),
(2592, 1518, 78, 1, 3875, 4500, '2023-01-10', 1),
(2593, 1519, 501, 2, 3100, 4000, '2023-01-11', 1),
(2594, 1520, 6, 5, 7500, 10000, '2023-01-11', 1),
(2595, 1521, 134, 7, 1967, 3500, '2023-01-11', 1),
(2596, 1522, 1, 1, 315, 500, '2023-01-11', 1),
(2597, 1522, 79, 1, 3958, 4500, '2023-01-11', 1),
(2598, 1523, 1, 4, 1260, 2000, '2023-01-11', 1),
(2599, 1524, 38, 1, 1792, 2500, '2023-01-11', 1),
(2600, 1524, 18, 1, 900, 1000, '2023-01-11', 1),
(2601, 1524, 16, 2, 3412, 4000, '2023-01-11', 1),
(2602, 1524, 489, 1, 850, 1000, '2023-01-11', 1),
(2603, 1524, 459, 1, 1708, 2000, '2023-01-11', 1),
(2604, 1525, 6, 3, 4500, 6000, '2023-01-11', 1),
(2605, 1526, 6, 1, 1500, 2000, '2023-01-11', 1),
(2606, 1527, 466, 1, 5334, 7000, '2023-01-11', 1),
(2607, 1528, 78, 1, 3875, 4500, '2023-01-11', 1),
(2608, 1529, 6, 1, 1500, 2000, '2023-01-11', 1),
(2609, 1529, 79, 1, 3958, 4500, '2023-01-11', 1),
(2610, 1529, 36, 1, 450, 500, '2023-01-11', 1),
(2611, 1529, 301, 1, 4167, 5000, '2023-01-11', 1),
(2612, 1530, 6, 1, 1500, 2000, '2023-01-11', 1),
(2613, 1530, 509, 2, 850, 1000, '2023-01-11', 1),
(2614, 1531, 442, 1, 880, 1000, '2023-01-11', 1),
(2615, 1532, 442, 1, 880, 1000, '2023-01-11', 1),
(2616, 1533, 134, 2, 562, 1000, '2023-01-11', 1),
(2617, 1534, 36, 4, 1800, 2000, '2023-01-11', 1),
(2618, 1534, 79, 1, 3958, 4500, '2023-01-11', 1),
(2619, 1534, 6, 1, 1500, 2000, '2023-01-11', 1),
(2620, 1534, 16, 2, 3412, 4000, '2023-01-11', 1),
(2621, 1535, 134, 1, 281, 500, '2023-01-11', 1),
(2622, 1535, 508, 1, 425, 500, '2023-01-11', 1),
(2623, 1536, 212, 3, 2610, 3000, '2023-01-11', 1),
(2624, 1536, 310, 1, 3500, 4500, '2023-01-11', 1),
(2625, 1536, 79, 1, 3958, 4500, '2023-01-11', 1),
(2626, 1537, 135, 1, 958, 2000, '2023-01-11', 1),
(2627, 1537, 30, 2, 1700, 2000, '2023-01-11', 1),
(2628, 1538, 6, 1, 1500, 2000, '2023-01-11', 1),
(2629, 1538, 302, 2, 7000, 9000, '2023-01-11', 1),
(2630, 1539, 135, 2, 1916, 4000, '2023-01-11', 1),
(2631, 1539, 38, 1, 1792, 2500, '2023-01-11', 1),
(2632, 1539, 489, 2, 1700, 2000, '2023-01-11', 1),
(2633, 1540, 6, 1, 1500, 2000, '2023-01-11', 1),
(2634, 1540, 31, 1, 1867, 2000, '2023-01-11', 1),
(2635, 1540, 88, 1, 813, 1000, '2023-01-11', 1),
(2636, 1540, 23, 1, 1567, 2000, '2023-01-11', 1),
(2637, 1541, 346, 2, 4376, 6000, '2023-01-11', 1),
(2638, 1541, 16, 2, 3412, 4000, '2023-01-11', 1),
(2639, 1542, 302, 1, 3500, 4500, '2023-01-11', 1),
(2640, 1543, 307, 1, 3792, 5000, '2023-01-11', 1),
(2641, 1544, 6, 1, 1500, 2000, '2023-01-11', 1),
(2642, 1544, 134, 2, 562, 1000, '2023-01-11', 1),
(2643, 1544, 508, 2, 850, 1000, '2023-01-11', 1),
(2644, 1544, 36, 2, 900, 1000, '2023-01-11', 1),
(2645, 1545, 23, 1, 1567, 2000, '2023-01-11', 1),
(2646, 1545, 36, 1, 450, 500, '2023-01-11', 1),
(2647, 1546, 135, 1, 958, 2000, '2023-01-11', 1),
(2648, 1546, 310, 1, 3500, 4500, '2023-01-11', 1),
(2649, 1547, 6, 1, 1500, 2000, '2023-01-11', 1),
(2650, 1547, 88, 1, 813, 1000, '2023-01-11', 1),
(2651, 1548, 78, 2, 7750, 9000, '2023-01-11', 1),
(2652, 1548, 38, 1, 1792, 2500, '2023-01-11', 1),
(2653, 1549, 466, 1, 5334, 7000, '2023-01-11', 1),
(2654, 1551, 350, 1, 3375, 4000, '2023-01-11', 1),
(2655, 1551, 78, 1, 3875, 4500, '2023-01-11', 1),
(2656, 1551, 26, 4, 1760, 2000, '2023-01-11', 1),
(2657, 1552, 6, 2, 3000, 4000, '2023-01-11', 1),
(2658, 1552, 88, 1, 813, 1000, '2023-01-11', 1),
(2659, 1553, 17, 2, 1780, 3000, '2023-01-11', 1),
(2660, 1553, 41, 2, 1800, 2000, '2023-01-11', 1),
(2661, 1554, 6, 1, 1500, 2000, '2023-01-11', 1),
(2662, 1554, 308, 1, 3583, 4500, '2023-01-11', 1),
(2663, 1554, 22, 3, 2385, 3000, '2023-01-11', 1),
(2664, 1554, 321, 1, 130, 250, '2023-01-11', 1),
(2665, 1555, 346, 2, 4376, 6000, '2023-01-11', 1),
(2666, 1556, 310, 4, 14000, 18000, '2023-01-11', 1),
(2667, 1556, 518, 1, 400, 500, '2023-01-11', 1),
(2668, 1557, 6, 1, 1500, 2000, '2023-01-11', 1),
(2669, 1558, 6, 1, 1500, 2000, '2023-01-11', 1),
(2670, 1560, 296, 4, 8832, 12000, '2023-01-11', 1),
(2671, 1561, 31, 1, 1867, 2000, '2023-01-11', 1),
(2672, 1561, 296, 2, 4416, 6000, '2023-01-11', 1),
(2673, 1561, 88, 1, 813, 1000, '2023-01-11', 1),
(2674, 1562, 346, 1, 2188, 3000, '2023-01-11', 1),
(2675, 1563, 310, 1, 3500, 4500, '2023-01-11', 1),
(2676, 1564, 6, 3, 4500, 6000, '2023-01-11', 1),
(2677, 1564, 295, 1, 1583, 2500, '2023-01-11', 1),
(2678, 1564, 307, 1, 3792, 5000, '2023-01-11', 1),
(2679, 1565, 39, 1, 1780, 2000, '2023-01-11', 1),
(2680, 1565, 491, 1, 1666, 2000, '2023-01-11', 1),
(2681, 1565, 88, 3, 2439, 3000, '2023-01-11', 1),
(2682, 1565, 135, 2, 1916, 4000, '2023-01-11', 1),
(2683, 1566, 518, 2, 800, 1000, '2023-01-11', 1),
(2684, 1567, 22, 1, 795, 1000, '2023-01-11', 1),
(2685, 1568, 320, 4, 520, 1000, '2023-01-11', 1),
(2686, 1568, 321, 3, 390, 750, '2023-01-11', 1),
(2687, 1568, 48, 1, 120, 250, '2023-01-11', 1),
(2688, 1568, 105, 4, 424, 1000, '2023-01-11', 1),
(2689, 1568, 118, 1, 840, 1000, '2023-01-11', 1),
(2690, 1568, 506, 1, 450, 500, '2023-01-11', 1),
(2691, 1569, 296, 2, 4416, 6000, '2023-01-11', 1),
(2692, 1569, 519, 4, 3180, 4000, '2023-01-11', 1),
(2693, 1570, 6, 3, 4500, 6000, '2023-01-11', 1),
(2694, 1570, 310, 1, 3500, 4500, '2023-01-11', 1),
(2695, 1571, 31, 2, 3734, 4000, '2023-01-11', 1),
(2696, 1571, 6, 1, 1500, 2000, '2023-01-11', 1),
(2697, 1572, 296, 1, 2208, 3000, '2023-01-11', 1),
(2698, 1573, 6, 1, 1500, 2000, '2023-01-11', 1),
(2699, 1573, 296, 1, 2208, 3000, '2023-01-11', 1),
(2700, 1573, 310, 3, 10500, 13500, '2023-01-11', 1),
(2701, 1573, 134, 6, 1686, 3000, '2023-01-11', 1),
(2702, 1574, 88, 1, 813, 1000, '2023-01-11', 1),
(2703, 1575, 23, 1, 1567, 2000, '2023-01-11', 1),
(2704, 1575, 442, 1, 880, 1000, '2023-01-11', 1),
(2705, 1575, 29, 4, 1800, 2000, '2023-01-11', 1),
(2706, 1576, 295, 1, 1583, 2500, '2023-01-11', 1),
(2707, 1576, 39, 1, 1780, 2000, '2023-01-11', 1),
(2708, 1576, 135, 1, 958, 2000, '2023-01-11', 1),
(2709, 1576, 22, 2, 1590, 2000, '2023-01-11', 1),
(2710, 1577, 296, 2, 4416, 6000, '2023-01-11', 1),
(2711, 1578, 6, 1, 1500, 2000, '2023-01-11', 1),
(2712, 1578, 16, 1, 1706, 2000, '2023-01-11', 1),
(2713, 1579, 18, 2, 1800, 2000, '2023-01-11', 1),
(2714, 1581, 466, 1, 5334, 7000, '2023-01-11', 1),
(2715, 1582, 48, 4, 480, 1000, '2023-01-11', 1),
(2716, 1582, 320, 4, 520, 1000, '2023-01-11', 1),
(2717, 1582, 6, 1, 1500, 2000, '2023-01-11', 1),
(2718, 1583, 135, 1, 958, 2000, '2023-01-11', 1),
(2719, 1584, 19, 1, 1750, 2000, '2023-01-11', 1),
(2720, 1584, 519, 1, 795, 1000, '2023-01-11', 1),
(2721, 1584, 6, 1, 1500, 2000, '2023-01-11', 1),
(2722, 1585, 519, 2, 1590, 2000, '2023-01-11', 1),
(2723, 1585, 443, 2, 1800, 2000, '2023-01-11', 1),
(2724, 1585, 452, 1, 900, 1000, '2023-01-11', 1),
(2725, 1586, 16, 2, 3412, 4000, '2023-01-11', 1),
(2726, 1586, 346, 2, 4376, 6000, '2023-01-11', 1),
(2727, 1587, 331, 3, 15360, 18000, '2023-01-11', 1),
(2728, 1588, 346, 1, 2188, 3000, '2023-01-11', 1),
(2729, 1589, 466, 1, 5334, 7000, '2023-01-11', 1),
(2730, 1590, 308, 3, 10749, 13500, '2023-01-11', 1),
(2731, 1591, 6, 6, 9000, 12000, '2023-01-11', 1),
(2732, 1591, 302, 1, 3500, 4500, '2023-01-11', 1),
(2733, 1591, 320, 8, 1040, 2000, '2023-01-11', 1),
(2734, 1591, 22, 2, 1590, 2000, '2023-01-11', 1),
(2735, 1591, 134, 2, 562, 1000, '2023-01-11', 1),
(2736, 1592, 135, 1, 958, 2000, '2023-01-11', 1),
(2737, 1592, 134, 2, 562, 1000, '2023-01-11', 1),
(2738, 1592, 39, 1, 1780, 2000, '2023-01-11', 1),
(2739, 1592, 347, 1, 2355, 3000, '2023-01-11', 1),
(2740, 1593, 6, 3, 4500, 6000, '2023-01-11', 1),
(2741, 1594, 80, 1, 3958, 5000, '2023-01-11', 1),
(2742, 1594, 88, 1, 813, 1000, '2023-01-11', 1),
(2743, 1595, 350, 1, 3375, 4000, '2023-01-11', 1),
(2744, 1596, 350, 4, 13500, 16000, '2023-01-11', 1),
(2745, 1596, 501, 2, 3100, 4000, '2023-01-11', 1),
(2746, 1596, 85, 1, 3958, 5000, '2023-01-11', 1),
(2747, 1597, 212, 3, 2610, 3000, '2023-01-11', 1),
(2748, 1597, 265, 2, 3584, 5000, '2023-01-11', 1),
(2749, 1597, 41, 8, 7200, 8000, '2023-01-11', 1),
(2750, 1598, 6, 1, 1500, 2000, '2023-01-11', 1),
(2751, 1598, 134, 2, 562, 1000, '2023-01-11', 1),
(2752, 1599, 85, 1, 3958, 5000, '2023-01-11', 1),
(2753, 1600, 442, 1, 880, 1000, '2023-01-11', 1),
(2754, 1601, 79, 1, 3958, 4500, '2023-01-11', 1),
(2755, 1601, 78, 1, 3875, 4500, '2023-01-11', 1),
(2756, 1601, 39, 1, 1780, 2000, '2023-01-11', 1),
(2757, 1601, 31, 1, 1867, 2000, '2023-01-11', 1),
(2758, 1601, 452, 1, 900, 1000, '2023-01-11', 1),
(2759, 1601, 442, 1, 880, 1000, '2023-01-11', 1),
(2760, 1602, 134, 2, 562, 1000, '2023-01-11', 1),
(2761, 1602, 29, 4, 1800, 2000, '2023-01-11', 1),
(2762, 1603, 6, 1, 1500, 2000, '2023-01-11', 1),
(2763, 1604, 79, 1, 3958, 4500, '2023-01-11', 1),
(2764, 1605, 23, 1, 1567, 2000, '2023-01-11', 1),
(2765, 1605, 6, 1, 1500, 2000, '2023-01-11', 1),
(2766, 1606, 6, 1, 1500, 2000, '2023-01-11', 1),
(2767, 1607, 6, 1, 1500, 2000, '2023-01-11', 1),
(2768, 1608, 29, 1, 450, 500, '2023-01-11', 1),
(2769, 1608, 41, 1, 900, 1000, '2023-01-11', 1),
(2770, 1608, 362, 1, 900, 1000, '2023-01-11', 1),
(2771, 1608, 6, 6, 9000, 12000, '2023-01-11', 1),
(2772, 1608, 525, 1, 550, 1000, '2023-01-11', 1),
(2773, 1609, 518, 1, 400, 500, '2023-01-11', 1),
(2774, 1610, 6, 2, 3000, 4000, '2023-01-11', 1),
(2775, 1611, 442, 1, 880, 1000, '2023-01-11', 1),
(2776, 1612, 346, 1, 2188, 3000, '2023-01-11', 1),
(2777, 1613, 346, 2, 4376, 6000, '2023-01-11', 1),
(2778, 1614, 295, 1, 1583, 2500, '2023-01-11', 1),
(2779, 1614, 80, 1, 3958, 5000, '2023-01-11', 1),
(2780, 1614, 79, 1, 3958, 4500, '2023-01-11', 1),
(2781, 1615, 17, 1, 890, 1500, '2023-01-11', 1),
(2782, 1615, 6, 1, 1500, 2000, '2023-01-11', 1),
(2783, 1616, 520, 1, 1800, 2000, '2023-01-11', 1),
(2784, 1616, 6, 1, 1500, 2000, '2023-01-11', 1),
(2785, 1617, 520, 1, 1800, 2000, '2023-01-11', 1),
(2786, 1617, 295, 1, 1583, 2500, '2023-01-11', 1),
(2787, 1618, 518, 3, 1200, 1500, '2023-01-11', 1),
(2788, 1619, 6, 1, 1500, 2000, '2023-01-11', 1),
(2789, 1619, 322, 1, 450, 500, '2023-01-11', 1),
(2790, 1620, 134, 2, 562, 1000, '2023-01-11', 1),
(2791, 1621, 346, 1, 2188, 3000, '2023-01-11', 1),
(2792, 1622, 78, 1, 3875, 4500, '2023-01-11', 1),
(2793, 1622, 320, 2, 260, 500, '2023-01-11', 1),
(2794, 1623, 36, 2, 900, 1000, '2023-01-11', 1),
(2795, 1624, 134, 1, 281, 500, '2023-01-11', 1),
(2796, 1625, 302, 1, 3500, 4500, '2023-01-11', 1),
(2797, 1625, 6, 1, 1500, 2000, '2023-01-11', 1),
(2798, 1625, 518, 1, 400, 500, '2023-01-11', 1),
(2799, 1626, 134, 2, 562, 1000, '2023-01-11', 1),
(2800, 1627, 320, 4, 520, 1000, '2023-01-11', 1),
(2801, 1628, 6, 1, 1500, 2000, '2023-01-11', 1),
(2802, 1629, 331, 1, 5120, 6000, '2023-01-11', 1),
(2803, 1630, 79, 1, 3958, 4500, '2023-01-11', 1),
(2804, 1630, 518, 1, 400, 500, '2023-01-11', 1),
(2805, 1631, 17, 1, 890, 1500, '2023-01-11', 1),
(2806, 1632, 307, 4, 15168, 20000, '2023-01-11', 1),
(2807, 1633, 466, 1, 5334, 7000, '2023-01-11', 1),
(2808, 1634, 78, 1, 3875, 4500, '2023-01-11', 1),
(2809, 1635, 308, 1, 3583, 4500, '2023-01-11', 1),
(2810, 1636, 307, 1, 3792, 5000, '2023-01-11', 1),
(2811, 1636, 518, 2, 800, 1000, '2023-01-11', 1),
(2812, 1637, 347, 2, 4710, 6000, '2023-01-11', 1),
(2813, 1638, 307, 3, 11376, 15000, '2023-01-11', 1),
(2814, 1639, 302, 1, 3500, 4500, '2023-01-11', 1),
(2815, 1640, 6, 1, 1500, 2000, '2023-01-11', 1),
(2816, 1640, 39, 1, 1780, 2000, '2023-01-11', 1),
(2817, 1641, 301, 1, 4167, 5000, '2023-01-11', 1),
(2818, 1642, 520, 1, 1800, 2000, '2023-01-11', 1),
(2819, 1643, 31, 2, 3734, 4000, '2023-01-11', 1),
(2820, 1643, 120, 2, 3600, 4000, '2023-01-11', 1),
(2821, 1644, 308, 1, 3583, 4500, '2023-01-11', 1),
(2822, 1644, 6, 1, 1500, 2000, '2023-01-11', 1),
(2823, 1644, 134, 4, 1124, 2000, '2023-01-11', 1),
(2824, 1644, 518, 1, 400, 500, '2023-01-11', 1),
(2825, 1645, 295, 1, 1583, 2500, '2023-01-11', 1),
(2826, 1645, 78, 1, 3875, 4500, '2023-01-11', 1),
(2827, 1646, 350, 1, 3375, 4000, '2023-01-11', 1),
(2828, 1646, 134, 2, 562, 1000, '2023-01-11', 1),
(2829, 1647, 6, 2, 3000, 4000, '2023-01-11', 1),
(2830, 1647, 489, 1, 850, 1000, '2023-01-11', 1),
(2831, 1647, 39, 1, 1780, 2000, '2023-01-11', 1),
(2832, 1647, 295, 1, 1583, 2500, '2023-01-11', 1),
(2833, 1648, 295, 3, 4749, 7500, '2023-01-11', 1),
(2834, 1648, 16, 2, 3412, 4000, '2023-01-11', 1),
(2835, 1648, 48, 8, 960, 2000, '2023-01-11', 1),
(2836, 1648, 105, 4, 424, 1000, '2023-01-11', 1),
(2837, 1648, 320, 4, 520, 1000, '2023-01-11', 1),
(2838, 1648, 442, 1, 880, 1000, '2023-01-11', 1),
(2839, 1649, 105, 2, 212, 500, '2023-01-11', 1),
(2840, 1650, 23, 1, 1567, 2000, '2023-01-11', 1),
(2841, 1650, 134, 2, 562, 1000, '2023-01-11', 1),
(2842, 1651, 39, 1, 1780, 2000, '2023-01-11', 1),
(2843, 1651, 489, 1, 850, 1000, '2023-01-11', 1),
(2844, 1652, 23, 1, 1567, 2000, '2023-01-11', 1),
(2845, 1653, 78, 1, 3875, 4500, '2023-01-11', 1),
(2846, 1653, 23, 1, 1567, 2000, '2023-01-11', 1),
(2847, 1653, 523, 1, 860, 1000, '2023-01-11', 1),
(2848, 1654, 362, 1, 900, 1000, '2023-01-11', 1),
(2849, 1654, 134, 4, 1124, 2000, '2023-01-11', 1),
(2850, 1655, 79, 2, 7916, 9000, '2023-01-11', 1),
(2851, 1655, 520, 1, 1800, 2000, '2023-01-11', 1),
(2852, 1655, 506, 2, 900, 1000, '2023-01-11', 1),
(2853, 1656, 134, 8, 2248, 4000, '2023-01-11', 1),
(2854, 1657, 78, 2, 7750, 9000, '2023-01-11', 1),
(2855, 1657, 36, 2, 900, 1000, '2023-01-11', 1),
(2856, 1657, 6, 2, 3000, 4000, '2023-01-11', 1),
(2857, 1657, 501, 2, 3100, 4000, '2023-01-11', 1),
(2858, 1658, 23, 1, 1567, 2000, '2023-01-11', 1),
(2859, 1658, 134, 1, 281, 500, '2023-01-11', 1),
(2860, 1658, 22, 1, 795, 1000, '2023-01-11', 1),
(2861, 1658, 506, 1, 450, 500, '2023-01-11', 1),
(2862, 1659, 134, 2, 562, 1000, '2023-01-11', 1),
(2863, 1659, 6, 1, 1500, 2000, '2023-01-11', 1),
(2864, 1660, 31, 1, 1867, 2000, '2023-01-11', 1),
(2865, 1660, 6, 1, 1500, 2000, '2023-01-11', 1),
(2866, 1661, 466, 1, 5334, 7000, '2023-01-11', 1),
(2867, 1662, 6, 3, 4500, 6000, '2023-01-11', 1),
(2868, 1662, 23, 2, 3134, 4000, '2023-01-11', 1),
(2869, 1662, 134, 2, 562, 1000, '2023-01-11', 1),
(2870, 1663, 134, 3, 843, 1500, '2023-01-11', 1),
(2871, 1663, 508, 1, 425, 500, '2023-01-11', 1),
(2872, 1664, 6, 1, 1500, 2000, '2023-01-11', 1),
(2873, 1665, 466, 2, 10668, 14000, '2023-01-11', 1),
(2874, 1666, 80, 1, 3958, 5000, '2023-01-11', 1),
(2875, 1667, 134, 2, 562, 1000, '2023-01-11', 1),
(2876, 1668, 134, 2, 562, 1000, '2023-01-11', 1),
(2877, 1669, 134, 2, 562, 1000, '2023-01-11', 1),
(2878, 1670, 331, 1, 5120, 6000, '2023-01-11', 1),
(2879, 1670, 6, 3, 4500, 6000, '2023-01-11', 1),
(2880, 1670, 22, 2, 1590, 2000, '2023-01-11', 1),
(2881, 1670, 489, 1, 850, 1000, '2023-01-11', 1),
(2882, 1671, 134, 6, 1686, 3000, '2023-01-11', 1),
(2883, 1672, 134, 2, 562, 1000, '2023-01-11', 1),
(2884, 1673, 6, 1, 1500, 2000, '2023-01-11', 1),
(2885, 1674, 350, 1, 3375, 4000, '2023-01-11', 1),
(2886, 1675, 134, 7, 1967, 3500, '2023-01-11', 1),
(2887, 1676, 6, 1, 1500, 2000, '2023-01-11', 1),
(2888, 1677, 134, 4, 1124, 2000, '2023-01-11', 1),
(2889, 1678, 489, 1, 850, 1000, '2023-01-11', 1),
(2890, 1679, 350, 1, 3375, 4000, '2023-01-11', 1),
(2891, 1680, 134, 6, 1686, 3000, '2023-01-11', 1),
(2892, 1681, 134, 1, 281, 500, '2023-01-11', 1),
(2893, 1682, 134, 2, 562, 1000, '2023-01-11', 1),
(2894, 1683, 1, 1, 315, 500, '2023-01-12', 1),
(2895, 1684, 4, 3, 4560, 6000, '2023-01-12', 1),
(2896, 1685, 499, 2, 900, 1000, '2023-01-12', 1),
(2897, 1686, 307, 3, 11376, 15000, '2023-01-12', 1),
(2898, 1687, 310, 7, 24500, 31500, '2023-01-12', 1),
(2899, 1688, 308, 9, 32247, 40500, '2023-01-12', 1),
(2900, 1689, 78, 7, 27125, 31500, '2023-01-12', 1),
(2901, 1690, 79, 9, 35622, 40500, '2023-01-12', 1),
(2902, 1691, 80, 12, 47496, 60000, '2023-01-12', 1),
(2903, 1692, 85, 6, 23748, 30000, '2023-01-12', 1),
(2904, 1693, 466, 2, 10668, 14000, '2023-01-12', 1),
(2905, 1694, 333, 5, 9270, 12500, '2023-01-12', 1),
(2906, 1695, 349, 10, 24170, 30000, '2023-01-12', 1),
(2907, 1696, 350, 2, 6750, 8000, '2023-01-12', 1),
(2908, 1697, 513, 1, 4167, 5000, '2023-01-12', 1),
(2909, 1698, 6, 73, 109500, 146000, '2023-01-12', 1),
(2910, 1699, 2, 91, 26572, 45500, '2023-01-12', 1),
(2911, 1700, 4, 24, 36480, 48000, '2023-01-12', 1),
(2912, 1701, 2, 14, 4088, 7000, '2023-01-12', 1),
(2913, 1702, 48, 4, 480, 1000, '2023-01-12', 1),
(2914, 1703, 16, 4, 6824, 8000, '2023-01-12', 1),
(2915, 1704, 501, 17, 26350, 34000, '2023-01-12', 1),
(2916, 1705, 18, 1, 900, 1000, '2023-01-12', 1),
(2917, 1706, 19, 1, 1750, 2000, '2023-01-12', 1),
(2918, 1707, 519, 2, 1590, 2000, '2023-01-12', 1),
(2919, 1708, 322, 1, 450, 500, '2023-01-12', 1),
(2920, 1709, 87, 4, 3600, 6000, '2023-01-12', 1),
(2921, 1710, 508, 3, 1275, 1500, '2023-01-12', 1),
(2922, 1711, 323, 2, 3500, 5000, '2023-01-12', 1),
(2923, 1712, 33, 2, 900, 1000, '2023-01-12', 1),
(2924, 1713, 34, 23, 19090, 23000, '2023-01-12', 1),
(2925, 1714, 36, 6, 2700, 3000, '2023-01-12', 1),
(2926, 1715, 520, 4, 7200, 8000, '2023-01-12', 1),
(2927, 1716, 120, 2, 3600, 4000, '2023-01-12', 1),
(2928, 1717, 38, 1, 1792, 2500, '2023-01-12', 1),
(2929, 1718, 488, 1, 1705, 2000, '2023-01-12', 1),
(2930, 1719, 39, 2, 3560, 4000, '2023-01-12', 1),
(2931, 1720, 493, 5, 8750, 10000, '2023-01-12', 1),
(2932, 1721, 121, 10, 18000, 25000, '2023-01-12', 1),
(2933, 1722, 462, 3, 2700, 3000, '2023-01-12', 1),
(2934, 1723, 362, 1, 900, 1000, '2023-01-12', 1),
(2935, 1724, 45, 1, 812, 1000, '2023-01-12', 1),
(2936, 1725, 79, 2, 7916, 9000, '2023-01-16', 1),
(2937, 1726, 493, 3, 5373, 6000, '2023-01-16', 1),
(2938, 1727, 39, 1, 1780, 2000, '2023-01-16', 1),
(2939, 1728, 1, 19, 5985, 9500, '2023-01-16', 1),
(2940, 1729, 4, 50, 47900, 100000, '2023-01-16', 1),
(2941, 1730, 16, 4, 6940, 8000, '2023-01-16', 1),
(2942, 1730, 21, 1, 1750, 2000, '2023-01-16', 1),
(2943, 1730, 34, 6, 4980, 6000, '2023-01-16', 1),
(2944, 1730, 36, 7, 3150, 3500, '2023-01-16', 1),
(2945, 1730, 38, 4, 7168, 10000, '2023-01-16', 1),
(2946, 1731, 45, 2, 1624, 2000, '2023-01-16', 1),
(2947, 1731, 120, 4, 7332, 8000, '2023-01-16', 1),
(2948, 1731, 323, 3, 5250, 7500, '2023-01-16', 1),
(2949, 1731, 362, 1, 900, 1000, '2023-01-16', 1),
(2950, 1731, 519, 6, 4770, 6000, '2023-01-16', 1),
(2951, 1731, 87, 5, 4500, 7500, '2023-01-16', 1),
(2952, 1731, 462, 1, 900, 1000, '2023-01-16', 1),
(2953, 1731, 19, 1, 1750, 2000, '2023-01-16', 1),
(2954, 1731, 443, 2, 1800, 2000, '2023-01-16', 1),
(2955, 1731, 504, 2, 3600, 4000, '2023-01-16', 1),
(2956, 1731, 4, 1, 958, 2000, '2023-01-16', 1),
(2957, 1732, 78, 1, 3875, 4500, '2023-01-16', 1),
(2958, 1732, 79, 8, 31664, 36000, '2023-01-16', 1),
(2959, 1732, 85, 1, 3958, 5000, '2023-01-16', 1),
(2960, 1732, 86, 4, 21336, 28000, '2023-01-16', 1),
(2961, 1732, 80, 3, 11874, 15000, '2023-01-16', 1),
(2962, 1732, 295, 6, 9498, 15000, '2023-01-16', 1),
(2963, 1732, 300, 7, 24500, 31500, '2023-01-16', 1),
(2964, 1732, 349, 1, 2417, 3000, '2023-01-16', 1),
(2965, 1732, 350, 9, 30375, 36000, '2023-01-16', 1),
(2966, 1733, 344, 1, 3500, 4500, '2023-01-16', 1),
(2967, 1733, 513, 1, 4167, 5000, '2023-01-16', 1),
(2968, 1733, 302, 1, 3500, 4500, '2023-01-16', 1),
(2969, 1733, 307, 4, 15168, 20000, '2023-01-16', 1),
(2970, 1733, 308, 3, 10749, 13500, '2023-01-16', 1),
(2971, 1733, 310, 2, 7000, 9000, '2023-01-16', 1),
(2972, 1734, 18, 3, 2700, 3000, '2023-01-16', 1),
(2973, 1734, 449, 1, 1750, 2000, '2023-01-16', 1),
(2974, 1734, 508, 2, 850, 1000, '2023-01-16', 1),
(2975, 1735, 90, 5, 7795, 10000, '2023-01-16', 1),
(2976, 1735, 99, 2, 4850, 6000, '2023-01-16', 1),
(2977, 1735, 91, 1, 1550, 2000, '2023-01-16', 1),
(2978, 1735, 92, 1, 1550, 2000, '2023-01-16', 1),
(2979, 1735, 97, 1, 1913, 2500, '2023-01-16', 1),
(2980, 1735, 101, 1, 2750, 3500, '2023-01-16', 1),
(2981, 1735, 512, 2, 3120, 4000, '2023-01-16', 1),
(2982, 1737, 1, 48, 15120, 24000, '2023-01-16', 1),
(2983, 1737, 4, 13, 12454, 26000, '2023-01-16', 1),
(2984, 1738, 493, 5, 8955, 10000, '2023-01-16', 1),
(2985, 1738, 16, 8, 13880, 16000, '2023-01-16', 1),
(2986, 1739, 39, 3, 5340, 6000, '2023-01-16', 1),
(2987, 1739, 462, 3, 2700, 3000, '2023-01-16', 1),
(2988, 1739, 504, 3, 5400, 6000, '2023-01-16', 1),
(2989, 1742, 36, 6, 2700, 3000, '2023-01-16', 1),
(2990, 1742, 21, 2, 3500, 4000, '2023-01-16', 1),
(2991, 1742, 491, 1, 1666, 2000, '2023-01-16', 1),
(2992, 1742, 323, 3, 5250, 7500, '2023-01-16', 1),
(2993, 1742, 38, 2, 3584, 5000, '2023-01-16', 1),
(2994, 1743, 49, 30, 5100, 7500, '2023-01-16', 1),
(2995, 1743, 105, 36, 3816, 9000, '2023-01-16', 1),
(2996, 1744, 515, 1, 1500, 2000, '2023-01-16', 1),
(2997, 1744, 508, 2, 850, 1000, '2023-01-16', 1),
(2998, 1744, 1, 1, 315, 500, '2023-01-16', 1),
(2999, 1745, 1, 31, 9765, 15500, '2023-01-16', 1),
(3000, 1746, 4, 13, 12454, 26000, '2023-01-16', 1),
(3001, 1747, 91, 3, 4650, 6000, '2023-01-16', 1),
(3002, 1747, 92, 4, 6200, 8000, '2023-01-16', 1),
(3003, 1747, 97, 8, 15304, 20000, '2023-01-16', 1),
(3004, 1747, 99, 10, 24250, 30000, '2023-01-16', 1),
(3005, 1747, 90, 2, 3118, 4000, '2023-01-16', 1),
(3006, 1748, 295, 2, 3166, 5000, '2023-01-16', 1),
(3007, 1748, 368, 4, 13332, 16000, '2023-01-16', 1),
(3008, 1748, 308, 1, 3583, 4500, '2023-01-16', 1),
(3009, 1748, 347, 1, 2355, 3000, '2023-01-16', 1),
(3010, 1748, 349, 10, 24170, 30000, '2023-01-16', 1),
(3011, 1749, 78, 4, 15500, 18000, '2023-01-16', 1),
(3012, 1749, 79, 1, 3958, 4500, '2023-01-16', 1),
(3013, 1749, 80, 1, 3958, 5000, '2023-01-16', 1),
(3014, 1749, 85, 6, 23748, 30000, '2023-01-16', 1),
(3015, 1750, 86, 2, 10668, 14000, '2023-01-16', 1),
(3016, 1751, 4, 1, 958, 2000, '2023-01-17', 1),
(3017, 1752, 86, 1, 5334, 7000, '2023-01-17', 1),
(3018, 1753, 302, 3, 10500, 13500, '2023-01-17', 1),
(3019, 1753, 484, 1, 2188, 3000, '2023-01-17', 1),
(3020, 1753, 85, 1, 3958, 5000, '2023-01-17', 1),
(3021, 1754, 4, 11, 10538, 22000, '2023-01-17', 1),
(3022, 1755, 92, 1, 1550, 2000, '2023-01-17', 1),
(3023, 1756, 303, 2, 7000, 9000, '2023-01-17', 1),
(3024, 1757, 462, 1, 900, 1000, '2023-01-17', 1),
(3025, 1758, 4, 1, 958, 2000, '2023-01-17', 1),
(3026, 1758, 486, 1, 2188, 3000, '2023-01-17', 1),
(3027, 1758, 303, 1, 3500, 4500, '2023-01-17', 1),
(3028, 1758, 1, 10, 3150, 5000, '2023-01-17', 1),
(3029, 1759, 4, 1, 958, 2000, '2023-01-17', 1),
(3030, 1759, 295, 1, 1583, 2500, '2023-01-17', 1),
(3031, 1760, 79, 2, 7916, 9000, '2023-01-17', 1),
(3032, 1760, 295, 1, 1583, 2500, '2023-01-17', 1),
(3033, 1760, 4, 2, 1916, 4000, '2023-01-17', 1),
(3034, 1760, 302, 1, 3500, 4500, '2023-01-17', 1),
(3035, 1761, 466, 1, 5334, 7000, '2023-01-17', 1),
(3036, 1761, 504, 1, 1800, 2000, '2023-01-17', 1),
(3037, 1762, 16, 4, 6940, 8000, '2023-01-17', 1),
(3038, 1762, 4, 1, 958, 2000, '2023-01-17', 1),
(3039, 1762, 91, 1, 1550, 2000, '2023-01-17', 1),
(3040, 1762, 79, 1, 3958, 4500, '2023-01-17', 1),
(3041, 1762, 85, 1, 3958, 5000, '2023-01-17', 1),
(3042, 1762, 296, 1, 2208, 3000, '2023-01-17', 1),
(3043, 1762, 489, 2, 1700, 2000, '2023-01-17', 1),
(3044, 1762, 97, 2, 3826, 5000, '2023-01-17', 1),
(3045, 1763, 91, 1, 1550, 2000, '2023-01-17', 1),
(3046, 1763, 4, 4, 3832, 8000, '2023-01-17', 1),
(3047, 1764, 78, 1, 3875, 4500, '2023-01-17', 1),
(3048, 1765, 78, 1, 3875, 4500, '2023-01-17', 1),
(3049, 1766, 78, 2, 7750, 9000, '2023-01-17', 1),
(3050, 1767, 87, 1, 900, 1500, '2023-01-17', 1),
(3051, 1767, 38, 1, 1792, 2500, '2023-01-17', 1),
(3052, 1767, 88, 1, 813, 1000, '2023-01-17', 1),
(3053, 1768, 341, 2, 3708, 5000, '2023-01-17', 1),
(3054, 1768, 120, 1, 1833, 2000, '2023-01-17', 1),
(3055, 1768, 39, 1, 1780, 2000, '2023-01-17', 1),
(3056, 1768, 493, 1, 1791, 2000, '2023-01-17', 1),
(3057, 1769, 407, 1, 3500, 4000, '2023-01-17', 1),
(3058, 1770, 4, 3, 2874, 6000, '2023-01-17', 1),
(3059, 1771, 295, 2, 3166, 5000, '2023-01-17', 1),
(3060, 1771, 331, 1, 5120, 6000, '2023-01-17', 1),
(3061, 1771, 296, 2, 4416, 6000, '2023-01-17', 1),
(3062, 1772, 4, 1, 958, 2000, '2023-01-17', 1),
(3063, 1772, 454, 1, 1750, 2000, '2023-01-17', 1),
(3064, 1772, 449, 1, 1750, 2000, '2023-01-17', 1),
(3065, 1772, 504, 1, 1800, 2000, '2023-01-17', 1),
(3066, 1772, 1, 2, 630, 1000, '2023-01-17', 1),
(3067, 1773, 39, 1, 1780, 2000, '2023-01-17', 1),
(3068, 1773, 493, 1, 1791, 2000, '2023-01-17', 1),
(3069, 1773, 87, 1, 900, 1500, '2023-01-17', 1),
(3070, 1774, 38, 1, 1792, 2500, '2023-01-17', 1),
(3071, 1775, 87, 1, 900, 1500, '2023-01-17', 1),
(3072, 1775, 486, 1, 2188, 3000, '2023-01-17', 1),
(3073, 1776, 452, 2, 1800, 2000, '2023-01-17', 1),
(3074, 1778, 18, 5, 4500, 5000, '2023-01-17', 1),
(3075, 1778, 4, 2, 1916, 4000, '2023-01-17', 1),
(3076, 1779, 120, 2, 3666, 4000, '2023-01-17', 1),
(3077, 1779, 39, 2, 3560, 4000, '2023-01-17', 1),
(3078, 1779, 1, 2, 630, 1000, '2023-01-17', 1),
(3079, 1779, 4, 2, 1916, 4000, '2023-01-17', 1),
(3080, 1779, 493, 1, 1791, 2000, '2023-01-17', 1),
(3081, 1779, 21, 1, 1750, 2000, '2023-01-17', 1),
(3082, 1780, 134, 2, 576, 1000, '2023-01-18', 1),
(3083, 1781, 62, 2, 500, 1000, '2023-01-18', 1),
(3084, 1782, 4, 1, 958, 2000, '2023-01-18', 1),
(3085, 1783, 87, 1, 900, 1500, '2023-01-18', 1),
(3086, 1784, 38, 1, 1792, 2500, '2023-01-18', 1),
(3087, 1785, 21, 1, 1750, 2000, '2023-01-18', 1),
(3088, 1786, 1, 2, 630, 1000, '2023-01-18', 1),
(3089, 1787, 4, 1, 958, 2000, '2023-01-18', 1),
(3090, 1788, 134, 2, 576, 1000, '2023-01-18', 1),
(3091, 1789, 78, 1, 3875, 4500, '2023-01-18', 1),
(3092, 1790, 4, 1, 958, 2000, '2023-01-18', 1),
(3093, 1791, 38, 1, 1792, 2500, '2023-01-18', 1),
(3094, 1792, 333, 1, 1854, 2500, '2023-01-18', 1),
(3095, 1793, 4, 4, 3832, 8000, '2023-01-18', 1),
(3096, 1794, 296, 3, 6624, 9000, '2023-01-18', 1),
(3097, 1798, 4, 3, 2874, 6000, '2023-01-18', 1),
(3098, 1799, 484, 1, 2188, 3000, '2023-01-18', 1),
(3099, 1799, 505, 1, 1800, 2000, '2023-01-18', 1),
(3100, 1799, 23, 1, 1667, 2000, '2023-01-18', 1),
(3101, 1800, 18, 2, 1800, 2000, '2023-01-18', 1),
(3102, 1800, 87, 1, 900, 1500, '2023-01-18', 1),
(3103, 1802, 39, 1, 1780, 2000, '2023-01-18', 1),
(3104, 1803, 4, 3, 2874, 6000, '2023-01-18', 1),
(3105, 1804, 35, 2, 900, 1000, '2023-01-18', 1),
(3106, 1805, 331, 3, 15360, 18000, '2023-01-18', 1),
(3107, 1808, 513, 1, 4167, 5000, '2023-01-18', 1),
(3108, 1808, 331, 2, 10240, 12000, '2023-01-18', 1),
(3109, 1809, 520, 1, 1800, 2000, '2023-01-18', 1),
(3110, 1810, 344, 1, 3500, 4500, '2023-01-18', 1),
(3111, 1810, 21, 1, 1750, 2000, '2023-01-18', 1),
(3112, 1811, 549, 1, 2412, 3000, '2023-01-18', 1),
(3113, 1811, 91, 1, 1550, 2000, '2023-01-18', 1),
(3114, 1812, 80, 1, 3958, 5000, '2023-01-18', 1),
(3115, 1813, 4, 1, 958, 2000, '2023-01-18', 1),
(3116, 1814, 296, 2, 4416, 6000, '2023-01-18', 1),
(3117, 1815, 4, 1, 958, 2000, '2023-01-18', 1),
(3118, 1816, 4, 1, 958, 2000, '2023-01-18', 1),
(3119, 1817, 4, 1, 958, 2000, '2023-01-18', 1),
(3120, 1818, 78, 1, 3875, 4500, '2023-01-18', 1),
(3121, 1818, 4, 4, 3832, 8000, '2023-01-18', 1),
(3122, 1819, 344, 1, 3500, 4500, '2023-01-18', 1),
(3123, 1819, 302, 1, 3500, 4500, '2023-01-18', 1),
(3124, 1820, 524, 2, 1100, 2000, '2023-01-18', 1),
(3125, 1820, 4, 3, 2874, 6000, '2023-01-18', 1),
(3126, 1820, 310, 1, 3500, 4500, '2023-01-18', 1),
(3127, 1820, 301, 2, 8334, 10000, '2023-01-18', 1),
(3128, 1821, 97, 1, 1913, 2500, '2023-01-18', 1),
(3129, 1821, 91, 1, 1550, 2000, '2023-01-18', 1),
(3130, 1821, 4, 7, 6706, 14000, '2023-01-18', 1),
(3131, 1821, 78, 1, 3875, 4500, '2023-01-18', 1),
(3132, 1821, 310, 1, 3500, 4500, '2023-01-18', 1),
(3133, 1821, 86, 1, 5334, 7000, '2023-01-18', 1),
(3134, 1822, 39, 1, 1780, 2000, '2023-01-18', 1),
(3135, 1822, 462, 1, 900, 1000, '2023-01-18', 1),
(3136, 1823, 4, 2, 1916, 4000, '2023-01-18', 1),
(3137, 1824, 4, 1, 958, 2000, '2023-01-18', 1),
(3138, 1825, 134, 2, 576, 1000, '2023-01-18', 1),
(3139, 1826, 4, 1, 958, 2000, '2023-01-18', 1),
(3140, 1826, 462, 1, 900, 1000, '2023-01-18', 1),
(3141, 1826, 21, 1, 1750, 2000, '2023-01-18', 1),
(3142, 1827, 134, 8, 2304, 4000, '2023-01-18', 1),
(3143, 1828, 4, 1, 958, 2000, '2023-01-18', 1),
(3144, 1828, 344, 1, 3500, 4500, '2023-01-18', 1),
(3145, 1829, 333, 1, 1854, 2500, '2023-01-18', 1),
(3146, 1829, 80, 1, 3958, 5000, '2023-01-18', 1),
(3147, 1829, 4, 1, 958, 2000, '2023-01-18', 1),
(3148, 1830, 295, 2, 3166, 5000, '2023-01-18', 1),
(3149, 1830, 38, 2, 3584, 5000, '2023-01-18', 1),
(3150, 1830, 39, 1, 1780, 2000, '2023-01-18', 1),
(3151, 1831, 4, 3, 2874, 6000, '2023-01-18', 1),
(3152, 1832, 501, 1, 1792, 2500, '2023-01-18', 1),
(3153, 1832, 33, 4, 3500, 4000, '2023-01-18', 1),
(3154, 1834, 310, 1, 3500, 4500, '2023-01-18', 1),
(3155, 1834, 4, 5, 4790, 10000, '2023-01-18', 1),
(3156, 1835, 4, 2, 1916, 4000, '2023-01-18', 1),
(3157, 1835, 39, 1, 1780, 2000, '2023-01-18', 1),
(3158, 1836, 78, 1, 3875, 4500, '2023-01-18', 1),
(3159, 1837, 79, 1, 3958, 4500, '2023-01-18', 1),
(3160, 1838, 551, 1, 1920, 2500, '2023-01-18', 1),
(3161, 1839, 302, 1, 3500, 4500, '2023-01-18', 1),
(3162, 1839, 49, 2, 340, 500, '2023-01-18', 1),
(3163, 1840, 1, 4, 1260, 2000, '2023-01-18', 1),
(3164, 1840, 4, 1, 958, 2000, '2023-01-18', 1),
(3165, 1841, 33, 6, 5250, 6000, '2023-01-18', 1),
(3166, 1842, 302, 1, 3500, 4500, '2023-01-18', 1),
(3167, 1842, 49, 2, 340, 500, '2023-01-18', 1),
(3168, 1842, 4, 2, 1916, 4000, '2023-01-18', 1),
(3169, 1842, 462, 1, 900, 1000, '2023-01-18', 1),
(3170, 1843, 549, 2, 4824, 6000, '2023-01-18', 1),
(3171, 1843, 551, 1, 1920, 2500, '2023-01-18', 1),
(3172, 1843, 49, 2, 340, 500, '2023-01-18', 1),
(3173, 1843, 310, 1, 3500, 4500, '2023-01-18', 1),
(3174, 1843, 320, 2, 260, 500, '2023-01-18', 1),
(3175, 1844, 4, 1, 958, 2000, '2023-01-18', 1),
(3176, 1844, 310, 1, 3500, 4500, '2023-01-18', 1),
(3177, 1844, 320, 2, 260, 500, '2023-01-18', 1);
INSERT INTO `tbl_order_detail` (`id_order_detail`, `id_order`, `id_product`, `qty_selling`, `total_basic_price`, `total_selling_price`, `date_order`, `id_lab`) VALUES
(3178, 1845, 551, 1, 1920, 2500, '2023-01-18', 1),
(3179, 1846, 134, 1, 288, 500, '2023-01-18', 1),
(3180, 1847, 462, 1, 900, 1000, '2023-01-18', 1),
(3181, 1847, 35, 1, 450, 500, '2023-01-18', 1),
(3182, 1848, 134, 1, 288, 500, '2023-01-18', 1),
(3183, 1849, 1, 1, 315, 500, '2023-01-18', 1),
(3184, 1851, 35, 4, 1800, 2000, '2023-01-18', 1),
(3185, 1852, 38, 1, 1792, 2500, '2023-01-18', 1),
(3186, 1852, 320, 4, 520, 1000, '2023-01-18', 1),
(3187, 1852, 35, 2, 900, 1000, '2023-01-18', 1),
(3188, 1853, 333, 4, 7416, 10000, '2023-01-18', 1),
(3189, 1854, 551, 1, 1920, 2500, '2023-01-18', 1),
(3190, 1855, 320, 2, 260, 500, '2023-01-18', 1),
(3191, 1856, 551, 1, 1920, 2500, '2023-01-18', 1),
(3192, 1856, 302, 1, 3500, 4500, '2023-01-18', 1),
(3193, 1857, 551, 3, 5760, 7500, '2023-01-18', 1),
(3194, 1858, 333, 1, 1854, 2500, '2023-01-18', 1),
(3195, 1858, 341, 1, 1854, 2500, '2023-01-18', 1),
(3196, 1860, 35, 4, 1800, 2000, '2023-01-18', 1),
(3197, 1860, 303, 1, 3500, 4500, '2023-01-18', 1),
(3198, 1860, 87, 1, 900, 1500, '2023-01-18', 1),
(3199, 1861, 333, 1, 1854, 2500, '2023-01-18', 1),
(3200, 1862, 310, 1, 3500, 4500, '2023-01-18', 1),
(3201, 1862, 320, 2, 260, 500, '2023-01-18', 1),
(3202, 1863, 320, 2, 260, 500, '2023-01-18', 1),
(3203, 1863, 79, 1, 3958, 4500, '2023-01-18', 1),
(3204, 1863, 35, 1, 450, 500, '2023-01-18', 1),
(3205, 1863, 21, 1, 1750, 2000, '2023-01-18', 1),
(3206, 1863, 333, 1, 1854, 2500, '2023-01-18', 1),
(3207, 1864, 466, 1, 5334, 7000, '2023-01-18', 1),
(3208, 1865, 549, 1, 2412, 3000, '2023-01-18', 1),
(3209, 1865, 333, 2, 3708, 5000, '2023-01-18', 1),
(3210, 1865, 79, 1, 3958, 4500, '2023-01-18', 1),
(3211, 1866, 551, 8, 15360, 20000, '2023-01-18', 1),
(3212, 1866, 45, 1, 812, 1000, '2023-01-18', 1),
(3213, 1866, 97, 1, 1913, 2500, '2023-01-18', 1),
(3214, 1867, 4, 3, 2874, 6000, '2023-01-18', 1),
(3215, 1868, 462, 2, 1800, 2000, '2023-01-18', 1),
(3216, 1868, 318, 1, 4063, 5000, '2023-01-18', 1),
(3217, 1869, 4, 1, 958, 2000, '2023-01-18', 1),
(3218, 1869, 35, 2, 900, 1000, '2023-01-18', 1),
(3219, 1869, 551, 1, 1920, 2500, '2023-01-18', 1),
(3220, 1869, 38, 2, 3584, 5000, '2023-01-18', 1),
(3221, 1869, 21, 1, 1750, 2000, '2023-01-18', 1),
(3222, 1869, 134, 3, 864, 1500, '2023-01-18', 1),
(3223, 1869, 27, 1, 1583, 2000, '2023-01-18', 1),
(3224, 1870, 449, 2, 3500, 4000, '2023-01-18', 1),
(3225, 1870, 38, 1, 1792, 2500, '2023-01-18', 1),
(3226, 1870, 4, 4, 3832, 8000, '2023-01-18', 1),
(3227, 1871, 549, 2, 4824, 6000, '2023-01-18', 1),
(3228, 1871, 551, 2, 3840, 5000, '2023-01-18', 1),
(3229, 1872, 360, 1, 3208, 4000, '2023-01-18', 1),
(3230, 1872, 97, 1, 1913, 2500, '2023-01-18', 1),
(3231, 1873, 333, 2, 3708, 5000, '2023-01-18', 1),
(3232, 1874, 134, 2, 576, 1000, '2023-01-18', 1),
(3233, 1875, 97, 3, 5739, 7500, '2023-01-18', 1),
(3234, 1876, 4, 1, 958, 2000, '2023-01-18', 1),
(3235, 1876, 295, 1, 1583, 2500, '2023-01-18', 1),
(3236, 1877, 134, 6, 1728, 3000, '2023-01-18', 1),
(3237, 1878, 344, 1, 3500, 4500, '2023-01-18', 1),
(3238, 1878, 550, 2, 8124, 10000, '2023-01-18', 1),
(3239, 1879, 4, 2, 1916, 4000, '2023-01-18', 1),
(3240, 1880, 310, 1, 3500, 4500, '2023-01-18', 1),
(3241, 1881, 80, 1, 3958, 5000, '2023-01-18', 1),
(3242, 1882, 21, 1, 1750, 2000, '2023-01-18', 1),
(3243, 1884, 134, 1, 288, 500, '2023-01-18', 1),
(3244, 1885, 134, 1, 288, 500, '2023-01-18', 1),
(3245, 1886, 78, 1, 3875, 4500, '2023-01-18', 1),
(3246, 1887, 78, 1, 3875, 4500, '2023-01-18', 1),
(3247, 1888, 4, 1, 958, 2000, '2023-01-18', 1),
(3248, 1888, 134, 2, 576, 1000, '2023-01-18', 1),
(3249, 1889, 549, 2, 4824, 6000, '2023-01-18', 1),
(3250, 1890, 549, 1, 2412, 3000, '2023-01-18', 1),
(3251, 1891, 333, 1, 1854, 2500, '2023-01-18', 1),
(3252, 1892, 85, 2, 7916, 10000, '2023-01-18', 1),
(3253, 1893, 341, 1, 1854, 2500, '2023-01-18', 1),
(3254, 1894, 4, 2, 1916, 4000, '2023-01-18', 1),
(3255, 1895, 466, 1, 5334, 7000, '2023-01-18', 1),
(3256, 1895, 4, 1, 958, 2000, '2023-01-18', 1),
(3257, 1896, 4, 1, 958, 2000, '2023-01-18', 1),
(3258, 1897, 4, 1, 958, 2000, '2023-01-19', 1),
(3259, 1897, 18, 2, 1800, 2000, '2023-01-19', 1),
(3260, 1897, 43, 2, 1600, 2000, '2023-01-19', 1),
(3261, 1897, 38, 1, 1792, 2500, '2023-01-19', 1),
(3262, 1897, 33, 1, 875, 1000, '2023-01-19', 1),
(3263, 1898, 555, 2, 1784, 2000, '2023-01-19', 1),
(3264, 1899, 4, 1, 958, 2000, '2023-01-19', 1),
(3265, 1900, 4, 1, 958, 2000, '2023-01-19', 1),
(3266, 1901, 462, 1, 900, 1000, '2023-01-19', 1),
(3267, 1902, 4, 1, 958, 2000, '2023-01-19', 1),
(3268, 1903, 364, 1, 16000, 18000, '2023-01-19', 1),
(3269, 1904, 23, 1, 1667, 2000, '2023-01-19', 1),
(3270, 1905, 4, 1, 958, 2000, '2023-01-19', 1),
(3271, 1906, 4, 2, 1916, 4000, '2023-01-19', 1),
(3272, 1906, 462, 2, 1800, 2000, '2023-01-19', 1),
(3273, 1907, 331, 2, 10240, 12000, '2023-01-19', 1),
(3274, 1908, 16, 1, 1735, 2000, '2023-01-19', 1),
(3275, 1908, 4, 1, 958, 2000, '2023-01-19', 1),
(3276, 1909, 493, 1, 1791, 2000, '2023-01-19', 1),
(3277, 1909, 23, 1, 1667, 2000, '2023-01-19', 1),
(3278, 1909, 31, 1, 1867, 2000, '2023-01-19', 1),
(3279, 1909, 520, 1, 1800, 2000, '2023-01-19', 1),
(3280, 1909, 16, 1, 1735, 2000, '2023-01-19', 1),
(3281, 1910, 493, 1, 1791, 2000, '2023-01-19', 1),
(3282, 1910, 16, 1, 1735, 2000, '2023-01-19', 1),
(3283, 1910, 462, 1, 900, 1000, '2023-01-19', 1),
(3284, 1911, 549, 1, 2412, 3000, '2023-01-19', 1),
(3285, 1912, 4, 1, 958, 2000, '2023-01-19', 1),
(3286, 1914, 4, 1, 958, 2000, '2023-01-19', 1),
(3287, 1916, 331, 2, 10240, 12000, '2023-01-19', 1),
(3288, 1917, 4, 1, 958, 2000, '2023-01-19', 1),
(3289, 1933, 4, 1, 958, 2000, '2023-01-19', 1),
(3290, 1934, 341, 2, 3708, 5000, '2023-01-19', 1),
(3291, 1935, 4, 5, 4790, 10000, '2023-01-19', 1),
(3292, 1936, 86, 1, 5334, 7000, '2023-01-19', 1),
(3293, 1937, 4, 3, 2874, 6000, '2023-01-19', 1),
(3294, 1937, 38, 1, 1792, 2500, '2023-01-19', 1),
(3295, 1938, 80, 1, 3958, 5000, '2023-01-19', 1),
(3296, 1939, 4, 1, 958, 2000, '2023-01-19', 1),
(3297, 1940, 121, 1, 2100, 2500, '2023-01-19', 1),
(3298, 1941, 43, 3, 2400, 3000, '2023-01-19', 1),
(3299, 1942, 484, 1, 2188, 3000, '2023-01-19', 1),
(3300, 1943, 303, 1, 3500, 4500, '2023-01-19', 1),
(3301, 1944, 79, 1, 3958, 4500, '2023-01-19', 1),
(3302, 1945, 462, 2, 1800, 2000, '2023-01-19', 1),
(3303, 1946, 493, 3, 5373, 6000, '2023-01-19', 1),
(3304, 1947, 31, 1, 1867, 2000, '2023-01-19', 1),
(3305, 1948, 484, 1, 2188, 3000, '2023-01-19', 1),
(3306, 1949, 33, 3, 2625, 3000, '2023-01-19', 1),
(3307, 1950, 91, 1, 1550, 2000, '2023-01-19', 1),
(3308, 1951, 97, 1, 1913, 2500, '2023-01-19', 1),
(3309, 1952, 561, 4, 1800, 2000, '2023-01-19', 1),
(3310, 1953, 87, 1, 900, 1500, '2023-01-19', 1),
(3311, 1953, 492, 1, 1700, 2000, '2023-01-19', 1),
(3312, 1954, 4, 1, 958, 2000, '2023-01-19', 1),
(3313, 1955, 4, 1, 958, 2000, '2023-01-19', 1),
(3314, 1956, 24, 1, 425, 500, '2023-01-19', 1),
(3315, 1957, 4, 1, 958, 2000, '2023-01-19', 1),
(3316, 1958, 520, 1, 1800, 2000, '2023-01-19', 1),
(3317, 1958, 362, 1, 900, 1000, '2023-01-19', 1),
(3318, 1959, 35, 2, 900, 1000, '2023-01-19', 1),
(3319, 1960, 79, 1, 3958, 4500, '2023-01-19', 1),
(3320, 1961, 512, 2, 3120, 4000, '2023-01-19', 1),
(3321, 1962, 4, 1, 958, 2000, '2023-01-19', 1),
(3322, 1963, 4, 1, 958, 2000, '2023-01-19', 1),
(3323, 1964, 4, 1, 958, 2000, '2023-01-19', 1),
(3324, 1965, 80, 1, 3958, 5000, '2023-01-19', 1),
(3325, 1966, 310, 1, 3500, 4500, '2023-01-19', 1),
(3326, 1967, 4, 1, 958, 2000, '2023-01-19', 1),
(3327, 1975, 549, 1, 2412, 3000, '2023-01-19', 1),
(3328, 1976, 4, 1, 958, 2000, '2023-01-19', 1),
(3329, 1977, 93, 1, 2363, 3000, '2023-01-19', 1),
(3330, 1978, 310, 1, 3500, 4500, '2023-01-19', 1),
(3331, 1979, 310, 2, 7000, 9000, '2023-01-19', 1),
(3332, 1979, 31, 1, 1867, 2000, '2023-01-19', 1),
(3333, 1980, 23, 3, 5001, 6000, '2023-01-19', 1),
(3334, 1981, 561, 1, 450, 500, '2023-01-19', 1),
(3335, 1982, 549, 1, 2412, 3000, '2023-01-19', 1),
(3336, 1983, 318, 1, 4063, 5000, '2023-01-19', 1),
(3337, 1985, 549, 1, 2412, 3000, '2023-01-19', 1),
(3338, 1986, 296, 3, 6624, 9000, '2023-01-19', 1),
(3339, 1987, 310, 1, 3500, 4500, '2023-01-19', 1),
(3340, 1988, 486, 1, 2188, 3000, '2023-01-19', 1),
(3341, 1989, 310, 1, 3500, 4500, '2023-01-19', 1),
(3342, 1989, 4, 1, 958, 2000, '2023-01-19', 1),
(3343, 1990, 549, 1, 2412, 3000, '2023-01-19', 1),
(3344, 1991, 4, 1, 958, 2000, '2023-01-19', 1),
(3345, 1992, 4, 1, 958, 2000, '2023-01-19', 1),
(3346, 1993, 4, 1, 958, 2000, '2023-01-19', 1),
(3347, 1994, 104, 1, 4062, 5000, '2023-01-19', 1),
(3348, 1995, 462, 1, 900, 1000, '2023-01-19', 1),
(3349, 1996, 91, 1, 1550, 2000, '2023-01-19', 1),
(3350, 1997, 31, 2, 3734, 4000, '2023-01-19', 1),
(3351, 1997, 80, 1, 3958, 5000, '2023-01-19', 1),
(3352, 1997, 4, 1, 958, 2000, '2023-01-19', 1),
(3353, 1998, 484, 1, 2188, 3000, '2023-01-19', 1),
(3354, 1999, 318, 1, 4063, 5000, '2023-01-19', 1),
(3355, 2000, 104, 1, 4062, 5000, '2023-01-19', 1),
(3356, 2001, 549, 1, 2412, 3000, '2023-01-19', 1),
(3357, 2002, 16, 1, 1735, 2000, '2023-01-19', 1),
(3358, 2002, 43, 1, 800, 1000, '2023-01-19', 1),
(3359, 2003, 85, 1, 3958, 5000, '2023-01-19', 1),
(3360, 2004, 92, 1, 1550, 2000, '2023-01-19', 1),
(3361, 2005, 4, 1, 958, 2000, '2023-01-19', 1),
(3362, 2006, 18, 2, 1800, 2000, '2023-01-19', 1),
(3363, 2006, 318, 1, 4063, 5000, '2023-01-19', 1),
(3364, 2007, 373, 1, 812, 1000, '2023-01-19', 1),
(3365, 2008, 104, 1, 4062, 5000, '2023-01-19', 1),
(3366, 2009, 512, 1, 1560, 2000, '2023-01-19', 1),
(3367, 2010, 97, 1, 1913, 2500, '2023-01-19', 1),
(3368, 2011, 333, 1, 1854, 2500, '2023-01-19', 1),
(3369, 2012, 85, 1, 3958, 5000, '2023-01-19', 1),
(3370, 2013, 4, 1, 958, 2000, '2023-01-19', 1),
(3371, 2013, 87, 1, 900, 1500, '2023-01-19', 1),
(3372, 2014, 549, 3, 7236, 9000, '2023-01-19', 1),
(3373, 2015, 93, 1, 2363, 3000, '2023-01-19', 1),
(3374, 2016, 4, 2, 1916, 4000, '2023-01-19', 1),
(3375, 2017, 295, 1, 1583, 2500, '2023-01-19', 1),
(3376, 2018, 323, 1, 1750, 2500, '2023-01-19', 1),
(3377, 2018, 4, 1, 958, 2000, '2023-01-19', 1),
(3378, 2019, 38, 1, 1792, 2500, '2023-01-19', 1),
(3379, 2019, 43, 1, 800, 1000, '2023-01-19', 1),
(3380, 2019, 4, 1, 958, 2000, '2023-01-19', 1),
(3381, 2020, 16, 1, 1735, 2000, '2023-01-19', 1),
(3382, 2020, 4, 1, 958, 2000, '2023-01-19', 1),
(3383, 2021, 91, 1, 1550, 2000, '2023-01-19', 1),
(3384, 2022, 296, 2, 4416, 6000, '2023-01-19', 1),
(3385, 2023, 91, 2, 3100, 4000, '2023-01-19', 1),
(3386, 2023, 93, 1, 2363, 3000, '2023-01-19', 1),
(3387, 2024, 318, 1, 4063, 5000, '2023-01-19', 1),
(3388, 2025, 4, 1, 958, 2000, '2023-01-20', 1),
(3389, 2025, 331, 2, 10000, 12000, '2023-01-20', 1),
(3390, 2025, 38, 3, 5376, 7500, '2023-01-20', 1),
(3391, 2025, 87, 2, 1800, 3000, '2023-01-20', 1),
(3392, 2025, 462, 1, 900, 1000, '2023-01-20', 1),
(3393, 2026, 121, 1, 2100, 2500, '2023-01-20', 1),
(3394, 2026, 35, 1, 450, 500, '2023-01-20', 1),
(3395, 2027, 4, 2, 1916, 4000, '2023-01-20', 1),
(3396, 2027, 493, 1, 1791, 2000, '2023-01-20', 1),
(3397, 2027, 461, 1, 1750, 2000, '2023-01-20', 1),
(3398, 2027, 87, 2, 1800, 3000, '2023-01-20', 1),
(3399, 2028, 4, 1, 958, 2000, '2023-01-20', 1),
(3400, 2028, 493, 1, 1791, 2000, '2023-01-20', 1),
(3401, 2028, 87, 1, 900, 1500, '2023-01-20', 1),
(3402, 2028, 35, 1, 450, 500, '2023-01-20', 1),
(3403, 2029, 310, 4, 14000, 18000, '2023-01-20', 1),
(3404, 2029, 484, 2, 4376, 6000, '2023-01-20', 1),
(3405, 2029, 301, 1, 4167, 5000, '2023-01-20', 1),
(3406, 2030, 35, 2, 900, 1000, '2023-01-20', 1),
(3407, 2031, 93, 1, 2363, 3000, '2023-01-20', 1),
(3408, 2032, 93, 6, 14178, 18000, '2023-01-20', 1),
(3409, 2032, 341, 1, 1854, 2500, '2023-01-20', 1),
(3410, 2032, 493, 1, 1791, 2000, '2023-01-20', 1),
(3411, 2032, 514, 1, 875, 1000, '2023-01-20', 1),
(3412, 2032, 134, 4, 1152, 2000, '2023-01-20', 1),
(3413, 2033, 301, 1, 4167, 5000, '2023-01-20', 1),
(3414, 2034, 562, 4, 3280, 4000, '2023-01-20', 1),
(3415, 2035, 562, 2, 1640, 2000, '2023-01-20', 1),
(3416, 2037, 93, 3, 7089, 9000, '2023-01-20', 1),
(3417, 2040, 4, 2, 1916, 4000, '2023-01-20', 1),
(3418, 2042, 310, 2, 7000, 9000, '2023-01-20', 1),
(3419, 2042, 97, 1, 1913, 2500, '2023-01-20', 1),
(3420, 2042, 331, 1, 5000, 6000, '2023-01-20', 1),
(3421, 2042, 23, 1, 1667, 2000, '2023-01-20', 1),
(3422, 2043, 86, 1, 5334, 7000, '2023-01-20', 1),
(3423, 2043, 296, 1, 2208, 3000, '2023-01-20', 1),
(3424, 2044, 23, 1, 1667, 2000, '2023-01-20', 1),
(3425, 2044, 31, 1, 1800, 2000, '2023-01-20', 1),
(3426, 2047, 323, 1, 1792, 2500, '2023-01-20', 1),
(3427, 2048, 31, 2, 3600, 4000, '2023-01-20', 1),
(3428, 2048, 462, 1, 900, 1000, '2023-01-20', 1),
(3429, 2048, 4, 5, 4790, 10000, '2023-01-20', 1),
(3430, 2048, 134, 3, 864, 1500, '2023-01-20', 1),
(3431, 2048, 78, 2, 7750, 9000, '2023-01-20', 1),
(3432, 2048, 35, 3, 1350, 1500, '2023-01-20', 1),
(3433, 2048, 39, 1, 1780, 2000, '2023-01-20', 1),
(3434, 2048, 323, 2, 3584, 5000, '2023-01-20', 1),
(3435, 2048, 43, 3, 2400, 3000, '2023-01-20', 1),
(3436, 2048, 34, 2, 1680, 2000, '2023-01-20', 1),
(3437, 2049, 333, 1, 1854, 2500, '2023-01-20', 1),
(3438, 2050, 457, 1, 1709, 2000, '2023-01-20', 1),
(3439, 2074, 457, 1, 1709, 2000, '2023-01-20', 1),
(3440, 2074, 4, 2, 1916, 4000, '2023-01-20', 1),
(3441, 2074, 493, 1, 1791, 2000, '2023-01-20', 1),
(3442, 2074, 310, 2, 7000, 9000, '2023-01-20', 1),
(3443, 2074, 87, 1, 900, 1500, '2023-01-20', 1),
(3444, 2074, 565, 1, 1854, 2000, '2023-01-20', 1),
(3445, 2075, 549, 1, 2412, 3000, '2023-01-20', 1),
(3446, 2076, 34, 1, 840, 1000, '2023-01-20', 1),
(3447, 2076, 39, 1, 1780, 2000, '2023-01-20', 1),
(3448, 2076, 38, 1, 1792, 2500, '2023-01-20', 1),
(3449, 2078, 34, 2, 1680, 2000, '2023-01-20', 1),
(3450, 2079, 565, 6, 11124, 12000, '2023-01-20', 1),
(3451, 2080, 4, 10, 9580, 20000, '2023-01-20', 1),
(3452, 2080, 134, 6, 1728, 3000, '2023-01-20', 1),
(3453, 2080, 462, 1, 900, 1000, '2023-01-20', 1),
(3454, 2081, 493, 1, 1791, 2000, '2023-01-20', 1),
(3455, 2081, 38, 2, 3584, 5000, '2023-01-20', 1),
(3456, 2081, 39, 3, 5340, 6000, '2023-01-20', 1),
(3457, 2081, 34, 9, 7560, 9000, '2023-01-20', 1),
(3458, 2081, 121, 1, 2100, 2500, '2023-01-20', 1),
(3459, 2081, 82, 1, 2375, 3000, '2023-01-20', 1),
(3460, 2081, 31, 2, 3600, 4000, '2023-01-20', 1),
(3461, 2081, 81, 3, 7125, 9000, '2023-01-20', 1),
(3462, 2081, 83, 1, 2375, 3000, '2023-01-20', 1),
(3463, 2081, 16, 3, 5205, 6000, '2023-01-20', 1),
(3464, 2081, 49, 8, 1360, 2000, '2023-01-20', 1),
(3465, 2081, 501, 1, 1792, 2500, '2023-01-20', 1),
(3466, 2081, 323, 1, 1792, 2500, '2023-01-20', 1),
(3467, 2081, 87, 1, 900, 1500, '2023-01-20', 1),
(3468, 2081, 303, 1, 3500, 4500, '2023-01-20', 1),
(3469, 2081, 514, 1, 875, 1000, '2023-01-20', 1),
(3470, 2081, 563, 1, 2465, 3000, '2023-01-20', 1),
(3471, 2082, 474, 1, 3300, 4000, '2023-01-24', 1),
(3472, 2083, 4, 6, 5748, 12000, '2023-01-24', 1),
(3473, 2085, 78, 1, 3875, 4500, '2023-01-24', 1),
(3474, 2086, 4, 2, 1916, 4000, '2023-01-24', 1),
(3475, 2087, 4, 5, 4790, 10000, '2023-01-24', 1),
(3476, 2089, 310, 1, 3500, 4500, '2023-01-24', 1),
(3477, 2089, 4, 1, 958, 2000, '2023-01-24', 1),
(3478, 2090, 4, 2, 1916, 4000, '2023-01-24', 1),
(3479, 2091, 4, 1, 958, 2000, '2023-01-24', 1),
(3480, 2092, 134, 2, 576, 1000, '2023-01-24', 1),
(3481, 2094, 4, 2, 1916, 4000, '2023-01-24', 1),
(3482, 2095, 4, 2, 1916, 4000, '2023-01-24', 1),
(3483, 2096, 31, 2, 3600, 4000, '2023-01-24', 1),
(3484, 2097, 134, 2, 576, 1000, '2023-01-24', 1),
(3485, 2098, 104, 1, 4062, 5000, '2023-01-24', 1),
(3486, 2099, 4, 1, 958, 2000, '2023-01-24', 1),
(3487, 2099, 134, 4, 1152, 2000, '2023-01-24', 1),
(3488, 2099, 34, 2, 1680, 2000, '2023-01-24', 1),
(3489, 2100, 4, 1, 958, 2000, '2023-01-24', 1),
(3490, 2101, 474, 1, 3300, 4000, '2023-01-24', 1),
(3491, 2102, 4, 1, 958, 2000, '2023-01-24', 1),
(3492, 2104, 4, 1, 958, 2000, '2023-01-24', 1),
(3493, 2105, 134, 2, 576, 1000, '2023-01-24', 1),
(3494, 2106, 83, 1, 2375, 3000, '2023-01-24', 1),
(3495, 2107, 43, 3, 2400, 3000, '2023-01-24', 1),
(3496, 2107, 564, 1, 1800, 2000, '2023-01-24', 1),
(3497, 2107, 4, 1, 958, 2000, '2023-01-24', 1),
(3498, 2108, 344, 1, 3500, 4500, '2023-01-24', 1),
(3499, 2108, 4, 1, 958, 2000, '2023-01-24', 1),
(3500, 2108, 34, 2, 1680, 2000, '2023-01-24', 1),
(3501, 2108, 560, 1, 1792, 2500, '2023-01-24', 1),
(3502, 2109, 4, 1, 958, 2000, '2023-01-24', 1),
(3503, 2109, 134, 1, 288, 500, '2023-01-24', 1),
(3504, 2110, 4, 2, 1916, 4000, '2023-01-24', 1),
(3505, 2110, 508, 2, 880, 1000, '2023-01-24', 1),
(3506, 2111, 303, 1, 3500, 4500, '2023-01-24', 1),
(3507, 2112, 4, 1, 958, 2000, '2023-01-24', 1),
(3508, 2113, 525, 2, 1100, 2000, '2023-01-24', 1),
(3509, 2114, 302, 1, 3500, 4500, '2023-01-24', 1),
(3510, 2114, 81, 1, 2375, 3000, '2023-01-24', 1),
(3511, 2114, 466, 1, 5334, 7000, '2023-01-24', 1),
(3512, 2114, 78, 1, 3875, 4500, '2023-01-24', 1),
(3513, 2114, 341, 1, 1854, 2500, '2023-01-24', 1),
(3514, 2114, 91, 1, 1550, 2000, '2023-01-24', 1),
(3515, 2114, 4, 3, 2874, 6000, '2023-01-24', 1),
(3516, 2114, 87, 1, 900, 1500, '2023-01-24', 1),
(3517, 2114, 82, 1, 2375, 3000, '2023-01-24', 1),
(3518, 2115, 81, 1, 2375, 3000, '2023-01-24', 1),
(3519, 2115, 323, 1, 1792, 2500, '2023-01-24', 1),
(3520, 2115, 19, 1, 1750, 2000, '2023-01-24', 1),
(3521, 2115, 80, 1, 3958, 5000, '2023-01-24', 1),
(3522, 2115, 4, 3, 2874, 6000, '2023-01-24', 1),
(3523, 2115, 310, 1, 3500, 4500, '2023-01-24', 1),
(3524, 2115, 512, 1, 1560, 2000, '2023-01-24', 1),
(3525, 2115, 21, 1, 1750, 2000, '2023-01-24', 1),
(3526, 2115, 563, 1, 1735, 2000, '2023-01-24', 1),
(3527, 2116, 310, 1, 3500, 4500, '2023-01-24', 1),
(3528, 2117, 82, 1, 2375, 3000, '2023-01-24', 1),
(3529, 2118, 93, 2, 4726, 6000, '2023-01-24', 1),
(3530, 2118, 549, 1, 2412, 3000, '2023-01-24', 1),
(3531, 2118, 310, 2, 7000, 9000, '2023-01-24', 1),
(3532, 2118, 566, 2, 1624, 2000, '2023-01-24', 1),
(3533, 2118, 4, 3, 2874, 6000, '2023-01-24', 1),
(3534, 2119, 295, 3, 4749, 7500, '2023-01-24', 1),
(3535, 2120, 16, 1, 1735, 2000, '2023-01-24', 1),
(3536, 2120, 560, 1, 1792, 2500, '2023-01-24', 1),
(3537, 2120, 36, 2, 900, 1000, '2023-01-24', 1),
(3538, 2120, 97, 1, 1913, 2500, '2023-01-24', 1),
(3539, 2120, 484, 1, 2188, 3000, '2023-01-24', 1),
(3540, 2120, 24, 2, 850, 1000, '2023-01-24', 1),
(3541, 2120, 87, 1, 900, 1500, '2023-01-24', 1),
(3542, 2121, 4, 1, 958, 2000, '2023-01-24', 1),
(3543, 2122, 4, 1, 958, 2000, '2023-01-24', 1),
(3544, 2123, 16, 2, 3470, 4000, '2023-01-24', 1),
(3545, 2123, 134, 2, 576, 1000, '2023-01-24', 1),
(3546, 2124, 4, 1, 958, 2000, '2023-01-24', 1),
(3547, 2124, 549, 1, 2412, 3000, '2023-01-24', 1),
(3548, 2125, 93, 1, 2363, 3000, '2023-01-24', 1),
(3549, 2125, 104, 1, 4062, 5000, '2023-01-24', 1),
(3550, 2125, 310, 1, 3500, 4500, '2023-01-24', 1),
(3551, 2125, 4, 1, 958, 2000, '2023-01-24', 1),
(3552, 2126, 36, 3, 1350, 1500, '2023-01-24', 1),
(3553, 2127, 39, 1, 1780, 2000, '2023-01-24', 1),
(3554, 2127, 503, 1, 812, 1000, '2023-01-24', 1),
(3555, 2128, 4, 2, 1916, 4000, '2023-01-24', 1),
(3556, 2129, 78, 1, 3875, 4500, '2023-01-24', 1),
(3557, 2129, 16, 1, 1735, 2000, '2023-01-24', 1),
(3558, 2129, 120, 2, 3666, 4000, '2023-01-24', 1),
(3559, 2130, 81, 1, 2375, 3000, '2023-01-24', 1),
(3560, 2130, 4, 1, 958, 2000, '2023-01-24', 1),
(3561, 2130, 452, 1, 900, 1000, '2023-01-24', 1),
(3562, 2130, 33, 1, 875, 1000, '2023-01-24', 1),
(3563, 2131, 4, 1, 958, 2000, '2023-01-24', 1),
(3564, 2132, 4, 1, 958, 2000, '2023-01-24', 1),
(3565, 2133, 549, 1, 2412, 3000, '2023-01-24', 1),
(3566, 2134, 85, 1, 3958, 5000, '2023-01-24', 1),
(3567, 2134, 91, 2, 3100, 4000, '2023-01-24', 1),
(3568, 2134, 318, 1, 4063, 5000, '2023-01-24', 1),
(3569, 2134, 104, 1, 4062, 5000, '2023-01-24', 1),
(3570, 2134, 134, 4, 1152, 2000, '2023-01-24', 1),
(3571, 2135, 134, 2, 576, 1000, '2023-01-24', 1),
(3572, 2135, 514, 1, 875, 1000, '2023-01-24', 1),
(3573, 2135, 549, 1, 2412, 3000, '2023-01-24', 1),
(3574, 2135, 21, 1, 1750, 2000, '2023-01-24', 1),
(3575, 2135, 104, 2, 8124, 10000, '2023-01-24', 1),
(3576, 2135, 81, 1, 2375, 3000, '2023-01-24', 1),
(3577, 2135, 80, 2, 7916, 10000, '2023-01-24', 1),
(3578, 2135, 88, 1, 813, 1000, '2023-01-24', 1),
(3579, 2135, 562, 12, 9840, 12000, '2023-01-24', 1),
(3580, 2135, 83, 1, 2375, 3000, '2023-01-24', 1),
(3581, 2135, 524, 1, 550, 1000, '2023-01-24', 1),
(3582, 2135, 91, 1, 1550, 2000, '2023-01-24', 1),
(3583, 2135, 26, 1, 440, 500, '2023-01-24', 1),
(3584, 2135, 78, 1, 3875, 4500, '2023-01-24', 1),
(3585, 2135, 16, 1, 1735, 2000, '2023-01-24', 1),
(3586, 2135, 512, 1, 1560, 2000, '2023-01-24', 1),
(3587, 2136, 23, 1, 1667, 2000, '2023-01-24', 1),
(3588, 2136, 92, 1, 1550, 2000, '2023-01-24', 1),
(3589, 2137, 344, 1, 3500, 4500, '2023-01-24', 1),
(3590, 2137, 4, 2, 1916, 4000, '2023-01-24', 1),
(3591, 2137, 562, 1, 820, 1000, '2023-01-24', 1),
(3592, 2137, 134, 1, 288, 500, '2023-01-24', 1),
(3593, 2138, 562, 2, 1640, 2000, '2023-01-24', 1),
(3594, 2139, 323, 1, 1792, 2500, '2023-01-24', 1),
(3595, 2139, 120, 1, 1833, 2000, '2023-01-24', 1),
(3596, 2139, 514, 2, 1750, 2000, '2023-01-24', 1),
(3597, 2139, 16, 1, 1735, 2000, '2023-01-24', 1),
(3598, 2139, 310, 1, 3500, 4500, '2023-01-24', 1),
(3599, 2139, 134, 2, 576, 1000, '2023-01-24', 1),
(3600, 2139, 85, 1, 3958, 5000, '2023-01-24', 1),
(3601, 2139, 486, 1, 2188, 3000, '2023-01-24', 1),
(3602, 2139, 491, 1, 1666, 2000, '2023-01-24', 1),
(3603, 2139, 80, 1, 3958, 5000, '2023-01-24', 1),
(3604, 2140, 563, 1, 1735, 2000, '2023-01-24', 1),
(3605, 2140, 457, 1, 1709, 2000, '2023-01-24', 1),
(3606, 2140, 4, 1, 958, 2000, '2023-01-24', 1),
(3607, 2140, 492, 1, 1590, 2000, '2023-01-24', 1),
(3608, 2141, 4, 5, 4790, 10000, '2023-01-24', 1),
(3609, 2142, 299, 1, 3500, 4500, '2023-01-24', 1),
(3610, 2142, 97, 1, 1913, 2500, '2023-01-24', 1),
(3611, 2143, 91, 2, 3100, 4000, '2023-01-24', 1),
(3612, 2144, 310, 1, 3500, 4500, '2023-01-24', 1),
(3613, 2144, 508, 1, 440, 500, '2023-01-24', 1),
(3614, 2145, 4, 1, 958, 2000, '2023-01-24', 1),
(3615, 2146, 33, 1, 875, 1000, '2023-01-24', 1),
(3616, 2146, 23, 1, 1667, 2000, '2023-01-24', 1),
(3617, 2147, 562, 2, 1640, 2000, '2023-01-24', 1),
(3618, 2148, 97, 1, 1913, 2500, '2023-01-24', 1),
(3619, 2149, 562, 3, 2460, 3000, '2023-01-24', 1),
(3620, 2150, 134, 4, 1152, 2000, '2023-01-24', 1),
(3621, 2151, 83, 2, 4750, 6000, '2023-01-24', 1),
(3622, 2153, 4, 2, 1916, 4000, '2023-01-24', 1),
(3623, 2154, 134, 2, 576, 1000, '2023-01-24', 1),
(3624, 2155, 474, 1, 3300, 4000, '2023-01-25', 1),
(3625, 2156, 134, 1, 288, 500, '2023-01-25', 1),
(3626, 2156, 4, 3, 2874, 6000, '2023-01-25', 1),
(3627, 2157, 4, 2, 1916, 4000, '2023-01-25', 1),
(3628, 2158, 134, 4, 1152, 2000, '2023-01-25', 1),
(3629, 2159, 494, 1, 1600, 2000, '2023-01-25', 1),
(3630, 2159, 4, 1, 958, 2000, '2023-01-25', 1),
(3631, 2160, 4, 1, 958, 2000, '2023-01-25', 1),
(3632, 2160, 553, 1, 821, 1000, '2023-01-25', 1),
(3633, 2160, 134, 4, 1152, 2000, '2023-01-25', 1),
(3634, 2161, 78, 1, 3875, 4500, '2023-01-25', 1),
(3635, 2162, 4, 1, 958, 2000, '2023-01-25', 1),
(3636, 2163, 80, 1, 3958, 5000, '2023-01-25', 1),
(3637, 2164, 4, 1, 958, 2000, '2023-01-25', 1),
(3638, 2164, 310, 1, 3500, 4500, '2023-01-25', 1),
(3639, 2165, 4, 2, 1916, 4000, '2023-01-25', 1),
(3640, 2165, 43, 1, 800, 1000, '2023-01-25', 1),
(3641, 2166, 4, 2, 1916, 4000, '2023-01-25', 1),
(3642, 2166, 43, 1, 800, 1000, '2023-01-25', 1),
(3643, 2167, 310, 2, 7000, 9000, '2023-01-25', 1),
(3644, 2167, 333, 1, 1854, 2500, '2023-01-25', 1),
(3645, 2167, 43, 1, 800, 1000, '2023-01-25', 1),
(3646, 2168, 565, 3, 5250, 6000, '2023-01-25', 1),
(3647, 2168, 493, 1, 1791, 2000, '2023-01-25', 1),
(3648, 2168, 43, 1, 800, 1000, '2023-01-25', 1),
(3649, 2168, 323, 2, 3584, 5000, '2023-01-25', 1),
(3650, 2168, 452, 1, 900, 1000, '2023-01-25', 1),
(3651, 2168, 4, 1, 958, 2000, '2023-01-25', 1),
(3652, 2169, 310, 3, 10500, 13500, '2023-01-25', 1),
(3653, 2169, 49, 2, 340, 500, '2023-01-25', 1),
(3654, 2169, 79, 2, 7916, 9000, '2023-01-25', 1),
(3655, 2170, 310, 2, 7000, 9000, '2023-01-25', 1),
(3656, 2170, 45, 1, 812, 1000, '2023-01-25', 1),
(3657, 2171, 134, 1, 288, 500, '2023-01-25', 1),
(3658, 2172, 4, 4, 3832, 8000, '2023-01-25', 1),
(3659, 2172, 296, 3, 6624, 9000, '2023-01-25', 1),
(3660, 2172, 43, 3, 2400, 3000, '2023-01-25', 1),
(3661, 2173, 404, 3, 7875, 10500, '2023-01-25', 1),
(3662, 2173, 514, 2, 1750, 2000, '2023-01-25', 1),
(3663, 2173, 49, 2, 340, 500, '2023-01-25', 1),
(3664, 2173, 4, 2, 1916, 4000, '2023-01-25', 1),
(3665, 2173, 565, 2, 3500, 4000, '2023-01-25', 1),
(3666, 2173, 553, 1, 821, 1000, '2023-01-25', 1),
(3667, 2174, 494, 1, 1600, 2000, '2023-01-25', 1),
(3668, 2174, 93, 1, 2363, 3000, '2023-01-25', 1),
(3669, 2175, 333, 1, 1854, 2500, '2023-01-25', 1),
(3670, 2176, 4, 1, 958, 2000, '2023-01-25', 1),
(3671, 2177, 4, 5, 4790, 10000, '2023-01-25', 1),
(3672, 2177, 230, 2, 1626, 2000, '2023-01-25', 1),
(3673, 2178, 4, 1, 958, 2000, '2023-01-25', 1),
(3674, 2179, 4, 3, 2874, 6000, '2023-01-25', 1),
(3675, 2180, 80, 1, 3958, 5000, '2023-01-25', 1),
(3676, 2181, 4, 7, 6706, 14000, '2023-01-25', 1),
(3677, 2181, 310, 1, 3500, 4500, '2023-01-25', 1),
(3678, 2181, 565, 1, 1750, 2000, '2023-01-25', 1),
(3679, 2181, 43, 3, 2400, 3000, '2023-01-25', 1),
(3680, 2181, 493, 1, 1791, 2000, '2023-01-25', 1),
(3681, 2181, 91, 1, 1550, 2000, '2023-01-25', 1),
(3682, 2181, 16, 3, 5205, 6000, '2023-01-25', 1),
(3683, 2181, 87, 1, 900, 1500, '2023-01-25', 1),
(3684, 2181, 508, 1, 440, 500, '2023-01-25', 1),
(3685, 2181, 82, 1, 2375, 3000, '2023-01-25', 1),
(3686, 2181, 553, 2, 1642, 2000, '2023-01-25', 1),
(3687, 2181, 78, 1, 3875, 4500, '2023-01-25', 1),
(3688, 2181, 443, 2, 1800, 2000, '2023-01-25', 1),
(3689, 2181, 81, 1, 2375, 3000, '2023-01-25', 1),
(3690, 2183, 134, 1, 288, 500, '2023-01-25', 1),
(3691, 2183, 81, 1, 2375, 3000, '2023-01-25', 1),
(3692, 2183, 453, 1, 900, 1000, '2023-01-25', 1),
(3693, 2183, 150, 1, 1550, 2000, '2023-01-25', 1),
(3694, 2184, 553, 2, 1642, 2000, '2023-01-25', 1),
(3695, 2185, 341, 1, 1854, 2500, '2023-01-25', 1),
(3696, 2186, 553, 5, 4105, 5000, '2023-01-25', 1),
(3697, 2187, 553, 3, 2463, 3000, '2023-01-25', 1),
(3698, 2187, 333, 1, 1854, 2500, '2023-01-25', 1),
(3699, 2187, 16, 2, 3470, 4000, '2023-01-25', 1),
(3700, 2187, 493, 1, 1791, 2000, '2023-01-25', 1),
(3701, 2187, 4, 1, 958, 2000, '2023-01-25', 1),
(3702, 2187, 134, 2, 576, 1000, '2023-01-25', 1),
(3703, 2188, 4, 10, 9580, 20000, '2023-01-25', 1),
(3704, 2188, 493, 3, 5373, 6000, '2023-01-25', 1),
(3705, 2189, 49, 4, 680, 1000, '2023-01-25', 1),
(3706, 2189, 296, 3, 6624, 9000, '2023-01-25', 1),
(3707, 2189, 462, 1, 900, 1000, '2023-01-25', 1),
(3708, 2189, 23, 1, 1667, 2000, '2023-01-25', 1),
(3709, 2190, 561, 3, 1350, 1500, '2023-01-25', 1),
(3710, 2190, 565, 1, 1750, 2000, '2023-01-25', 1),
(3711, 2190, 514, 1, 875, 1000, '2023-01-25', 1),
(3712, 2190, 87, 1, 900, 1500, '2023-01-25', 1),
(3713, 2191, 403, 1, 2188, 3000, '2023-01-25', 1),
(3714, 2191, 296, 1, 2208, 3000, '2023-01-25', 1),
(3715, 2192, 134, 2, 576, 1000, '2023-01-25', 1),
(3716, 2193, 4, 1, 958, 2000, '2023-01-25', 1),
(3717, 2194, 553, 4, 3284, 4000, '2023-01-25', 1),
(3718, 2194, 466, 1, 5334, 7000, '2023-01-25', 1),
(3719, 2195, 4, 1, 958, 2000, '2023-01-25', 1),
(3720, 2195, 16, 1, 1735, 2000, '2023-01-25', 1),
(3721, 2195, 36, 2, 900, 1000, '2023-01-25', 1),
(3722, 2196, 134, 2, 576, 1000, '2023-01-25', 1),
(3723, 2197, 97, 1, 1913, 2500, '2023-01-25', 1),
(3724, 2197, 93, 1, 2363, 3000, '2023-01-25', 1),
(3725, 2197, 36, 1, 450, 500, '2023-01-25', 1),
(3726, 2198, 134, 2, 576, 1000, '2023-01-25', 1),
(3727, 2199, 443, 1, 900, 1000, '2023-01-25', 1),
(3728, 2200, 570, 1, 4500, 5000, '2023-01-25', 1),
(3729, 2201, 493, 1, 1791, 2000, '2023-01-25', 1),
(3730, 2201, 492, 1, 1590, 2000, '2023-01-25', 1),
(3731, 2201, 514, 1, 875, 1000, '2023-01-25', 1),
(3732, 2201, 333, 2, 3708, 5000, '2023-01-25', 1),
(3733, 2201, 502, 1, 1750, 2000, '2023-01-25', 1),
(3734, 2201, 484, 1, 2188, 3000, '2023-01-25', 1),
(3735, 2201, 344, 1, 3500, 4500, '2023-01-25', 1),
(3736, 2201, 569, 1, 4500, 5000, '2023-01-25', 1),
(3737, 2202, 310, 1, 3500, 4500, '2023-01-25', 1),
(3738, 2202, 302, 1, 3500, 4500, '2023-01-25', 1),
(3739, 2203, 36, 4, 1800, 2000, '2023-01-25', 1),
(3740, 2203, 565, 1, 1750, 2000, '2023-01-25', 1),
(3741, 2203, 560, 1, 1792, 2500, '2023-01-25', 1),
(3742, 2204, 333, 1, 1854, 2500, '2023-01-25', 1),
(3743, 2204, 549, 1, 2412, 3000, '2023-01-25', 1),
(3744, 2205, 92, 1, 1550, 2000, '2023-01-25', 1),
(3745, 2206, 333, 3, 5562, 7500, '2023-01-25', 1),
(3746, 2206, 549, 1, 2412, 3000, '2023-01-25', 1),
(3747, 2206, 318, 3, 12189, 15000, '2023-01-25', 1),
(3748, 2206, 49, 2, 340, 500, '2023-01-25', 1),
(3749, 2207, 341, 1, 1854, 2500, '2023-01-25', 1),
(3750, 2207, 134, 2, 576, 1000, '2023-01-25', 1),
(3751, 2207, 563, 1, 1735, 2000, '2023-01-25', 1),
(3752, 2207, 493, 1, 1791, 2000, '2023-01-25', 1),
(3753, 2208, 21, 1, 1750, 2000, '2023-01-25', 1),
(3754, 2209, 78, 1, 3875, 4500, '2023-01-25', 1),
(3755, 2209, 318, 1, 4063, 5000, '2023-01-25', 1),
(3756, 2210, 553, 2, 1642, 2000, '2023-01-25', 1),
(3757, 2211, 512, 1, 1560, 2000, '2023-01-25', 1),
(3758, 2212, 93, 2, 4726, 6000, '2023-01-25', 1),
(3759, 2214, 512, 1, 1560, 2000, '2023-01-25', 1),
(3760, 2214, 553, 2, 1642, 2000, '2023-01-25', 1),
(3761, 2215, 81, 1, 2375, 3000, '2023-01-25', 1),
(3762, 2215, 79, 1, 3958, 4500, '2023-01-25', 1),
(3763, 2215, 553, 1, 821, 1000, '2023-01-25', 1),
(3764, 2216, 4, 3, 2874, 6000, '2023-01-25', 1),
(3765, 2216, 553, 1, 821, 1000, '2023-01-25', 1),
(3766, 2216, 566, 1, 812, 1000, '2023-01-25', 1),
(3767, 2216, 81, 1, 2375, 3000, '2023-01-25', 1),
(3768, 2217, 39, 2, 3560, 4000, '2023-01-25', 1),
(3769, 2218, 553, 3, 2463, 3000, '2023-01-25', 1),
(3770, 2219, 494, 1, 1600, 2000, '2023-01-25', 1),
(3771, 2219, 333, 1, 1854, 2500, '2023-01-25', 1),
(3772, 2219, 561, 1, 450, 500, '2023-01-25', 1),
(3773, 2219, 4, 1, 958, 2000, '2023-01-25', 1),
(3774, 2220, 553, 2, 1642, 2000, '2023-01-25', 1),
(3775, 2221, 549, 1, 2412, 3000, '2023-01-25', 1),
(3776, 2222, 4, 1, 958, 2000, '2023-01-25', 1),
(3777, 2222, 493, 1, 1791, 2000, '2023-01-25', 1),
(3778, 2222, 566, 1, 812, 1000, '2023-01-25', 1),
(3779, 2223, 134, 2, 576, 1000, '2023-01-25', 1),
(3780, 2224, 49, 8, 1360, 2000, '2023-01-25', 1),
(3781, 2225, 134, 2, 576, 1000, '2023-01-25', 1),
(3782, 2226, 134, 4, 1152, 2000, '2023-01-25', 1),
(3783, 2226, 553, 2, 1642, 2000, '2023-01-25', 1),
(3784, 2226, 45, 1, 812, 1000, '2023-01-25', 1),
(3785, 2227, 134, 2, 576, 1000, '2023-01-25', 1),
(3786, 2228, 493, 1, 1791, 2000, '2023-01-25', 1),
(3787, 2230, 4, 1, 958, 2000, '2023-01-25', 1),
(3788, 2231, 134, 2, 576, 1000, '2023-01-25', 1),
(3789, 2232, 4, 2, 1916, 4000, '2023-01-25', 1),
(3790, 2232, 341, 1, 1854, 2500, '2023-01-25', 1),
(3791, 2233, 362, 1, 900, 1000, '2023-01-25', 1),
(3792, 2233, 24, 2, 850, 1000, '2023-01-25', 1),
(3793, 2233, 321, 2, 260, 500, '2023-01-25', 1),
(3794, 2233, 26, 2, 880, 1000, '2023-01-25', 1),
(3795, 2234, 4, 1, 958, 2000, '2023-01-25', 1),
(3796, 2235, 553, 2, 1642, 2000, '2023-01-25', 1),
(3797, 2236, 466, 1, 5334, 7000, '2023-01-25', 1),
(3798, 2237, 553, 2, 1642, 2000, '2023-01-25', 1),
(3799, 2238, 295, 1, 1583, 2500, '2023-01-25', 1),
(3800, 2238, 520, 1, 1800, 2000, '2023-01-25', 1),
(3801, 2238, 36, 1, 450, 500, '2023-01-25', 1),
(3802, 2239, 333, 1, 1854, 2500, '2023-01-25', 1),
(3803, 2240, 4, 1, 958, 2000, '2023-01-25', 1),
(3804, 2241, 4, 1, 958, 2000, '2023-01-26', 1),
(3805, 2242, 562, 1, 825, 1000, '2023-01-26', 1),
(3806, 2243, 562, 1, 825, 1000, '2023-01-26', 1),
(3807, 2244, 31, 1, 1800, 2000, '2023-01-26', 1),
(3808, 2245, 321, 3, 390, 750, '2023-01-26', 1),
(3809, 2246, 562, 1, 825, 1000, '2023-01-26', 1),
(3810, 2247, 4, 1, 958, 2000, '2023-01-26', 1),
(3811, 2248, 4, 2, 1916, 4000, '2023-01-26', 1),
(3812, 2249, 474, 1, 3300, 4000, '2023-01-26', 1),
(3813, 2250, 4, 1, 958, 2000, '2023-01-26', 1),
(3814, 2251, 562, 1, 825, 1000, '2023-01-26', 1),
(3815, 2252, 4, 2, 1916, 4000, '2023-01-26', 1),
(3816, 2252, 16, 1, 1735, 2000, '2023-01-26', 1),
(3817, 2253, 4, 1, 958, 2000, '2023-01-26', 1),
(3818, 2254, 466, 1, 5334, 7000, '2023-01-26', 1),
(3819, 2255, 478, 2, 7000, 9000, '2023-01-26', 1),
(3820, 2256, 4, 1, 958, 2000, '2023-01-26', 1),
(3821, 2257, 16, 3, 5205, 6000, '2023-01-26', 1),
(3822, 2258, 571, 1, 4500, 5000, '2023-01-26', 1),
(3823, 2260, 4, 1, 958, 2000, '2023-01-26', 1),
(3824, 2260, 514, 1, 875, 1000, '2023-01-26', 1),
(3825, 2261, 296, 1, 2208, 3000, '2023-01-26', 1),
(3826, 2262, 562, 1, 825, 1000, '2023-01-26', 1),
(3827, 2263, 318, 1, 4063, 5000, '2023-01-26', 1),
(3828, 2263, 78, 1, 3875, 4500, '2023-01-26', 1),
(3829, 2264, 512, 1, 1560, 2000, '2023-01-26', 1),
(3830, 2264, 82, 1, 2375, 3000, '2023-01-26', 1),
(3831, 2264, 310, 2, 7000, 9000, '2023-01-26', 1),
(3832, 2264, 4, 3, 2874, 6000, '2023-01-26', 1),
(3833, 2265, 310, 1, 3500, 4500, '2023-01-26', 1),
(3834, 2265, 4, 1, 958, 2000, '2023-01-26', 1),
(3835, 2266, 478, 1, 3500, 4500, '2023-01-26', 1),
(3836, 2266, 87, 1, 900, 1500, '2023-01-26', 1),
(3837, 2267, 493, 1, 1791, 2000, '2023-01-26', 1),
(3838, 2267, 4, 1, 958, 2000, '2023-01-26', 1),
(3839, 2268, 4, 1, 958, 2000, '2023-01-26', 1),
(3840, 2269, 502, 1, 1750, 2000, '2023-01-26', 1),
(3841, 2271, 514, 3, 2625, 3000, '2023-01-26', 1),
(3842, 2273, 318, 2, 8126, 10000, '2023-01-26', 1),
(3843, 2273, 87, 1, 900, 1500, '2023-01-26', 1),
(3844, 2273, 4, 1, 958, 2000, '2023-01-26', 1),
(3845, 2274, 453, 2, 1800, 2000, '2023-01-26', 1),
(3846, 2275, 514, 1, 875, 1000, '2023-01-26', 1),
(3847, 2276, 295, 1, 1583, 2500, '2023-01-26', 1),
(3848, 2278, 453, 1, 900, 1000, '2023-01-26', 1),
(3849, 2278, 502, 1, 1750, 2000, '2023-01-26', 1),
(3850, 2278, 565, 1, 1750, 2000, '2023-01-26', 1),
(3851, 2278, 564, 2, 3600, 4000, '2023-01-26', 1),
(3852, 2279, 4, 2, 1916, 4000, '2023-01-26', 1),
(3853, 2279, 21, 1, 1750, 2000, '2023-01-26', 1),
(3854, 2279, 318, 1, 4063, 5000, '2023-01-26', 1),
(3855, 2280, 70, 2, 1100, 2000, '2023-01-26', 1),
(3856, 2281, 38, 1, 1792, 2500, '2023-01-26', 1),
(3857, 2282, 562, 1, 825, 1000, '2023-01-26', 1),
(3858, 2283, 26, 1, 440, 500, '2023-01-26', 1),
(3859, 2284, 562, 1, 825, 1000, '2023-01-26', 1),
(3860, 2285, 310, 1, 3500, 4500, '2023-01-26', 1),
(3861, 2289, 38, 1, 1792, 2500, '2023-01-26', 1),
(3862, 2289, 33, 3, 2625, 3000, '2023-01-26', 1),
(3863, 2289, 39, 1, 1780, 2000, '2023-01-26', 1),
(3864, 2289, 514, 1, 875, 1000, '2023-01-26', 1),
(3865, 2289, 35, 2, 900, 1000, '2023-01-26', 1),
(3866, 2291, 16, 1, 1735, 2000, '2023-01-26', 1),
(3867, 2291, 493, 1, 1791, 2000, '2023-01-26', 1),
(3868, 2291, 494, 1, 1600, 2000, '2023-01-26', 1),
(3869, 2292, 494, 2, 3200, 4000, '2023-01-26', 1),
(3870, 2293, 502, 1, 1750, 2000, '2023-01-26', 1),
(3871, 2293, 38, 1, 1792, 2500, '2023-01-26', 1),
(3872, 2293, 571, 1, 4500, 5000, '2023-01-26', 1),
(3873, 2293, 87, 1, 900, 1500, '2023-01-26', 1),
(3874, 2294, 4, 1, 958, 2000, '2023-01-26', 1),
(3875, 2295, 4, 1, 958, 2000, '2023-01-26', 1),
(3876, 2296, 525, 2, 1100, 2000, '2023-01-26', 1),
(3877, 2296, 87, 2, 1800, 3000, '2023-01-26', 1),
(3878, 2297, 310, 1, 3500, 4500, '2023-01-26', 1),
(3879, 2297, 4, 2, 1916, 4000, '2023-01-26', 1),
(3880, 2299, 508, 2, 880, 1000, '2023-01-26', 1),
(3881, 2299, 24, 2, 850, 1000, '2023-01-26', 1),
(3882, 2300, 562, 1, 825, 1000, '2023-01-26', 1),
(3883, 2301, 96, 1, 1912, 2500, '2023-01-26', 1),
(3884, 2301, 33, 1, 875, 1000, '2023-01-26', 1),
(3885, 2301, 561, 1, 450, 500, '2023-01-26', 1),
(3886, 2302, 16, 1, 1735, 2000, '2023-01-26', 1),
(3887, 2302, 502, 1, 1750, 2000, '2023-01-26', 1),
(3888, 2303, 302, 1, 3500, 4500, '2023-01-26', 1),
(3889, 2303, 78, 1, 3875, 4500, '2023-01-26', 1),
(3890, 2304, 318, 2, 8126, 10000, '2023-01-26', 1),
(3891, 2304, 104, 1, 4062, 5000, '2023-01-26', 1),
(3892, 2305, 295, 1, 1583, 2500, '2023-01-26', 1),
(3893, 2305, 341, 1, 1854, 2500, '2023-01-26', 1),
(3894, 2305, 16, 1, 1735, 2000, '2023-01-26', 1),
(3895, 2306, 104, 1, 4062, 5000, '2023-01-26', 1),
(3896, 2307, 341, 1, 1854, 2500, '2023-01-26', 1),
(3897, 2308, 493, 1, 1791, 2000, '2023-01-26', 1),
(3898, 2309, 38, 1, 1792, 2500, '2023-01-26', 1),
(3899, 2309, 341, 1, 1854, 2500, '2023-01-26', 1),
(3900, 2309, 503, 1, 812, 1000, '2023-01-26', 1),
(3901, 2309, 33, 1, 875, 1000, '2023-01-26', 1),
(3902, 2309, 562, 1, 825, 1000, '2023-01-26', 1),
(3903, 2310, 514, 1, 875, 1000, '2023-01-26', 1),
(3904, 2311, 562, 1, 825, 1000, '2023-01-26', 1),
(3905, 2312, 562, 1, 825, 1000, '2023-01-26', 1),
(3906, 2312, 493, 1, 1791, 2000, '2023-01-26', 1),
(3907, 2313, 302, 1, 3500, 4500, '2023-01-26', 1),
(3908, 2313, 81, 2, 4750, 6000, '2023-01-26', 1),
(3909, 2314, 562, 3, 2475, 3000, '2023-01-26', 1),
(3910, 2315, 80, 1, 3958, 5000, '2023-01-26', 1),
(3911, 2317, 562, 1, 825, 1000, '2023-01-26', 1),
(3912, 2318, 104, 1, 4062, 5000, '2023-01-26', 1),
(3913, 2319, 104, 1, 4062, 5000, '2023-01-26', 1),
(3914, 2320, 33, 5, 4375, 5000, '2023-01-26', 1),
(3915, 2321, 310, 1, 3500, 4500, '2023-01-26', 1),
(3916, 2322, 562, 1, 825, 1000, '2023-01-26', 1),
(3917, 2323, 16, 1, 1735, 2000, '2023-01-26', 1),
(3918, 2323, 43, 2, 1600, 2000, '2023-01-26', 1),
(3919, 2324, 508, 2, 880, 1000, '2023-01-26', 1),
(3920, 2324, 43, 2, 1600, 2000, '2023-01-26', 1),
(3921, 2325, 508, 4, 1760, 2000, '2023-01-26', 1),
(3922, 2325, 562, 2, 1650, 2000, '2023-01-26', 1),
(3923, 2326, 310, 1, 3500, 4500, '2023-01-26', 1),
(3924, 2327, 494, 1, 1600, 2000, '2023-01-26', 1),
(3925, 2328, 333, 1, 1854, 2500, '2023-01-26', 1),
(3926, 2329, 562, 2, 1650, 2000, '2023-01-26', 1),
(3927, 2330, 24, 1, 425, 500, '2023-01-26', 1),
(3928, 2330, 562, 1, 825, 1000, '2023-01-26', 1),
(3929, 2331, 484, 1, 2188, 3000, '2023-01-26', 1),
(3930, 2331, 466, 1, 5334, 7000, '2023-01-26', 1),
(3931, 2332, 562, 1, 825, 1000, '2023-01-26', 1),
(3932, 2332, 43, 1, 800, 1000, '2023-01-26', 1),
(3933, 2333, 21, 2, 3500, 4000, '2023-01-26', 1),
(3934, 2333, 502, 1, 1750, 2000, '2023-01-26', 1),
(3935, 2334, 31, 1, 1800, 2000, '2023-01-26', 1),
(3936, 2334, 504, 1, 1800, 2000, '2023-01-26', 1),
(3937, 2335, 514, 1, 875, 1000, '2023-01-26', 1),
(3938, 2336, 310, 1, 3500, 4500, '2023-01-27', 1),
(3939, 2336, 85, 1, 3958, 5000, '2023-01-27', 1),
(3940, 2336, 569, 1, 4500, 5000, '2023-01-27', 1),
(3941, 2337, 466, 1, 5334, 7000, '2023-01-27', 1),
(3942, 2337, 87, 1, 900, 1500, '2023-01-27', 1),
(3943, 2338, 562, 1, 825, 1000, '2023-01-27', 1),
(3944, 2339, 16, 1, 1735, 2000, '2023-01-27', 1),
(3945, 2340, 360, 1, 3208, 4000, '2023-01-27', 1),
(3946, 2340, 21, 1, 1750, 2000, '2023-01-27', 1),
(3947, 2341, 4, 1, 960, 2000, '2023-01-27', 1),
(3948, 2342, 121, 1, 2100, 2500, '2023-01-27', 1),
(3949, 2343, 302, 1, 3500, 4500, '2023-01-27', 1),
(3950, 2344, 310, 1, 3500, 4500, '2023-01-27', 1),
(3951, 2345, 451, 1, 1800, 2000, '2023-01-27', 1),
(3952, 2346, 4, 1, 960, 2000, '2023-01-27', 1),
(3953, 2347, 4, 1, 960, 2000, '2023-01-27', 1),
(3954, 2347, 562, 1, 825, 1000, '2023-01-27', 1),
(3955, 2348, 333, 1, 1854, 2500, '2023-01-27', 1),
(3956, 2348, 39, 1, 1780, 2000, '2023-01-27', 1),
(3957, 2348, 21, 1, 1750, 2000, '2023-01-27', 1),
(3958, 2348, 26, 1, 440, 500, '2023-01-27', 1),
(3959, 2349, 502, 1, 1750, 2000, '2023-01-27', 1),
(3960, 2349, 451, 1, 1800, 2000, '2023-01-27', 1),
(3961, 2349, 562, 1, 825, 1000, '2023-01-27', 1),
(3962, 2350, 449, 1, 1750, 2000, '2023-01-27', 1),
(3963, 2351, 121, 1, 2100, 2500, '2023-01-27', 1),
(3964, 2352, 36, 1, 450, 500, '2023-01-27', 1),
(3965, 2352, 80, 1, 3958, 5000, '2023-01-27', 1),
(3966, 2352, 493, 1, 1791, 2000, '2023-01-27', 1),
(3967, 2353, 36, 2, 900, 1000, '2023-01-27', 1),
(3968, 2354, 38, 1, 1792, 2500, '2023-01-27', 1),
(3969, 2354, 571, 2, 9000, 10000, '2023-01-27', 1),
(3970, 2354, 502, 1, 1750, 2000, '2023-01-27', 1),
(3971, 2355, 35, 1, 450, 500, '2023-01-27', 1),
(3972, 2356, 300, 1, 3500, 4500, '2023-01-27', 1),
(3973, 2357, 49, 2, 340, 500, '2023-01-27', 1),
(3974, 2358, 300, 1, 3500, 4500, '2023-01-27', 1),
(3975, 2358, 49, 1, 170, 250, '2023-01-27', 1),
(3976, 2359, 493, 2, 3582, 4000, '2023-01-27', 1),
(3977, 2359, 502, 1, 1750, 2000, '2023-01-27', 1),
(3978, 2360, 121, 1, 2100, 2500, '2023-01-27', 1),
(3979, 2360, 569, 1, 4500, 5000, '2023-01-27', 1),
(3980, 2361, 4, 1, 960, 2000, '2023-01-27', 1),
(3981, 2362, 21, 1, 1750, 2000, '2023-01-27', 1),
(3982, 2362, 493, 1, 1791, 2000, '2023-01-27', 1),
(3983, 2362, 31, 1, 1800, 2000, '2023-01-27', 1),
(3984, 2362, 466, 1, 5334, 7000, '2023-01-27', 1),
(3985, 2363, 578, 2, 4200, 5000, '2023-01-27', 1),
(3986, 2364, 300, 1, 3500, 4500, '2023-01-27', 1),
(3987, 2364, 49, 2, 340, 500, '2023-01-27', 1),
(3988, 2365, 4, 1, 960, 2000, '2023-01-27', 1),
(3989, 2366, 4, 1, 960, 2000, '2023-01-27', 1),
(3990, 2366, 31, 1, 1800, 2000, '2023-01-27', 1),
(3991, 2367, 4, 2, 1920, 4000, '2023-01-27', 1),
(3992, 2368, 36, 2, 900, 1000, '2023-01-27', 1),
(3993, 2369, 4, 1, 960, 2000, '2023-01-27', 1),
(3994, 2370, 38, 1, 1792, 2500, '2023-01-27', 1),
(3995, 2370, 36, 1, 450, 500, '2023-01-27', 1),
(3996, 2371, 4, 1, 960, 2000, '2023-01-27', 1),
(3997, 2371, 36, 2, 900, 1000, '2023-01-27', 1),
(3998, 2372, 478, 1, 3500, 4500, '2023-01-27', 1),
(3999, 2373, 486, 1, 2188, 3000, '2023-01-27', 1),
(4000, 2374, 4, 2, 1920, 4000, '2023-01-27', 1),
(4001, 2374, 36, 2, 900, 1000, '2023-01-27', 1),
(4002, 2375, 6, 8, 12000, 16000, '2023-01-27', 1),
(4003, 2376, 105, 56, 6160, 14000, '2023-01-27', 1),
(4004, 2376, 4, 2, 1920, 4000, '2023-01-27', 1),
(4005, 2377, 302, 1, 3500, 4500, '2023-01-27', 1),
(4006, 2378, 70, 2, 1100, 2000, '2023-01-30', 1),
(4007, 2380, 4, 2, 1920, 4000, '2023-01-30', 1),
(4008, 2381, 514, 1, 875, 1000, '2023-01-30', 1),
(4009, 2382, 6, 1, 1500, 2000, '2023-01-30', 1),
(4010, 2383, 4, 1, 960, 2000, '2023-01-30', 1),
(4011, 2384, 4, 1, 960, 2000, '2023-01-30', 1),
(4012, 2385, 4, 1, 960, 2000, '2023-01-30', 1),
(4013, 2386, 6, 7, 10500, 14000, '2023-01-30', 1),
(4014, 2387, 78, 1, 3875, 4500, '2023-01-30', 1),
(4015, 2388, 78, 1, 3875, 4500, '2023-01-30', 1),
(4016, 2390, 81, 1, 2375, 3000, '2023-01-30', 1),
(4017, 2391, 2, 1, 292, 500, '2023-01-30', 1),
(4018, 2392, 508, 1, 440, 500, '2023-01-30', 1),
(4019, 2393, 121, 1, 2100, 2500, '2023-01-30', 1),
(4020, 2394, 494, 1, 1600, 2000, '2023-01-30', 1),
(4021, 2395, 24, 3, 1275, 1500, '2023-01-30', 1),
(4022, 2395, 16, 1, 1735, 2000, '2023-01-30', 1),
(4023, 2396, 31, 2, 3600, 4000, '2023-01-30', 1),
(4024, 2397, 35, 1, 450, 500, '2023-01-30', 1),
(4025, 2398, 478, 1, 3500, 4500, '2023-01-30', 1),
(4026, 2399, 478, 1, 3500, 4500, '2023-01-30', 1),
(4027, 2400, 562, 3, 2475, 3000, '2023-01-30', 1),
(4028, 2401, 4, 1, 960, 2000, '2023-01-30', 1),
(4029, 2402, 4, 1, 960, 2000, '2023-01-30', 1),
(4030, 2403, 4, 10, 9600, 20000, '2023-01-30', 1),
(4031, 2404, 578, 1, 2100, 2500, '2023-01-31', 1),
(4032, 2404, 4, 6, 5760, 12000, '2023-01-31', 1),
(4033, 2405, 4, 2, 1920, 4000, '2023-01-31', 1),
(4034, 2406, 83, 1, 2375, 3000, '2023-01-31', 1),
(4035, 2407, 1, 2, 630, 1000, '2023-01-31', 1),
(4036, 2408, 4, 2, 1920, 4000, '2023-01-31', 1),
(4037, 2409, 4, 1, 960, 2000, '2023-01-31', 1),
(4038, 2410, 4, 2, 1920, 4000, '2023-01-31', 1),
(4039, 2410, 333, 1, 1854, 2500, '2023-01-31', 1),
(4040, 2410, 553, 2, 1642, 2000, '2023-01-31', 1),
(4041, 2411, 1, 4, 1260, 2000, '2023-01-31', 1),
(4042, 2412, 83, 1, 2375, 3000, '2023-01-31', 1),
(4043, 2413, 78, 2, 7750, 9000, '2023-01-31', 1),
(4044, 2414, 578, 2, 4200, 5000, '2023-01-31', 1),
(4045, 2414, 553, 2, 1642, 2000, '2023-01-31', 1),
(4046, 2415, 4, 1, 960, 2000, '2023-01-31', 1),
(4047, 2416, 16, 1, 1735, 2000, '2023-01-31', 1),
(4048, 2418, 125, 1, 610, 1000, '2023-01-31', 1),
(4049, 2418, 463, 1, 1667, 2000, '2023-01-31', 1),
(4050, 2419, 457, 2, 3418, 4000, '2023-01-31', 1),
(4051, 2419, 36, 1, 450, 500, '2023-01-31', 1),
(4052, 2419, 35, 1, 450, 500, '2023-01-31', 1),
(4053, 2420, 4, 1, 960, 2000, '2023-01-31', 1),
(4054, 2422, 4, 2, 1920, 4000, '2023-01-31', 1),
(4055, 2422, 16, 1, 1735, 2000, '2023-01-31', 1),
(4056, 2422, 43, 1, 800, 1000, '2023-01-31', 1),
(4057, 2423, 4, 1, 960, 2000, '2023-01-31', 1),
(4058, 2423, 43, 1, 800, 1000, '2023-01-31', 1),
(4059, 2424, 4, 1, 960, 2000, '2023-01-31', 1),
(4060, 2424, 43, 1, 800, 1000, '2023-01-31', 1),
(4061, 2425, 524, 2, 1100, 2000, '2023-01-31', 1),
(4062, 2426, 4, 1, 960, 2000, '2023-01-31', 1),
(4063, 2426, 302, 1, 3500, 4500, '2023-01-31', 1),
(4064, 2427, 4, 2, 1920, 4000, '2023-01-31', 1),
(4065, 2427, 493, 2, 3582, 4000, '2023-01-31', 1),
(4066, 2427, 43, 2, 1600, 2000, '2023-01-31', 1),
(4067, 2427, 320, 4, 520, 1000, '2023-01-31', 1),
(4068, 2427, 403, 1, 2188, 3000, '2023-01-31', 1),
(4069, 2427, 301, 1, 4167, 5000, '2023-01-31', 1),
(4070, 2428, 4, 2, 1920, 4000, '2023-01-31', 1),
(4071, 2429, 4, 1, 960, 2000, '2023-01-31', 1),
(4072, 2429, 478, 1, 3500, 4500, '2023-01-31', 1),
(4073, 2430, 4, 1, 960, 2000, '2023-01-31', 1),
(4074, 2430, 403, 1, 2188, 3000, '2023-01-31', 1),
(4075, 2430, 333, 1, 1854, 2500, '2023-01-31', 1),
(4076, 2431, 488, 1, 1705, 2000, '2023-01-31', 1),
(4077, 2431, 478, 1, 3500, 4500, '2023-01-31', 1),
(4078, 2431, 563, 1, 1735, 2000, '2023-01-31', 1),
(4079, 2431, 477, 1, 1800, 2000, '2023-01-31', 1),
(4080, 2432, 295, 1, 1583, 2500, '2023-01-31', 1),
(4081, 2432, 553, 2, 1642, 2000, '2023-01-31', 1),
(4082, 2432, 4, 3, 2880, 6000, '2023-01-31', 1),
(4083, 2432, 333, 1, 1854, 2500, '2023-01-31', 1),
(4084, 2433, 310, 4, 14000, 18000, '2023-01-31', 1),
(4085, 2433, 4, 2, 1920, 4000, '2023-01-31', 1),
(4086, 2437, 403, 1, 2188, 3000, '2023-01-31', 1),
(4087, 2437, 4, 4, 3840, 8000, '2023-01-31', 1),
(4088, 2437, 45, 1, 812, 1000, '2023-01-31', 1),
(4089, 2437, 493, 1, 1791, 2000, '2023-01-31', 1),
(4090, 2437, 16, 1, 1735, 2000, '2023-01-31', 1),
(4091, 2438, 1, 4, 1260, 2000, '2023-01-31', 1),
(4092, 2438, 321, 8, 1040, 2000, '2023-01-31', 1),
(4093, 2439, 571, 1, 4500, 5000, '2023-01-31', 1),
(4094, 2439, 449, 1, 1750, 2000, '2023-01-31', 1),
(4095, 2439, 356, 1, 3900, 5000, '2023-01-31', 1),
(4096, 2440, 301, 1, 4167, 5000, '2023-01-31', 1),
(4097, 2440, 4, 2, 1920, 4000, '2023-01-31', 1),
(4098, 2441, 31, 1, 1800, 2000, '2023-01-31', 1),
(4099, 2441, 1, 2, 630, 1000, '2023-01-31', 1),
(4100, 2442, 570, 1, 4500, 5000, '2023-01-31', 1),
(4101, 2443, 103, 1, 1560, 2000, '2023-01-31', 1),
(4102, 2443, 310, 1, 3500, 4500, '2023-01-31', 1),
(4103, 2443, 553, 2, 1642, 2000, '2023-01-31', 1),
(4104, 2444, 553, 2, 1642, 2000, '2023-01-31', 1),
(4105, 2446, 82, 1, 2375, 3000, '2023-01-31', 1),
(4106, 2447, 43, 1, 800, 1000, '2023-01-31', 1),
(4107, 2448, 16, 1, 1735, 2000, '2023-01-31', 1),
(4108, 2449, 403, 1, 2188, 3000, '2023-01-31', 1),
(4109, 2450, 310, 1, 3500, 4500, '2023-01-31', 1),
(4110, 2451, 553, 2, 1642, 2000, '2023-01-31', 1),
(4111, 2452, 477, 1, 1800, 2000, '2023-01-31', 1),
(4112, 2453, 494, 1, 1600, 2000, '2023-01-31', 1),
(4113, 2454, 4, 1, 960, 2000, '2023-01-31', 1),
(4114, 2454, 31, 1, 1800, 2000, '2023-01-31', 1),
(4115, 2455, 502, 1, 1750, 2000, '2023-01-31', 1),
(4116, 2456, 333, 1, 1854, 2500, '2023-01-31', 1),
(4117, 2457, 4, 1, 960, 2000, '2023-01-31', 1),
(4118, 2458, 4, 4, 3840, 8000, '2023-02-01', 1),
(4119, 2459, 4, 2, 1920, 4000, '2023-02-01', 1),
(4120, 2459, 493, 1, 1791, 2000, '2023-02-01', 1),
(4121, 2460, 4, 1, 960, 2000, '2023-02-01', 1),
(4122, 2461, 569, 1, 4500, 5000, '2023-02-01', 1),
(4123, 2461, 570, 1, 4500, 5000, '2023-02-01', 1),
(4124, 2461, 494, 1, 1600, 2000, '2023-02-01', 1),
(4125, 2461, 477, 1, 1800, 2000, '2023-02-01', 1),
(4126, 2461, 453, 1, 900, 1000, '2023-02-01', 1),
(4127, 2461, 26, 2, 880, 1000, '2023-02-01', 1),
(4128, 2461, 561, 1, 450, 500, '2023-02-01', 1),
(4129, 2462, 563, 1, 1735, 2000, '2023-02-01', 1),
(4130, 2462, 45, 1, 812, 1000, '2023-02-01', 1),
(4131, 2462, 457, 1, 1709, 2000, '2023-02-01', 1),
(4132, 2462, 125, 1, 610, 1000, '2023-02-01', 1),
(4133, 2462, 567, 1, 610, 1000, '2023-02-01', 1),
(4134, 2462, 43, 1, 800, 1000, '2023-02-01', 1),
(4135, 2463, 43, 2, 1600, 2000, '2023-02-01', 1),
(4136, 2464, 4, 1, 960, 2000, '2023-02-01', 1),
(4137, 2464, 31, 1, 1800, 2000, '2023-02-01', 1),
(4138, 2465, 4, 1, 960, 2000, '2023-02-01', 1),
(4139, 2466, 79, 1, 3958, 4500, '2023-02-01', 1),
(4140, 2467, 4, 1, 960, 2000, '2023-02-01', 1),
(4141, 2468, 4, 1, 960, 2000, '2023-02-01', 1),
(4142, 2469, 4, 5, 4800, 10000, '2023-02-01', 1),
(4143, 2470, 4, 4, 3840, 8000, '2023-02-01', 1),
(4144, 2470, 87, 2, 1800, 3000, '2023-02-01', 1),
(4145, 2471, 4, 1, 960, 2000, '2023-02-01', 1),
(4146, 2472, 4, 1, 960, 2000, '2023-02-01', 1),
(4147, 2473, 4, 1, 960, 2000, '2023-02-01', 1),
(4148, 2474, 310, 4, 14000, 18000, '2023-02-01', 1),
(4149, 2474, 4, 1, 960, 2000, '2023-02-01', 1),
(4150, 2474, 39, 1, 1780, 2000, '2023-02-01', 1),
(4151, 2475, 513, 1, 4375, 5000, '2023-02-01', 1),
(4152, 2475, 478, 3, 10500, 13500, '2023-02-01', 1),
(4153, 2476, 43, 1, 800, 1000, '2023-02-01', 1),
(4154, 2477, 310, 2, 7000, 9000, '2023-02-01', 1),
(4155, 2478, 82, 1, 2375, 3000, '2023-02-01', 1),
(4156, 2479, 4, 1, 960, 2000, '2023-02-01', 1),
(4157, 2480, 310, 1, 3500, 4500, '2023-02-01', 1),
(4158, 2480, 4, 1, 960, 2000, '2023-02-01', 1),
(4159, 2481, 571, 1, 4500, 5000, '2023-02-01', 1),
(4160, 2482, 45, 3, 2436, 3000, '2023-02-01', 1),
(4161, 2482, 503, 2, 1624, 2000, '2023-02-01', 1),
(4162, 2482, 23, 1, 1667, 2000, '2023-02-01', 1),
(4163, 2483, 103, 2, 3120, 4000, '2023-02-01', 1),
(4164, 2484, 4, 3, 2880, 6000, '2023-02-01', 1),
(4165, 2484, 295, 1, 1583, 2500, '2023-02-01', 1),
(4166, 2485, 4, 6, 5760, 12000, '2023-02-01', 1),
(4167, 2485, 310, 1, 3500, 4500, '2023-02-01', 1),
(4168, 2486, 4, 1, 960, 2000, '2023-02-01', 1),
(4169, 2487, 302, 1, 3500, 4500, '2023-02-01', 1),
(4170, 2487, 570, 1, 4500, 5000, '2023-02-01', 1),
(4171, 2487, 310, 1, 3500, 4500, '2023-02-01', 1),
(4172, 2488, 502, 1, 1750, 2000, '2023-02-01', 1),
(4173, 2488, 96, 1, 1912, 2500, '2023-02-01', 1),
(4174, 2488, 4, 3, 2880, 6000, '2023-02-01', 1),
(4175, 2488, 512, 1, 1560, 2000, '2023-02-01', 1),
(4176, 2489, 78, 1, 3875, 4500, '2023-02-01', 1),
(4177, 2489, 16, 1, 1735, 2000, '2023-02-01', 1),
(4178, 2489, 4, 1, 960, 2000, '2023-02-01', 1),
(4179, 2489, 43, 1, 800, 1000, '2023-02-01', 1),
(4180, 2489, 91, 1, 1550, 2000, '2023-02-01', 1),
(4181, 2490, 295, 1, 1583, 2500, '2023-02-01', 1),
(4182, 2490, 502, 1, 1750, 2000, '2023-02-01', 1),
(4183, 2490, 4, 4, 3840, 8000, '2023-02-01', 1),
(4184, 2490, 512, 1, 1560, 2000, '2023-02-01', 1),
(4185, 2490, 83, 1, 2375, 3000, '2023-02-01', 1),
(4186, 2490, 16, 2, 3470, 4000, '2023-02-01', 1),
(4187, 2490, 323, 1, 1792, 2500, '2023-02-01', 1),
(4188, 2490, 21, 1, 1750, 2000, '2023-02-01', 1),
(4189, 2490, 101, 1, 2750, 3500, '2023-02-01', 1),
(4190, 2491, 4, 5, 4800, 10000, '2023-02-01', 1),
(4191, 2491, 79, 1, 3958, 4500, '2023-02-01', 1),
(4192, 2491, 39, 1, 1780, 2000, '2023-02-01', 1),
(4193, 2491, 16, 1, 1735, 2000, '2023-02-01', 1),
(4194, 2491, 502, 1, 1750, 2000, '2023-02-01', 1),
(4195, 2492, 512, 2, 3120, 4000, '2023-02-01', 1),
(4196, 2493, 43, 1, 800, 1000, '2023-02-01', 1),
(4197, 2493, 493, 1, 1791, 2000, '2023-02-01', 1),
(4198, 2494, 310, 1, 3500, 4500, '2023-02-01', 1),
(4199, 2494, 333, 2, 3708, 5000, '2023-02-01', 1),
(4200, 2494, 103, 3, 4680, 6000, '2023-02-01', 1),
(4201, 2495, 4, 3, 2880, 6000, '2023-02-01', 1),
(4202, 2496, 493, 1, 1791, 2000, '2023-02-01', 1),
(4203, 2496, 494, 1, 1600, 2000, '2023-02-01', 1),
(4204, 2496, 31, 1, 1800, 2000, '2023-02-01', 1),
(4205, 2496, 512, 1, 1560, 2000, '2023-02-01', 1),
(4206, 2497, 4, 1, 960, 2000, '2023-02-01', 1),
(4207, 2498, 484, 1, 2188, 3000, '2023-02-01', 1),
(4208, 2500, 326, 2, 2400, 4000, '2023-02-01', 1),
(4209, 2500, 38, 2, 3584, 5000, '2023-02-01', 1),
(4210, 2500, 302, 1, 3500, 4500, '2023-02-01', 1),
(4211, 2501, 360, 1, 3208, 4000, '2023-02-01', 1),
(4212, 2502, 26, 1, 440, 500, '2023-02-01', 1),
(4213, 2503, 561, 1, 450, 500, '2023-02-01', 1),
(4214, 2504, 4, 2, 1920, 4000, '2023-02-01', 1);
INSERT INTO `tbl_order_detail` (`id_order_detail`, `id_order`, `id_product`, `qty_selling`, `total_basic_price`, `total_selling_price`, `date_order`, `id_lab`) VALUES
(4215, 2505, 4, 1, 960, 2000, '2023-02-01', 1),
(4216, 2506, 4, 1, 960, 2000, '2023-02-01', 1),
(4217, 2507, 79, 1, 3958, 4500, '2023-02-01', 1),
(4218, 2508, 295, 1, 1583, 2500, '2023-02-01', 1),
(4219, 2510, 4, 1, 960, 2000, '2023-02-01', 1),
(4220, 2512, 39, 1, 1780, 2000, '2023-02-01', 1),
(4221, 2512, 103, 2, 3120, 4000, '2023-02-01', 1),
(4222, 2513, 333, 1, 1854, 2500, '2023-02-01', 1),
(4223, 2514, 310, 1, 3500, 4500, '2023-02-01', 1),
(4224, 2514, 31, 1, 1800, 2000, '2023-02-01', 1),
(4225, 2515, 93, 2, 4726, 6000, '2023-02-01', 1),
(4226, 2515, 79, 1, 3958, 4500, '2023-02-01', 1),
(4227, 2516, 101, 1, 2750, 3500, '2023-02-01', 1),
(4228, 2516, 333, 1, 1854, 2500, '2023-02-01', 1),
(4229, 2516, 4, 1, 960, 2000, '2023-02-01', 1),
(4230, 2518, 571, 2, 9000, 10000, '2023-02-01', 1),
(4231, 2518, 569, 1, 4500, 5000, '2023-02-01', 1),
(4232, 2519, 81, 2, 4750, 6000, '2023-02-01', 1),
(4233, 2521, 81, 2, 4750, 6000, '2023-02-01', 1),
(4234, 2521, 4, 1, 960, 2000, '2023-02-01', 1),
(4235, 2522, 484, 2, 4376, 6000, '2023-02-01', 1),
(4236, 2522, 4, 1, 960, 2000, '2023-02-01', 1),
(4237, 2522, 503, 1, 812, 1000, '2023-02-01', 1),
(4238, 2522, 45, 1, 812, 1000, '2023-02-01', 1),
(4239, 2522, 486, 1, 2188, 3000, '2023-02-01', 1),
(4240, 2523, 486, 1, 2188, 3000, '2023-02-01', 1),
(4241, 2523, 484, 1, 2188, 3000, '2023-02-01', 1),
(4242, 2523, 452, 1, 900, 1000, '2023-02-01', 1),
(4243, 2523, 571, 1, 4500, 5000, '2023-02-01', 1),
(4244, 2523, 569, 1, 4500, 5000, '2023-02-01', 1),
(4245, 2523, 323, 1, 1792, 2500, '2023-02-01', 1),
(4246, 2523, 38, 1, 1792, 2500, '2023-02-01', 1),
(4247, 2524, 4, 1, 960, 2000, '2023-02-01', 1),
(4248, 2524, 93, 1, 2363, 3000, '2023-02-01', 1),
(4249, 2524, 302, 1, 3500, 4500, '2023-02-01', 1),
(4250, 2524, 478, 1, 3500, 4500, '2023-02-01', 1),
(4251, 2525, 19, 1, 1750, 2000, '2023-02-01', 1),
(4252, 2526, 569, 1, 4500, 5000, '2023-02-01', 1),
(4253, 2527, 493, 1, 1791, 2000, '2023-02-01', 1),
(4254, 2528, 4, 3, 2880, 6000, '2023-02-01', 1),
(4255, 2528, 494, 1, 1600, 2000, '2023-02-01', 1),
(4256, 2529, 486, 1, 2188, 3000, '2023-02-01', 1),
(4257, 2530, 4, 1, 960, 2000, '2023-02-01', 1),
(4258, 2532, 513, 1, 4375, 5000, '2023-02-01', 1),
(4259, 2533, 323, 1, 1792, 2500, '2023-02-01', 1),
(4260, 2534, 295, 1, 1583, 2500, '2023-02-01', 1),
(4261, 2535, 101, 1, 2750, 3500, '2023-02-01', 1),
(4262, 2536, 4, 1, 960, 2000, '2023-02-01', 1),
(4263, 2537, 101, 1, 2750, 3500, '2023-02-01', 1),
(4264, 2538, 4, 1, 960, 2000, '2023-02-01', 1),
(4265, 2539, 93, 1, 2363, 3000, '2023-02-01', 1),
(4266, 2540, 318, 1, 4063, 5000, '2023-02-01', 1),
(4267, 2541, 4, 1, 960, 2000, '2023-02-01', 1),
(4268, 2542, 318, 1, 4063, 5000, '2023-02-01', 1),
(4269, 2543, 570, 1, 4500, 5000, '2023-02-02', 1),
(4270, 2544, 61, 5, 425, 500, '2023-02-02', 1),
(4271, 2545, 103, 1, 1560, 2000, '2023-02-02', 1),
(4272, 2546, 4, 1, 960, 2000, '2023-02-02', 1),
(4273, 2547, 299, 1, 3500, 4500, '2023-02-02', 1),
(4274, 2548, 524, 1, 550, 1000, '2023-02-02', 1),
(4275, 2549, 16, 2, 3470, 4000, '2023-02-02', 1),
(4276, 2550, 333, 1, 1854, 2500, '2023-02-02', 1),
(4277, 2551, 1, 2, 630, 1000, '2023-02-02', 1),
(4278, 2552, 36, 1, 450, 500, '2023-02-02', 1),
(4279, 2553, 78, 1, 3875, 4500, '2023-02-02', 1),
(4280, 2554, 4, 1, 960, 2000, '2023-02-02', 1),
(4281, 2555, 299, 1, 3500, 4500, '2023-02-02', 1),
(4282, 2556, 4, 1, 960, 2000, '2023-02-02', 1),
(4283, 2556, 2, 2, 584, 1000, '2023-02-02', 1),
(4284, 2557, 4, 1, 960, 2000, '2023-02-02', 1),
(4285, 2557, 81, 1, 2375, 3000, '2023-02-02', 1),
(4286, 2558, 4, 1, 960, 2000, '2023-02-02', 1),
(4287, 2559, 103, 1, 1560, 2000, '2023-02-02', 1),
(4288, 2560, 2, 2, 584, 1000, '2023-02-02', 1),
(4289, 2561, 493, 1, 1791, 2000, '2023-02-02', 1),
(4290, 2562, 4, 1, 960, 2000, '2023-02-02', 1),
(4291, 2563, 502, 1, 1750, 2000, '2023-02-02', 1),
(4292, 2564, 96, 2, 3824, 5000, '2023-02-02', 1),
(4293, 2565, 4, 1, 960, 2000, '2023-02-02', 1),
(4294, 2566, 36, 1, 450, 500, '2023-02-02', 1),
(4295, 2567, 4, 3, 2880, 6000, '2023-02-02', 1),
(4296, 2568, 331, 1, 5000, 6000, '2023-02-02', 1),
(4297, 2569, 484, 1, 2188, 3000, '2023-02-02', 1),
(4298, 2570, 96, 4, 7648, 10000, '2023-02-02', 1),
(4299, 2571, 26, 2, 880, 1000, '2023-02-02', 1),
(4300, 2571, 45, 1, 812, 1000, '2023-02-02', 1),
(4301, 2572, 85, 1, 3958, 5000, '2023-02-02', 1),
(4302, 2573, 103, 1, 1560, 2000, '2023-02-02', 1),
(4303, 2575, 96, 1, 1912, 2500, '2023-02-02', 1),
(4304, 2576, 103, 1, 1560, 2000, '2023-02-02', 1),
(4305, 2577, 318, 3, 12189, 15000, '2023-02-02', 1),
(4306, 2578, 103, 1, 1560, 2000, '2023-02-02', 1),
(4307, 2579, 4, 1, 960, 2000, '2023-02-02', 1),
(4308, 2580, 93, 1, 2363, 3000, '2023-02-02', 1),
(4309, 2580, 318, 1, 4063, 5000, '2023-02-02', 1),
(4310, 2581, 302, 2, 7000, 9000, '2023-02-02', 1),
(4311, 2582, 333, 2, 3708, 5000, '2023-02-02', 1),
(4312, 2583, 45, 1, 812, 1000, '2023-02-02', 1),
(4313, 2584, 360, 1, 3208, 4000, '2023-02-02', 1),
(4314, 2585, 103, 3, 4680, 6000, '2023-02-02', 1),
(4315, 2586, 93, 1, 2363, 3000, '2023-02-02', 1),
(4316, 2587, 81, 1, 2375, 3000, '2023-02-02', 1),
(4317, 2587, 83, 1, 2375, 3000, '2023-02-02', 1),
(4318, 2588, 73, 2, 1750, 2000, '2023-02-02', 1),
(4319, 2589, 78, 1, 3875, 4500, '2023-02-02', 1),
(4320, 2590, 35, 1, 450, 500, '2023-02-02', 1),
(4321, 2591, 103, 3, 4680, 6000, '2023-02-02', 1),
(4322, 2592, 4, 3, 2880, 6000, '2023-02-02', 1),
(4323, 2593, 103, 1, 1560, 2000, '2023-02-02', 1),
(4324, 2594, 562, 2, 1650, 2000, '2023-02-02', 1),
(4325, 2594, 493, 3, 5355, 6000, '2023-02-02', 1),
(4326, 2594, 16, 1, 1735, 2000, '2023-02-02', 1),
(4327, 2594, 103, 1, 1560, 2000, '2023-02-02', 1),
(4328, 2596, 494, 1, 1600, 2000, '2023-02-02', 1),
(4329, 2596, 562, 1, 825, 1000, '2023-02-02', 1),
(4330, 2597, 512, 1, 1560, 2000, '2023-02-02', 1),
(4331, 2598, 562, 3, 2475, 3000, '2023-02-02', 1),
(4332, 2598, 494, 1, 1600, 2000, '2023-02-02', 1),
(4333, 2599, 82, 1, 2375, 3000, '2023-02-02', 1),
(4334, 2600, 580, 2, 876, 2000, '2023-02-02', 1),
(4335, 2601, 502, 4, 7000, 8000, '2023-02-06', 1),
(4336, 2601, 505, 3, 5400, 6000, '2023-02-06', 1),
(4337, 2601, 567, 3, 1830, 3000, '2023-02-06', 1),
(4338, 2601, 493, 9, 16065, 18000, '2023-02-06', 1),
(4339, 2601, 34, 14, 11620, 14000, '2023-02-06', 1),
(4340, 2601, 112, 6, 7524, 12000, '2023-02-06', 1),
(4341, 2601, 38, 1, 1792, 2500, '2023-02-06', 1),
(4342, 2601, 35, 9, 4050, 4500, '2023-02-06', 1),
(4343, 2601, 564, 4, 7200, 8000, '2023-02-06', 1),
(4344, 2601, 16, 8, 13880, 16000, '2023-02-06', 1),
(4345, 2601, 525, 2, 1100, 2000, '2023-02-06', 1),
(4346, 2601, 24, 14, 5950, 7000, '2023-02-06', 1),
(4347, 2601, 563, 2, 3470, 4000, '2023-02-06', 1),
(4348, 2601, 322, 20, 9000, 10000, '2023-02-06', 1),
(4349, 2601, 45, 3, 2436, 3000, '2023-02-06', 1),
(4350, 2601, 511, 8, 7040, 8000, '2023-02-06', 1),
(4351, 2601, 453, 3, 2700, 3000, '2023-02-06', 1),
(4352, 2601, 463, 1, 1667, 2000, '2023-02-06', 1),
(4353, 2601, 323, 1, 1792, 2500, '2023-02-06', 1),
(4354, 2601, 491, 3, 4998, 6000, '2023-02-06', 1),
(4355, 2601, 39, 1, 1780, 2000, '2023-02-06', 1),
(4356, 2601, 23, 5, 8335, 10000, '2023-02-06', 1),
(4357, 2601, 31, 1, 1800, 2000, '2023-02-06', 1),
(4358, 2601, 450, 1, 1750, 2000, '2023-02-06', 1),
(4359, 2601, 354, 1, 880, 1000, '2023-02-06', 1),
(4360, 2602, 443, 1, 900, 1000, '2023-02-06', 1),
(4361, 2602, 488, 1, 1705, 2000, '2023-02-06', 1),
(4362, 2602, 87, 2, 1800, 3000, '2023-02-06', 1),
(4363, 2603, 566, 13, 10556, 13000, '2023-02-06', 1),
(4364, 2605, 299, 3, 10500, 13500, '2023-02-06', 1),
(4365, 2605, 346, 3, 6564, 9000, '2023-02-06', 1),
(4366, 2605, 344, 3, 10500, 13500, '2023-02-06', 1),
(4367, 2605, 300, 3, 10500, 13500, '2023-02-06', 1),
(4368, 2605, 486, 1, 2188, 3000, '2023-02-06', 1),
(4369, 2605, 304, 62, 89156, 155000, '2023-02-06', 1),
(4370, 2605, 306, 12, 5628, 6000, '2023-02-06', 1),
(4371, 2605, 295, 1, 1583, 2500, '2023-02-06', 1),
(4372, 2605, 303, 3, 10500, 13500, '2023-02-06', 1),
(4373, 2606, 484, 3, 6564, 9000, '2023-02-06', 1),
(4374, 2606, 310, 4, 14000, 18000, '2023-02-06', 1),
(4375, 2606, 331, 2, 10000, 12000, '2023-02-06', 1),
(4376, 2607, 83, 4, 9500, 12000, '2023-02-06', 1),
(4377, 2607, 85, 2, 7916, 10000, '2023-02-06', 1),
(4378, 2607, 82, 2, 4750, 6000, '2023-02-06', 1),
(4379, 2607, 466, 1, 5334, 7000, '2023-02-06', 1),
(4380, 2607, 78, 6, 23250, 27000, '2023-02-06', 1),
(4381, 2607, 79, 2, 7916, 9000, '2023-02-06', 1),
(4382, 2607, 81, 4, 9500, 12000, '2023-02-06', 1),
(4383, 2608, 96, 1, 1912, 2500, '2023-02-06', 1),
(4384, 2608, 103, 7, 10920, 14000, '2023-02-06', 1),
(4385, 2608, 551, 3, 5760, 7500, '2023-02-06', 1),
(4386, 2608, 91, 2, 3100, 4000, '2023-02-06', 1),
(4387, 2608, 294, 4, 9252, 12000, '2023-02-06', 1),
(4388, 2608, 101, 5, 13750, 17500, '2023-02-06', 1),
(4389, 2608, 93, 14, 33082, 42000, '2023-02-06', 1),
(4390, 2609, 305, 1, 1271, 2000, '2023-02-07', 1),
(4391, 2610, 304, 5, 7190, 12500, '2023-02-07', 1),
(4392, 2611, 304, 1, 1438, 2500, '2023-02-07', 1),
(4393, 2612, 82, 1, 2375, 3000, '2023-02-07', 1),
(4394, 2612, 43, 2, 1600, 2000, '2023-02-07', 1),
(4395, 2612, 114, 1, 850, 1000, '2023-02-07', 1),
(4396, 2612, 503, 2, 1624, 2000, '2023-02-07', 1),
(4397, 2612, 34, 2, 1660, 2000, '2023-02-07', 1),
(4398, 2613, 96, 1, 1912, 2500, '2023-02-07', 1),
(4399, 2614, 96, 1, 1912, 2500, '2023-02-07', 1),
(4400, 2615, 304, 1, 1438, 2500, '2023-02-07', 1),
(4401, 2615, 322, 1, 450, 500, '2023-02-07', 1),
(4402, 2616, 305, 3, 3813, 6000, '2023-02-07', 1),
(4403, 2616, 304, 1, 1438, 2500, '2023-02-07', 1),
(4404, 2616, 43, 1, 800, 1000, '2023-02-07', 1),
(4405, 2617, 38, 1, 1792, 2500, '2023-02-07', 1),
(4406, 2617, 491, 2, 3332, 4000, '2023-02-07', 1),
(4407, 2617, 493, 2, 3570, 4000, '2023-02-07', 1),
(4408, 2617, 333, 2, 3708, 5000, '2023-02-07', 1),
(4409, 2617, 304, 2, 2876, 5000, '2023-02-07', 1),
(4410, 2618, 299, 1, 3500, 4500, '2023-02-07', 1),
(4411, 2619, 304, 1, 1438, 2500, '2023-02-07', 1),
(4412, 2620, 300, 1, 3500, 4500, '2023-02-07', 1),
(4413, 2620, 82, 1, 2375, 3000, '2023-02-07', 1),
(4414, 2620, 83, 1, 2375, 3000, '2023-02-07', 1),
(4415, 2621, 564, 1, 1800, 2000, '2023-02-07', 1),
(4416, 2621, 299, 1, 3500, 4500, '2023-02-07', 1),
(4417, 2622, 101, 1, 2750, 3500, '2023-02-07', 1),
(4418, 2622, 528, 1, 4800, 6000, '2023-02-07', 1),
(4419, 2622, 333, 1, 1854, 2500, '2023-02-07', 1),
(4420, 2622, 484, 2, 4376, 6000, '2023-02-07', 1),
(4421, 2622, 78, 1, 3875, 4500, '2023-02-07', 1),
(4422, 2622, 443, 2, 1800, 2000, '2023-02-07', 1),
(4423, 2622, 302, 1, 3500, 4500, '2023-02-07', 1),
(4424, 2622, 301, 2, 8334, 10000, '2023-02-07', 1),
(4425, 2622, 295, 1, 1583, 2500, '2023-02-07', 1),
(4426, 2623, 484, 2, 4376, 6000, '2023-02-07', 1),
(4427, 2623, 81, 1, 2375, 3000, '2023-02-07', 1),
(4428, 2625, 326, 3, 3600, 6000, '2023-02-07', 1),
(4429, 2626, 331, 1, 5000, 6000, '2023-02-07', 1),
(4430, 2627, 318, 1, 4063, 5000, '2023-02-07', 1),
(4431, 2627, 93, 2, 4726, 6000, '2023-02-07', 1),
(4432, 2627, 99, 1, 2425, 3000, '2023-02-07', 1),
(4433, 2628, 302, 1, 3500, 4500, '2023-02-07', 1),
(4434, 2629, 467, 1, 1150, 2000, '2023-02-08', 1),
(4435, 2630, 29, 1, 450, 500, '2023-02-08', 1),
(4436, 2631, 484, 1, 2188, 3000, '2023-02-08', 1),
(4437, 2632, 83, 1, 2375, 3000, '2023-02-08', 1),
(4438, 2633, 96, 1, 1912, 2500, '2023-02-08', 2),
(4439, 2634, 493, 1, 1785, 2000, '2023-02-08', 2),
(4440, 2635, 454, 1, 1750, 2000, '2023-02-08', 2),
(4441, 2636, 93, 1, 2363, 3000, '2023-02-09', 1),
(4442, 2637, 34, 2, 1660, 2000, '2023-02-09', 1),
(4443, 2637, 604, 1, 1780, 2000, '2023-02-09', 1),
(4444, 2637, 93, 1, 2363, 3000, '2023-02-09', 1),
(4445, 2637, 587, 1, 1750, 2000, '2023-02-09', 1),
(4446, 2638, 69, 2, 1100, 2000, '2023-02-10', 1),
(4447, 2639, 494, 1, 1600, 2000, '2023-02-10', 1),
(4448, 2640, 577, 1, 4100, 5000, '2023-02-10', 1),
(4449, 2641, 121, 1, 2100, 2500, '2023-02-10', 1),
(4450, 2642, 81, 1, 2375, 3000, '2023-02-10', 1),
(4451, 2642, 121, 1, 2100, 2500, '2023-02-10', 1),
(4452, 2643, 121, 1, 2100, 2500, '2023-02-10', 1),
(4453, 2643, 4, 1, 960, 2000, '2023-02-10', 1),
(4454, 2644, 49, 2, 340, 500, '2023-02-10', 1),
(4455, 2645, 43, 1, 800, 1000, '2023-02-10', 1),
(4456, 2645, 353, 1, 2150, 3000, '2023-02-10', 1),
(4457, 2645, 34, 1, 830, 1000, '2023-02-10', 1),
(4458, 2646, 4, 1, 960, 2000, '2023-02-10', 1),
(4459, 2646, 121, 1, 2100, 2500, '2023-02-10', 1),
(4460, 2647, 1, 2, 630, 1000, '2023-02-10', 1),
(4461, 2648, 39, 1, 1780, 2000, '2023-02-10', 1),
(4462, 2649, 4, 1, 960, 2000, '2023-02-10', 1),
(4463, 2649, 31, 1, 1795, 2000, '2023-02-10', 1),
(4464, 2650, 451, 1, 1800, 2000, '2023-02-10', 1),
(4465, 2650, 569, 1, 4500, 5000, '2023-02-10', 1),
(4466, 2650, 607, 1, 4500, 5000, '2023-02-10', 1),
(4467, 2651, 562, 1, 825, 1000, '2023-02-10', 1),
(4468, 2652, 4, 1, 960, 2000, '2023-02-10', 1),
(4469, 2653, 4, 1, 960, 2000, '2023-02-10', 1),
(4470, 2654, 579, 1, 1860, 2000, '2023-02-10', 1),
(4471, 2655, 4, 1, 960, 2000, '2023-02-10', 1),
(4472, 2655, 486, 1, 2188, 3500, '2023-02-10', 1),
(4473, 2655, 121, 1, 2100, 2500, '2023-02-10', 1),
(4474, 2655, 113, 1, 450, 500, '2023-02-10', 1),
(4475, 2655, 499, 1, 450, 500, '2023-02-10', 1),
(4476, 2655, 81, 1, 2375, 3000, '2023-02-10', 1),
(4477, 2655, 43, 1, 800, 1000, '2023-02-10', 1),
(4478, 2657, 4, 2, 1920, 4000, '2023-02-10', 1),
(4479, 2657, 81, 1, 2375, 3000, '2023-02-10', 1),
(4480, 2657, 43, 1, 800, 1000, '2023-02-10', 1),
(4481, 2658, 134, 2, 584, 1000, '2023-02-10', 1),
(4482, 2659, 493, 2, 3570, 4000, '2023-02-10', 1),
(4483, 2659, 4, 1, 960, 2000, '2023-02-10', 1),
(4484, 2659, 440, 1, 1650, 2000, '2023-02-10', 1),
(4485, 2660, 34, 2, 1660, 2000, '2023-02-10', 1),
(4486, 2661, 121, 1, 2100, 2500, '2023-02-10', 1),
(4487, 2661, 322, 1, 450, 500, '2023-02-10', 1),
(4488, 2662, 78, 1, 3875, 5000, '2023-02-10', 1),
(4489, 2662, 4, 1, 960, 2000, '2023-02-10', 1),
(4490, 2662, 305, 1, 1271, 2000, '2023-02-10', 1),
(4491, 2663, 295, 1, 1583, 2500, '2023-02-10', 1),
(4492, 2663, 19, 1, 1750, 2000, '2023-02-10', 1),
(4493, 2664, 491, 2, 3332, 4000, '2023-02-10', 1),
(4494, 2664, 367, 1, 4000, 5000, '2023-02-10', 1),
(4495, 2665, 608, 1, 4600, 5000, '2023-02-10', 1),
(4496, 2666, 31, 2, 3590, 4000, '2023-02-10', 1),
(4497, 2666, 82, 1, 2375, 3000, '2023-02-10', 1),
(4498, 2667, 571, 1, 4500, 5000, '2023-02-10', 1),
(4499, 2667, 4, 1, 960, 2000, '2023-02-10', 1),
(4500, 2667, 43, 2, 1600, 2000, '2023-02-10', 1),
(4501, 2668, 121, 1, 2100, 2500, '2023-02-10', 1),
(4502, 2669, 4, 1, 960, 2000, '2023-02-10', 1),
(4503, 2670, 4, 1, 960, 2000, '2023-02-10', 1),
(4504, 2671, 344, 1, 3500, 5000, '2023-02-10', 1),
(4505, 2671, 562, 1, 825, 1000, '2023-02-10', 1),
(4506, 2671, 519, 2, 1590, 2000, '2023-02-10', 1),
(4507, 2673, 81, 1, 2375, 3000, '2023-02-10', 1),
(4508, 2673, 604, 1, 1780, 2000, '2023-02-10', 1),
(4509, 2674, 333, 1, 1854, 3000, '2023-02-10', 1),
(4510, 2674, 4, 1, 960, 2000, '2023-02-10', 1),
(4511, 2675, 78, 2, 7750, 10000, '2023-02-10', 1),
(4512, 2676, 562, 2, 1650, 2000, '2023-02-10', 1),
(4513, 2677, 562, 2, 1650, 2000, '2023-02-10', 1),
(4514, 2678, 4, 1, 960, 2000, '2023-02-10', 1),
(4515, 2678, 121, 1, 2100, 2500, '2023-02-10', 1),
(4516, 2678, 499, 1, 450, 500, '2023-02-10', 1),
(4517, 2679, 484, 1, 2188, 3000, '2023-02-10', 1),
(4518, 2679, 1, 2, 630, 1000, '2023-02-10', 1),
(4519, 2681, 608, 1, 4600, 5000, '2023-02-10', 1),
(4520, 2682, 4, 1, 960, 2000, '2023-02-10', 1),
(4521, 2682, 501, 1, 1792, 2500, '2023-02-10', 1),
(4522, 2682, 96, 1, 1912, 2500, '2023-02-10', 1),
(4523, 2682, 562, 1, 825, 1000, '2023-02-10', 1),
(4524, 2684, 331, 1, 5000, 6000, '2023-02-10', 1),
(4525, 2685, 1, 2, 630, 1000, '2023-02-10', 1),
(4526, 2686, 571, 2, 9000, 10000, '2023-02-10', 1),
(4527, 2687, 331, 1, 5000, 6000, '2023-02-10', 1),
(4528, 2688, 318, 1, 4063, 5000, '2023-02-10', 1),
(4529, 2689, 31, 1, 1795, 2000, '2023-02-10', 1),
(4530, 2690, 583, 1, 1940, 2500, '2023-02-10', 1),
(4531, 2690, 318, 1, 4063, 5000, '2023-02-10', 1),
(4532, 2691, 93, 1, 2363, 3000, '2023-02-10', 1),
(4533, 2692, 93, 1, 2363, 3000, '2023-02-10', 1),
(4534, 2693, 583, 1, 1940, 2500, '2023-02-10', 1);

-- --------------------------------------------------------

--
-- Table structure for table `tbl_product`
--

CREATE TABLE `tbl_product` (
  `id_product` int(11) NOT NULL,
  `code` varchar(20) NOT NULL,
  `id_category` int(11) NOT NULL,
  `id_place` int(11) NOT NULL,
  `id_owner` int(11) NOT NULL,
  `product` varchar(128) NOT NULL,
  `qty` int(11) NOT NULL,
  `basic_price` int(100) NOT NULL,
  `selling_price` int(100) NOT NULL,
  `image` varchar(258) NOT NULL,
  `id_lab` int(11) NOT NULL,
  `is_active` int(1) NOT NULL
) ENGINE=InnoDB DEFAULT CHARSET=utf8mb4;

--
-- Dumping data for table `tbl_product`
--

INSERT INTO `tbl_product` (`id_product`, `code`, `id_category`, `id_place`, `id_owner`, `product`, `qty`, `basic_price`, `selling_price`, `image`, `id_lab`, `is_active`) VALUES
(1, '', 1, 4, 0, 'Cibodas Cup', -153, 315, 500, 'default-product.jpg', 1, 1),
(2, '8997228440010', 1, 4, 0, 'La Vida Cup', 1306, 292, 500, 'default-product1.jpg', 1, 1),
(3, 'SPW-003', 1, 4, 0, 'Hexua Cup', 17, 281, 500, 'default-product3.jpg', 1, 1),
(4, '8997011401945', 1, 4, 0, 'SUI Botol 600 mL', 1666, 960, 2000, 'default-product2.jpg', 1, 1),
(6, '8993539111205', 1, 4, 0, 'AirCup Botol 600 mL', -165, 1500, 2000, 'default-product.jpg', 1, 1),
(7, 'SPW-007', 2, 4, 0, 'Ale - Ale', 40, 792, 1000, 'default-product.jpg', 1, 1),
(8, 'SPW-008', 2, 4, 0, 'Kiko', 118, 850, 1000, 'default-product.jpg', 1, 1),
(9, '', 2, 4, 0, 'Koko Jelly Drink', 60, 1042, 1500, 'default-product.jpg', 1, 1),
(10, 'SPW-010', 2, 4, 0, 'Okky Jelly Drink', 71, 1062, 1500, 'default-product.jpg', 1, 1),
(11, 'SPW-011', 2, 4, 0, 'Teh Gelas', 40, 813, 1000, 'default-product.jpg', 1, 1),
(12, 'SPW-012', 2, 4, 0, 'Teh Pucuk Harum', -2, 2271, 3000, 'default-product.jpg', 1, 1),
(13, 'SPW-013', 3, 4, 0, 'Cocorio', -1, 0, 0, 'default-product.jpg', 1, 1),
(14, 'SPW-014', 3, 4, 0, 'Top Ice', 0, 0, 0, 'default-product.jpg', 1, 1),
(15, 'SPW-015', 3, 4, 0, 'Frenta', 0, 0, 0, 'default-product.jpg', 1, 1),
(16, '8996001354124', 4, 4, 0, 'Beng-beng', 123, 1735, 2000, 'default-product.jpg', 1, 1),
(17, '8996001318430', 4, 4, 0, 'Better', 7, 890, 1500, 'default-product.jpg', 1, 1),
(18, '089686590036', 4, 4, 0, 'Chiki Ball Rasa Keju', 26, 900, 1000, 'default-product.jpg', 1, 1),
(19, '089686723069', 4, 4, 0, 'Chiki Twist Jagung Bakar', -10, 1750, 2000, 'default-product.jpg', 1, 1),
(20, '089686732009', 4, 4, 0, 'Chitato Lite', 10, 1750, 2000, 'default-product.jpg', 1, 1),
(21, '8990333811119', 4, 4, 0, 'Choco Pie', 68, 1750, 2000, 'default-product.jpg', 1, 1),
(22, '8992775311479', 4, 4, 0, 'Chocolatos Roll Dark Chocolate', 15, 825, 1000, 'default-product.jpg', 1, 1),
(23, '8992775002582', 4, 4, 0, 'Dilan 5 in 1', 71, 1667, 2000, 'default-product.jpg', 1, 1),
(24, '8992775201480', 4, 4, 0, 'Garuda Pilus Rumput Laut', 334, 425, 500, 'default-product.jpg', 1, 1),
(25, '8992775000793', 4, 4, 0, 'Garuda Rosta Rasa Pedas', 93, 850, 1000, 'default-product.jpg', 1, 1),
(26, '8', 4, 4, 0, 'Gery Malkist', 4, 440, 500, 'default-product.jpg', 1, 1),
(27, 'SPW-027', 4, 4, 0, 'Gery Wafer', 19, 1583, 2000, 'default-product.jpg', 1, 1),
(28, '8994755030516', 4, 4, 0, 'Good Time Rainbow', 35, 875, 1000, 'default-product.jpg', 1, 1),
(29, '8994834000218', 4, 4, 0, 'Goriorio Rasa Vanilla', 218, 450, 500, 'default-product.jpg', 1, 1),
(30, '8995077603075', 4, 4, 0, 'Kacang Koro Dua Kelinci Rasa Rumput Laut', 23, 850, 1000, 'default-product.jpg', 1, 1),
(31, '8996001354001', 4, 4, 0, 'Kalpa', 120, 1795, 2000, 'default-product.jpg', 1, 1),
(33, '8993118937073', 4, 4, 0, 'Mie Kremezz Shake Shoor', 99, 875, 1000, 'default-product.jpg', 1, 1),
(34, 'SPW-034', 4, 4, 0, 'Moring', 62, 830, 1000, 'default-product.jpg', 1, 1),
(35, 'SPW-035', 4, 4, 0, 'Nabati Aah', 253, 450, 500, 'default-product.jpg', 1, 1),
(36, '8993175531702', 4, 4, 0, 'Nabati Siip', 346, 450, 500, 'default-product.jpg', 1, 1),
(37, '8993175553773', 4, 4, 0, 'Nextar', 70, 1780, 2000, 'default-product.jpg', 1, 1),
(38, '7622300335809', 4, 4, 0, 'Oreo Soft Cake', 144, 1792, 2500, 'default-product.jpg', 1, 1),
(39, '8996001305119', 4, 4, 0, 'Roma Arden Choco Splendid', 68, 1780, 2000, 'default-product.jpg', 1, 1),
(40, 'SPW-040', 4, 4, 0, 'Roma Gandum', 21, 1734, 2000, 'default-product.jpg', 1, 1),
(41, '8996001302088', 4, 4, 0, 'Roma Malkist Crackers', 154, 900, 1000, 'default-product.jpg', 1, 1),
(42, '8996001304983', 4, 4, 0, 'Slai OLai Blueberry', 152, 1600, 2000, 'default-product.jpg', 1, 1),
(43, '8993110071508', 4, 4, 0, 'Sosis Sonice Rasa Sapi', 250, 800, 1000, 'default-product.jpg', 1, 1),
(44, 'SPW-044', 4, 4, 0, 'Timtam Maxi', 10, 875, 1000, 'default-product.jpg', 1, 1),
(45, '8991001242013', 4, 4, 0, 'Top Delfi Chocolate', 68, 812, 1000, 'default-product.jpg', 1, 1),
(46, 'SPW-046', 4, 4, 0, 'Wafello', 6, 900, 1000, 'default-product.jpg', 1, 1),
(47, 'SPW-047', 5, 4, 0, 'Alpenliebe', 40, 196, 250, 'default-product.jpg', 1, 1),
(48, '8996001321508', 5, 4, 0, 'Kiss Mint Barley', 252, 120, 250, 'default-product.jpg', 1, 1),
(49, '8996001320136', 5, 4, 0, 'Kopiko', 273, 170, 250, 'default-product.jpg', 1, 1),
(50, 'SPW-050', 5, 4, 0, 'Mint', 118, 0, 0, 'default-product.jpg', 1, 1),
(51, 'SPW-051', 5, 4, 0, 'Relaxa', 140, 100, 250, 'default-product.jpg', 1, 1),
(52, '089686010015', 7, 4, 0, 'Indomie Ayam Bawang', 159, 2662, 3500, 'default-product.jpg', 1, 1),
(53, 'SPW-053', 7, 4, 0, 'Indomie Goreng', 44, 2675, 3000, 'default-product.jpg', 1, 1),
(54, '8998866200318', 7, 4, 0, 'Mie Sedap Ayam Bawang', 97, 2363, 3000, 'default-product.jpg', 1, 1),
(55, 'SPW-055', 7, 4, 0, 'Mie Sedap Goreng', 57, 2525, 3000, 'default-product.jpg', 1, 1),
(56, 'SPW-056', 7, 4, 0, 'Mie Sedap Soto', 0, 2525, 3000, 'default-product.jpg', 1, 1),
(57, '', 8, 4, 0, 'Ballpoint Standard AE7', 39, 2048, 3000, 'default-product.jpg', 1, 1),
(58, 'SPW-058', 8, 4, 0, 'Buku Big Boss 50 Lbr', 0, 4750, 6000, 'default-product.jpg', 1, 1),
(59, 'SPW-059', 8, 4, 0, 'Buku Saku Tipis', 71, 900, 1500, 'default-product.jpg', 1, 1),
(60, '8997226730908', 8, 4, 0, 'Glue Stick Montana', 10, 2000, 2500, 'default-product.jpg', 1, 1),
(61, 'SPW-061', 8, 4, 0, 'Kertas HVS', -5, 85, 100, 'default-product.jpg', 1, 1),
(62, 'SPW-062', 8, 4, 0, 'Kertas Polio', -2, 250, 500, 'default-product.jpg', 1, 1),
(63, 'SPW-063', 8, 4, 0, 'Penggaris 30 Cm', 8, 2000, 2500, 'default-product.jpg', 1, 1),
(64, 'SPW-064', 8, 4, 0, 'Tip-Ex', 0, 2500, 3000, 'default-product.jpg', 1, 1),
(65, '8995858999991', 9, 4, 0, 'Mixagrip Per Butir', 22, 220, 500, 'default-product.jpg', 1, 1),
(66, 'SPW-066', 9, 4, 0, 'Hansaplast', 36, 225, 500, 'default-product.jpg', 1, 1),
(67, '8992858665000', 9, 4, 0, 'Promaag', 49, 667, 1000, 'default-product.jpg', 1, 1),
(68, '8992727004480', 10, 4, 0, 'Laurier', 7, 650, 1000, 'default-product.jpg', 1, 1),
(69, '8998866500340', 10, 4, 0, 'Hers Protex Extra Maxi', 26, 550, 1000, 'default-product.jpg', 1, 1),
(70, '8993189270277', 10, 4, 0, 'Charm Bodyfit', 20, 550, 1000, 'default-product.jpg', 1, 1),
(71, '8992931005112', 10, 4, 0, 'Tissue Tessa', -3, 2200, 3000, 'default-product.jpg', 1, 1),
(73, 'SPW-073', 10, 4, 0, 'Mama Lemon 1000', 96, 875, 1000, 'default-product.jpg', 1, 1),
(74, '8993111212504', 10, 4, 0, 'Garam Jempol', 3, 1500, 2000, 'default-product.jpg', 1, 1),
(75, '8999999100506', 10, 4, 0, 'Kecap Bango 14ml', 1, 24300, 25000, 'default-product.jpg', 1, 1),
(76, 'SPW-076', 10, 4, 0, 'Saos Gembol', 5, 2500, 3000, 'default-product.jpg', 1, 1),
(77, 'SPW-077', 10, 4, 0, 'Cuka 1000', 5, 1000, 1000, 'default-product.jpg', 1, 1),
(78, '8992761166038', 2, 2, 0, 'Pulpy Orange', 123, 3875, 5000, 'default-product.jpg', 1, 1),
(79, '8992761002022', 2, 2, 0, 'Sprite Pet Seru 390 mL', 233, 3958, 4500, 'default-product.jpg', 1, 1),
(80, '8992761002039', 2, 2, 0, 'Fanta Pet Seru 390 mL', 166, 3958, 5000, 'default-product.jpg', 1, 1),
(81, '8992761145026', 2, 2, 0, 'Sprite Pet Imut 250 mL', 248, 2375, 3000, 'default-product.jpg', 1, 1),
(82, '8992761145033', 2, 2, 0, 'Fanta Pet Imut 250 mL', 101, 2375, 3000, 'default-product.jpg', 1, 1),
(83, '8992761145019', 2, 2, 0, 'Coca Cola Pet Imut 250 mL', 192, 2375, 3000, 'default-product.jpg', 1, 1),
(85, '8992761002015', 2, 2, 0, 'Coca Cola Pet Seru 390 mL', 170, 3958, 5000, 'default-product.jpg', 1, 1),
(86, '8992761164539', 2, 2, 0, 'Nutriboost Orange', 159, 5334, 7000, 'default-product.jpg', 1, 1),
(87, '8996001375372', 4, 4, 0, 'Choki-Choki', 237, 900, 1500, 'default-product.jpg', 1, 1),
(88, '8991001242983', 4, 4, 0, 'Top Delfi Black In White', 227, 813, 1000, 'default-product.jpg', 1, 1),
(89, 'SPW-089', 6, 1, 0, 'AICE Markisa 55 mL', 89, 1940, 3000, 'default-product.jpg', 1, 1),
(90, '8885013130393', 6, 1, 0, 'AICE Miki-Miki 39 gr', 656, 1559, 2000, 'default-product.jpg', 1, 1),
(91, '8885013130546', 6, 1, 0, 'AICE Nanas Stick 65gr', 300, 1550, 2000, 'default-product.jpg', 1, 1),
(92, '89970331170164', 6, 1, 0, 'AICE Semangka Stick 65gr', 195, 1550, 2000, 'default-product.jpg', 1, 1),
(93, '8885013131864', 6, 1, 0, 'AICE Sweet Corn Stick New 52gr FIFA SS', 893, 2363, 3000, 'default-product.jpg', 1, 1),
(94, 'SPW-094', 6, 1, 0, 'AICE Mochi Stick 30gr SP', 4, 2313, 3000, 'default-product.jpg', 1, 1),
(95, 'SPW-095', 6, 1, 0, 'AICE Mochi Durian 45mL SP', -1, 2212, 3000, 'default-product.jpg', 1, 1),
(96, '8885013130997', 6, 1, 0, 'AICE 2 Colour Chocolate Stick 50 mL', 13, 1912, 2500, 'default-product.jpg', 1, 1),
(97, '8885013130249', 6, 1, 0, 'AICE Milk Melon 50gr', 257, 1913, 2500, 'default-product.jpg', 1, 1),
(98, 'SPW-098', 6, 1, 0, 'AICE Blueberry Yogurt Stick 49 mL', 0, 2500, 3000, 'default-product.jpg', 1, 1),
(99, '8885013130751', 6, 1, 0, 'AICE Fruit Twister Stick 60 mL', 298, 2425, 3000, 'default-product.jpg', 1, 1),
(100, '', 6, 1, 0, 'AICE Chocolate Crispy Stick 60gr', 140, 4000, 5000, 'default-product.jpg', 1, 1),
(101, '8885013131437', 6, 1, 0, 'AICE Strawberry Crispy Stick New', 526, 2750, 3500, 'default-product.jpg', 1, 1),
(102, 'SPW-102', 6, 1, 0, 'AICE Sundae Chocolate Cup 100 mL', 48, 4042, 5000, 'default-product.jpg', 1, 1),
(103, '8885013130805', 6, 1, 0, 'AICE Freezy Choco 49 mL', 22, 1560, 2000, 'default-product.jpg', 1, 1),
(104, '8885013131895', 6, 1, 0, 'AICE Bingo Cookies Cone 100 mL', 169, 4062, 5000, 'default-product.jpg', 1, 1),
(105, '8991002311015', 5, 4, 0, 'Bontea Green Lemon', 285, 110, 250, 'default-product.jpg', 1, 1),
(109, 'SPW-109', 5, 4, 0, 'Relaxa', 0, 0, 0, 'default-product.jpg', 1, 1),
(110, 'SPW-110', 5, 4, 0, 'Yupi', 321, 146, 250, 'default-product.jpg', 1, 1),
(111, '8991102381017', 4, 4, 0, 'Mio Fullo Vanilla Milk', 62, 450, 500, 'default-product.jpg', 1, 1),
(112, '', 4, 4, 0, 'Garuda Katom', 48, 1254, 2000, 'default-product.jpg', 1, 1),
(113, '8992775312452', 4, 4, 0, 'Gery Salut Wafer Chocolate', 249, 450, 500, 'default-product.jpg', 1, 1),
(114, 'SPW-114', 4, 4, 0, 'Gery Malkist Kelapa Coklat', 79, 850, 1000, 'default-product.jpg', 1, 1),
(115, '8992775311400', 4, 4, 0, 'Gery Salut Roll', 16, 450, 500, 'default-product.jpg', 1, 1),
(116, 'SPW-116', 4, 4, 0, 'Japota', 0, 0, 1000, 'default-product.jpg', 1, 1),
(117, 'SPW-117', 4, 4, 0, 'Deka Kacang', 26, 880, 1000, 'default-product.jpg', 1, 1),
(118, '8995077601330', 4, 4, 0, 'Kacang Polong Dua Kelinci Original', 30, 840, 1000, 'default-product.jpg', 1, 1),
(119, '8997004302143', 4, 4, 0, 'Oishi Rin-bee', 58, 850, 1000, 'default-product.jpg', 1, 1),
(120, '7622210515285', 4, 4, 0, 'Oreo Cream', 187, 1833, 2000, 'default-product.jpg', 1, 1),
(121, '8997225840011', 4, 4, 0, 'Roti Aoka Rasa Keju', 74, 2100, 2500, 'default-product.jpg', 1, 1),
(122, '8993175533799', 4, 4, 0, 'Nabati Nextar Selimut', 56, 450, 500, 'default-product.jpg', 1, 1),
(123, 'SPW-123', 4, 4, 0, 'Tiktak', 20, 840, 1000, 'default-product.jpg', 1, 1),
(124, 'SPW-124', 4, 4, 0, 'Tiktuk Lingga Sari', 0, 0, 0, 'default-product.jpg', 1, 1),
(125, '8991102968560', 4, 4, 0, 'Tango Choco Tiramisu', 18, 610, 1000, 'default-product.jpg', 1, 1),
(126, '8888166994393', 4, 4, 0, 'Monde Serena Snack Gold 30 gram', 7, 2200, 3000, 'default-product.jpg', 1, 1),
(127, 'SPW-127', 4, 4, 0, 'Nabati Roll', 75, 375, 500, 'default-product.jpg', 1, 1),
(128, 'SPW-128', 2, 4, 0, 'Calpico', 112, 2050, 3000, 'default-product.jpg', 1, 1),
(129, 'SPW-129', 2, 4, 0, 'Kopikap', 116, 821, 1000, 'default-product.jpg', 1, 1),
(130, 'SPW-130', 2, 4, 0, 'Milku 200 mL', 26, 2700, 3500, 'default-product.jpg', 1, 1),
(132, 'SPW-132', 10, 4, 0, 'Mama Lemon 450 mL', 0, 0, 0, 'default-product.jpg', 1, 1),
(133, 'SPW-133', 10, 4, 0, 'Lavida', -1, 0, 0, 'default-product.jpg', 1, 1),
(134, '8997011401914', 1, 4, 0, 'Sui Cup 200 mL', 143, 292, 500, 'default-product.jpg', 1, 1),
(135, '', 1, 4, 0, 'Arvin Botol 600ml', 114, 958, 2000, 'default-product.jpg', 2, 1),
(136, '', 1, 4, 0, 'Sui/Arvin Botol 600ml', 3058, 958, 2000, 'IMG_20220824_074621.jpg', 2, 1),
(137, '', 6, 1, 0, 'AICE Mochi Vanilla 30 gr', 151, 2313, 3000, 'default-product.jpg', 2, 1),
(138, '', 2, 2, 0, 'Fanta Pet Seru 390 ml', 181, 4042, 5000, 'default-product.jpg', 2, 1),
(139, '', 6, 1, 0, 'AICE 2 Colors Chocolate Stick 50ml', 284, 1912, 2500, 'default-product.jpg', 2, 1),
(140, '', 6, 1, 0, 'AICE Bingo Cookies Cone 100ml', 363, 4062, 5000, 'default-product.jpg', 2, 1),
(141, '', 6, 1, 0, 'AICE Blueberry Yoghurt Stick 49ml', 418, 1920, 2500, 'default-product.jpg', 2, 1),
(142, '', 6, 1, 0, 'AICE Chocolate Crispy Stick 60g', 100, 4000, 5000, 'default-product.jpg', 2, 1),
(143, '', 6, 1, 0, 'AICE Freezy Choco 49ml', 50, 1560, 2000, 'default-product.jpg', 2, 1),
(144, '', 6, 1, 0, 'AICE Fruit Twister Stick 60ml', 748, 2425, 3000, 'default-product.jpg', 2, 1),
(145, '', 6, 1, 0, 'AICE Milk 55ml', 55, 1940, 2500, 'default-product.jpg', 2, 1),
(146, '', 6, 1, 0, 'AICE Miki-Miki 39g', 624, 1558, 2000, 'IMG_20220827_130747.jpg', 2, 1),
(147, '', 6, 1, 0, 'AICE Milk Melon Stick 50g', 122, 1912, 2500, 'default-product.jpg', 2, 1),
(148, '', 6, 1, 0, 'AICE Mochi Chocolate 45ml-SP', 52, 2313, 3000, 'default-product.jpg', 2, 1),
(149, '', 6, 1, 0, 'AICE Mango Slush 30g', 0, 3017, 4000, 'IMG_20220827_131146.jpg', 2, 1),
(150, '', 6, 1, 0, 'AICE Nanas Stick 65g', 357, 1550, 2000, 'default-product.jpg', 2, 1),
(151, '', 6, 1, 0, 'AICE Semangka Stick 65g', 290, 1550, 2000, 'default-product.jpg', 2, 1),
(152, '', 6, 1, 0, 'AICE Strawberry Crispy Stick New', 466, 2750, 3500, 'default-product.jpg', 2, 1),
(153, '', 6, 1, 0, 'AICE Sundae Strawberry Cup 100ml', 0, 4041, 5000, 'default-product.jpg', 2, 1),
(154, '', 6, 1, 0, 'AICE Sweet Corn Stick New 52g Fifa SS', 1147, 2363, 3000, 'default-product.jpg', 2, 1),
(156, '', 6, 1, 0, 'AICE Milk Melon Cone 100ml', 48, 4062, 5000, 'default-product.jpg', 2, 1),
(157, '', 6, 1, 0, 'AICE Taro Crispy', 380, 2412, 3000, 'IMG_20220827_130709.jpg', 2, 1),
(158, '', 6, 1, 0, 'AICE Choco Boost', 56, 4000, 5000, 'default-product.jpg', 2, 1),
(159, '', 6, 1, 0, 'AICE Chocolate Max Cone', 52, 4062, 5000, 'IMG_20220827_130927.jpg', 2, 1),
(160, '', 6, 1, 0, 'AICE Berry Max Cone', 79, 4063, 5000, 'default-product.jpg', 2, 1),
(161, '', 6, 1, 0, 'AICE Choco Cookies', 0, 3600, 4500, 'default-product.jpg', 2, 1),
(162, '', 6, 1, 0, 'AICE Coffee Crispy', 120, 2750, 3500, 'default-product.jpg', 2, 1),
(163, '', 2, 2, 0, 'Fanta Pet Imut 250ml', 335, 2375, 3000, 'default-product.jpg', 2, 1),
(164, '', 2, 2, 0, 'Coca-Cola Pet Seru 390ml', 251, 4042, 5000, 'default-product.jpg', 2, 1),
(165, '', 2, 2, 0, 'Coca-Cola Pet Imut 250ml', 320, 2375, 3000, 'default-product.jpg', 2, 1),
(167, '', 2, 2, 0, 'Nutriboost', 398, 5416, 7000, 'default-product.jpg', 2, 1),
(168, '', 2, 2, 0, 'Pulpy Orange', 279, 3875, 5000, 'default-product.jpg', 2, 1),
(169, '', 2, 2, 0, 'Sprite Pet Imut 250ml', 376, 2375, 3000, 'default-product.jpg', 2, 1),
(170, '', 2, 2, 0, 'Sprite Pet Seru 390ml', 290, 4042, 5000, 'default-product.jpg', 2, 1),
(171, '', 1, 4, 0, 'Cibodas Cup', 333, 315, 500, 'default-product.jpg', 2, 1),
(172, '', 4, 4, 0, 'LaVida Cup / SUI Cup', 1674, 292, 500, 'default-product.jpg', 2, 1),
(173, '', 2, 4, 0, 'Ale-Ale', 48, 825, 1000, 'default-product.jpg', 2, 1),
(174, '', 3, 4, 0, 'Kiko', 0, 850, 1000, 'default-product.jpg', 2, 1),
(176, '8992775406564', 2, 4, 0, 'Okky Jelly Drink', 43, 1062, 1500, 'default-product.jpg', 2, 1),
(177, '', 2, 4, 0, 'Teh Gelas', 35, 813, 1000, 'default-product.jpg', 2, 1),
(178, '', 2, 4, 0, 'Calpico 85ml / Calpis', 48, 2050, 3000, 'default-product.jpg', 2, 1),
(179, '', 2, 4, 0, 'Milku 200ml', 0, 2583, 3000, 'default-product.jpg', 2, 1),
(180, '', 2, 4, 0, 'Susu Ultramilk Plain 200ml', 15, 4500, 5000, 'default-product.jpg', 2, 1),
(181, '', 5, 4, 0, 'Alpenliebe', 0, 200, 250, 'default-product.jpg', 2, 1),
(182, '', 5, 4, 0, 'Bontea Green', 839, 110, 250, 'default-product.jpg', 2, 1),
(183, '', 5, 4, 0, 'Kiss Mint Cherry 125 g', 50, 120, 250, 'default-product.jpg', 2, 1),
(184, '', 5, 4, 0, 'Kopiko Coffee Candy', 1056, 170, 250, 'default-product.jpg', 2, 1),
(185, '', 5, 4, 0, 'Mintz', 186, 120, 250, 'default-product.jpg', 2, 1),
(186, '', 5, 4, 0, 'Relaxa', 50, 100, 250, 'default-product.jpg', 2, 1),
(187, '', 5, 0, 0, 'Yupi', 100, 146, 250, 'default-product.jpg', 2, 1),
(188, '', 4, 4, 0, 'Roti Aoka', 275, 2100, 2500, 'default-product.jpg', 2, 1),
(189, '', 4, 4, 0, 'Bengbeng', 590, 1736, 2000, 'default-product.jpg', 2, 1),
(190, '', 4, 4, 0, 'Better 2000', 60, 1600, 2000, 'default-product.jpg', 2, 1),
(191, '', 4, 4, 0, 'Chiki Ball', 45, 900, 1000, 'default-product.jpg', 2, 1),
(192, '', 4, 4, 0, 'Chiki Twist', 20, 1750, 2000, 'default-product.jpg', 2, 1),
(193, '', 4, 4, 0, 'Chitato Beef / Chitato Lite', 20, 1750, 2000, 'default-product.jpg', 2, 1),
(195, '', 4, 4, 0, 'Chocolatos Roll 1000 Dark Chocolate', 220, 825, 1000, 'default-product.jpg', 2, 1),
(196, '', 4, 4, 0, 'Chocolatos Roll 500', 447, 450, 500, 'default-product.jpg', 2, 1),
(197, '', 4, 4, 0, 'Chocolatos Wafer Cream', 27, 900, 1500, 'default-product.jpg', 2, 1),
(198, '', 4, 4, 0, 'Choki Choki', 343, 900, 1000, 'default-product.jpg', 2, 1),
(199, '', 4, 4, 0, 'Dilan 5 in 1', 96, 1667, 2000, 'default-product.jpg', 2, 1),
(200, '', 4, 4, 0, 'Garuda Kacang Kulit Besar', 0, 1850, 2000, 'default-product.jpg', 2, 1),
(201, '', 4, 4, 0, 'Garuda Kacang Kulit Kecil', 110, 880, 1000, 'default-product.jpg', 2, 1),
(202, '', 4, 4, 0, 'Garuda Pilus', 276, 440, 500, 'default-product.jpg', 2, 1),
(203, '', 4, 4, 0, 'Garuda Kacang Atom', 3, 1850, 2000, 'default-product.jpg', 2, 1),
(204, '', 4, 4, 0, 'Gery Malkist Kelapa', 24, 1692, 2000, 'default-product.jpg', 2, 1),
(205, '', 4, 4, 0, 'Gery Salut', 11, 446, 500, 'default-product.jpg', 2, 1),
(206, '', 4, 4, 0, 'Gery Odonut', 87, 438, 500, 'default-product.jpg', 2, 1),
(207, '', 4, 4, 0, 'Gery Wafer', 2, 1583, 2000, 'default-product.jpg', 2, 1),
(208, '', 4, 4, 0, 'Good Time Double Choco Chocochip', 214, 875, 1000, 'default-product.jpg', 2, 1),
(209, '', 4, 4, 0, 'Goriorio', 330, 450, 500, 'default-product.jpg', 2, 1),
(210, '', 4, 4, 0, 'Jetz Stick', 3, 900, 1000, 'default-product.jpg', 2, 1),
(211, '', 4, 4, 0, 'Kacang Koro', 20, 880, 1000, 'default-product.jpg', 2, 1),
(212, '', 4, 4, 0, 'Kacang Polong', -6, 870, 1000, 'default-product.jpg', 2, 1),
(213, '', 4, 4, 0, 'Kalpa', 195, 1792, 2000, 'default-product.jpg', 2, 1),
(214, '', 4, 4, 0, 'Keju Cake', 262, 1792, 2000, 'default-product.jpg', 2, 1),
(215, '', 4, 4, 0, 'Mie Shor Kremez 1000', 182, 870, 1000, 'default-product.jpg', 2, 1),
(216, '', 4, 4, 0, 'Fullo Pack Of Vanila Milk Isi 12', 59, 730, 1000, 'default-product.jpg', 2, 1),
(217, '', 4, 4, 0, 'Monde Serena 25 gram', 28, 2200, 3000, 'default-product.jpg', 2, 1),
(218, '', 4, 4, 0, 'Mayasi Ala Kacang Jepang', 38, 875, 1000, 'default-product.jpg', 2, 1),
(219, '', 4, 4, 0, 'Nabati Aah', 285, 450, 500, 'default-product.jpg', 2, 1),
(220, '', 4, 4, 0, 'Nabati Wafer 500', 64, 450, 500, 'default-product.jpg', 2, 1),
(221, '', 4, 4, 0, 'Nabati Siip', 576, 450, 500, 'default-product.jpg', 2, 1),
(222, '', 4, 4, 0, 'Nextar', 336, 1780, 2000, 'default-product.jpg', 2, 1),
(223, '', 4, 4, 0, 'Oreo Cream', 299, 1816, 2000, 'default-product.jpg', 2, 1),
(224, '', 4, 4, 0, 'Oreo Soft Cake', 215, 1792, 2000, 'default-product.jpg', 2, 1),
(225, '', 4, 4, 0, 'Regal Marie Biscuits', 30, 930, 1000, 'default-product.jpg', 2, 1),
(226, '', 4, 4, 0, 'Roma Sari Gandum Sandwich', 551, 1785, 2000, 'default-product.jpg', 2, 1),
(227, '', 4, 4, 0, 'Roma Malkist / Abon', 83, 900, 1000, 'default-product.jpg', 2, 1),
(228, '', 4, 4, 0, 'Richeese Bisvit Selimut', 101, 450, 1000, 'default-product.jpg', 2, 1),
(229, '', 4, 4, 0, 'Slai O\'Lai', 185, 1600, 2000, 'default-product.jpg', 2, 1),
(230, '', 4, 4, 0, 'Sosis Sonice', 944, 800, 1000, 'default-product.jpg', 2, 1),
(231, '', 4, 4, 0, 'Tango Choco Tiramisu 1000', 30, 620, 1000, 'default-product.jpg', 2, 1),
(232, '', 4, 4, 0, 'Tiktak / Tictac', 0, 870, 1000, 'default-product.jpg', 2, 1),
(233, '', 10, 4, 0, 'Royco Ayam', 70, 409, 500, 'default-product.jpg', 2, 1),
(234, '', 4, 4, 0, 'Timtam Maxi', 67, 875, 1000, 'default-product.jpg', 2, 1),
(236, '', 4, 4, 0, 'Delfi Top Chocolate', 231, 813, 1000, 'default-product.jpg', 2, 1),
(237, '', 4, 4, 0, 'Wafello 2000 Choco Blast', 10, 1750, 2000, 'default-product.jpg', 2, 1),
(238, '', 7, 4, 0, 'Indomie Ayam Bawang', 111, 2663, 3000, 'default-product.jpg', 2, 1),
(239, '', 7, 4, 0, 'Indomie Goreng', 0, 2675, 3000, 'default-product.jpg', 2, 1),
(240, '', 7, 4, 0, 'Mie Sedap Ayam Bawang', 30, 2363, 3000, 'default-product.jpg', 2, 1),
(241, '', 7, 0, 0, 'Mie Sedap Goreng', 0, 2525, 3000, 'default-product.jpg', 2, 1),
(242, '', 7, 4, 0, 'Mie Sedap Soto', 0, 2525, 3000, 'default-product.jpg', 2, 1),
(245, '', 10, 4, 0, 'Polytex Spon Busa', 8, 2600, 3000, 'default-product.jpg', 2, 1),
(246, '', 4, 4, 0, 'Iyes Kacang Oven Rasa Pedas', 10, 850, 1000, 'default-product.jpg', 2, 1),
(247, '', 8, 4, 0, 'Kertas HVS', 0, 85, 100, 'default-product.jpg', 2, 1),
(248, '', 8, 4, 0, 'Kertas Polio', 0, 250, 500, 'default-product.jpg', 2, 1),
(249, '', 8, 4, 0, 'Tipe-Ex', 0, 2500, 3000, 'default-product.jpg', 2, 1),
(251, '', 10, 4, 0, 'Softex Daun Sirih', 31, 480, 500, 'default-product.jpg', 2, 1),
(252, '', 9, 4, 0, 'Promaag / Butir', 0, 667, 1000, 'default-product.jpg', 2, 1),
(253, '', 10, 4, 0, 'Charm', 129, 440, 1000, 'default-product.jpg', 2, 1),
(254, '', 10, 4, 0, 'Cuka 1500', 6, 1000, 1500, 'default-product.jpg', 2, 1),
(255, '', 10, 4, 0, 'Garam Jempol', 9, 1750, 2500, 'default-product.jpg', 2, 1),
(256, '', 10, 4, 0, 'Hers Protex', 69, 490, 1000, 'default-product.jpg', 2, 1),
(257, '', 10, 4, 0, 'Laurier', 20, 650, 1000, 'default-product.jpg', 2, 1),
(258, '', 10, 4, 0, 'Mama Lemon 55ml', 48, 875, 1000, 'default-product.jpg', 2, 1),
(259, '', 10, 4, 0, 'Mama Lemon 450ml', 4, 8200, 10000, 'default-product.jpg', 2, 1),
(260, '', 10, 4, 0, 'Mama Lemon 115 ml', 20, 1750, 2000, 'default-product.jpg', 2, 1),
(262, '', 10, 4, 0, 'Saos Gembol', 6, 2500, 3000, 'default-product.jpg', 2, 1),
(263, '', 10, 4, 0, 'Terigu Segitiga Curah 1kg', 10, 11000, 13000, 'default-product.jpg', 2, 1),
(264, '', 10, 4, 0, 'Tissue Tessa', 18, 1771, 2000, 'default-product.jpg', 2, 1),
(265, '', 4, 4, 0, 'Biskuat Bolu', 58, 1792, 2500, 'default-product.jpg', 2, 1),
(267, '', 12, 4, 0, 'Kapal Api Special Mix', 53, 1200, 2000, 'default-product.jpg', 2, 1),
(268, '', 12, 4, 0, 'Good Day Mochacino', 57, 1150, 2000, 'default-product.jpg', 2, 1),
(269, '', 4, 4, 0, 'Tango Walut', 47, 1140, 2000, 'default-product.jpg', 2, 1),
(270, '', 4, 4, 0, 'Yoritos', 16, 1140, 2000, 'default-product.jpg', 2, 1),
(271, '', 4, 4, 0, 'Taro Net Potato', 6, 1771, 2000, 'default-product.jpg', 2, 1),
(272, '', 4, 4, 0, 'Pulpen Standard AE7', 71, 2042, 3000, 'default-product.jpg', 2, 1),
(273, '', 8, 4, 0, 'Buku Big Boss 50 Lbr', 0, 4750, 6000, 'default-product.jpg', 2, 1),
(274, '', 8, 4, 0, 'Buku Saku Tipis', 0, 900, 1500, 'default-product.jpg', 2, 1),
(275, '', 8, 4, 0, 'Glue Stick', 0, 2000, 2500, 'default-product.jpg', 2, 1),
(276, '', 8, 4, 0, 'Penggaris 30cm', 0, 2000, 2500, 'default-product.jpg', 2, 1),
(278, '', 9, 4, 0, 'Hansaplast', 100, 285, 500, 'default-product.jpg', 2, 1),
(279, '', 10, 4, 0, 'Kecap Bango', 0, 24300, 25000, 'default-product.jpg', 2, 1),
(282, '', 4, 4, 0, 'Gery Salut Chocolate Coconut', 7, 1583, 2000, 'default-product.jpg', 2, 1),
(283, '', 4, 4, 0, 'Dua Kelinci Kacang Garing', 0, 850, 1000, 'default-product.jpg', 2, 1),
(284, '', 4, 4, 0, 'Tango Wafer 1000 Vanilla Delight ', 8, 840, 1000, 'default-product.jpg', 2, 1),
(285, '', 7, 4, 0, 'Mie Sedap Goreng', 1, 2525, 3000, 'default-product.jpg', 2, 1),
(286, '', 10, 4, 0, 'Tisu Paseo 1000', 107, 833, 1000, 'default-product.jpg', 2, 1),
(287, '', 10, 4, 0, 'Tisu Paseo 3000', 35, 2200, 3000, 'default-product.jpg', 2, 1),
(289, '', 12, 4, 0, 'Luwak White Coffee ', 68, 1150, 2000, 'default-product.jpg', 2, 1),
(290, '', 4, 4, 0, 'Taro Seaweed 1000', 11, 900, 1000, 'default-product.jpg', 2, 1),
(291, '', 6, 1, 0, 'AICE Mochi Chocolate 45 ml-SP', 185, 2313, 3000, 'default-product.jpg', 1, 1),
(292, '', 6, 1, 0, 'AICE Melon Cone 100 ml', 96, 4062, 5000, 'default-product.jpg', 1, 1),
(293, '', 6, 1, 0, 'AICE Vanilla Chocolate Cup 90 ml', 0, 3208, 4000, 'default-product.jpg', 1, 1),
(294, '', 6, 1, 0, 'AICE Mochi Vanila 30 gr', 58, 2313, 3000, 'default-product.jpg', 1, 1),
(295, '8996006861924', 2, 3, 0, 'S-Tee Kotak 200 ml', 100, 1583, 2500, 'default-product.jpg', 1, 1),
(296, '8996006857705', 2, 3, 0, 'S-Tee Botol 390 ml', 50, 2208, 3000, 'default-product.jpg', 1, 1),
(299, '8996006858085', 2, 3, 0, 'Fruit Tea Botol Apel 350 ml', 129, 3500, 5000, 'default-product.jpg', 1, 1),
(300, '8996006858108', 2, 3, 0, 'Fruit Tea Botol Strawberry 350 ml', 92, 3500, 5000, 'default-product.jpg', 1, 1),
(301, '8994116101183', 2, 3, 0, 'Country Choice Kotak Manggo 250 ml', 59, 4167, 5000, 'default-product.jpg', 1, 1),
(302, '8996006861986', 2, 3, 0, 'Tebs Sparkling Botol Lemon 300 ml', 50, 3500, 4500, 'default-product.jpg', 1, 1),
(303, '8996006858245', 2, 3, 0, 'Tebs Botol Mix Fruit 300 ml', 69, 3500, 4500, 'default-product.jpg', 1, 1),
(304, '8996006852045', 1, 3, 0, 'Prima Botol 600 ml', 37, 1438, 2500, 'default-product.jpg', 1, 1),
(305, '8996006852038', 1, 3, 0, 'Prima 330 ml', 190, 1271, 2000, 'default-product.jpg', 1, 1),
(306, '8996006852021', 1, 3, 0, 'Prima Gelas', 56, 469, 500, 'default-product.jpg', 1, 1),
(307, '8996006853127', 2, 3, 0, 'Tebs Kaleng 330 ml', -16, 3792, 5000, 'default-product.jpg', 1, 1),
(308, '8996006861580', 2, 3, 0, 'Teh Botol Kaleng 318 ml', 14, 3583, 4500, 'default-product.jpg', 1, 1),
(310, '8996006858016', 2, 3, 0, 'Teh Botol Sosro 350 ml', 265, 3500, 4500, 'default-product.jpg', 1, 1),
(311, '', 2, 3, 0, 'Fruit Tea Botol Blackcurrant 500 ml', 38, 5000, 6000, 'default-product.jpg', 1, 1),
(313, '', 5, 4, 0, 'Blaster Choco Chocolate', 326, 130, 250, 'default-product.jpg', 2, 1),
(314, '', 5, 4, 0, 'Blaster Neopolitan', 218, 130, 250, 'default-product.jpg', 2, 1),
(315, '', 4, 4, 0, 'Nissin Lemonia Lemon Biskuit ', 4, 6200, 7000, 'default-product.jpg', 2, 1),
(316, '', 1, 4, 0, 'Larutan Cap Kaki 3', 22, 3300, 4000, 'default-product.jpg', 2, 1),
(317, '', 4, 4, 0, 'Suky Suky', 36, 900, 1000, 'default-product.jpg', 2, 1),
(318, '8885013131840', 6, 1, 0, 'AICE Berry Choco Max Cone 100 ml', 105, 4063, 5000, 'default-product.jpg', 1, 1),
(319, '', 4, 4, 0, 'Roma Slai Olai 2000 (32 gr)', 20, 1600, 2000, 'default-product.jpg', 1, 1),
(320, '8991102213189', 5, 4, 0, 'Blaster Sukocok', 161, 130, 250, 'default-product.jpg', 1, 1),
(321, '8991102230308', 5, 4, 0, 'Blaster Neapolitan', -23, 130, 250, 'default-product.jpg', 1, 1),
(322, '', 4, 4, 0, 'Chocolatos Wafer Roll isi 24 pcs', 210, 450, 500, 'default-product.jpg', 1, 1),
(323, '7622300405588', 4, 4, 0, 'Keju Cake Bolu Keju ', 198, 1792, 2500, 'default-product.jpg', 1, 1),
(324, '', 4, 4, 0, 'Kacang Iyes', 36, 850, 1000, 'default-product.jpg', 1, 1),
(325, '', 12, 4, 0, 'Max Tea Tarik', 13, 1690, 2000, 'default-product.jpg', 1, 1),
(326, '8991002105485', 12, 4, 0, 'Kapal Api Special Mix', 21, 1200, 2000, 'default-product.jpg', 1, 1),
(327, '', 12, 4, 0, 'Good Day Mochacino', 22, 1150, 2000, 'default-product.jpg', 1, 1),
(328, '', 4, 4, 0, 'Nissin Lemonia Lemon Biscuit', 0, 6200, 7000, 'default-product.jpg', 1, 1),
(329, '', 4, 4, 0, 'Richese Bisvit Selimut ', 0, 900, 1000, 'default-product.jpg', 1, 1),
(331, '8996006855145', 2, 3, 0, 'Teh Botol Sosro 450ml', -21, 5000, 6000, 'default-product.jpg', 1, 1),
(332, '8999988888989', 10, 4, 0, 'Larutan Cap Kaki 3 Botol  200 ml', 0, 3300, 4000, 'default-product.jpg', 1, 1),
(333, '8996006855879', 2, 3, 0, 'Fruit Tea Pouch Blackcurrant 230ml', 52, 1854, 3000, 'default-product.jpg', 1, 1),
(335, '', 6, 1, 0, 'AICE Sundae Chocolate Cup 100 ml', 20, 4042, 5000, 'default-product.jpg', 2, 1),
(336, '', 10, 4, 0, 'Minyak Minyakita', 7, 14000, 15000, 'default-product.jpg', 2, 1),
(337, '', 6, 1, 0, 'AICE Vanilla Chocolate Cup 90 ml', 12, 3208, 4000, 'default-product.jpg', 2, 1),
(338, '', 6, 1, 0, 'AICE Mochi Chocolate 100ml', -1, 2313, 3000, 'default-product.jpg', 1, 1),
(340, '', 2, 3, 0, 'Fruit Tea Kotak Apel 250ml', 21, 3333, 4000, 'default-product.jpg', 1, 1),
(341, '8996006855886', 2, 3, 0, 'Fruit Tea Pouch Apel 230 ml', 217, 1854, 3000, 'default-product.jpg', 1, 1),
(342, '', 2, 4, 0, 'Teh Pucuk Harum', 6, 2271, 3000, 'default-product.jpg', 2, 1),
(344, '8996006858320', 2, 3, 0, 'Fruit Tea Botol Lemon 350 ml', 47, 3500, 5000, 'default-product.jpg', 1, 1),
(345, '8996006858115', 2, 3, 0, 'Fruit Tea Botol Freeze 350 ml', 50, 3500, 5000, 'default-product.jpg', 1, 1),
(346, '8996006841018', 2, 3, 0, 'Fruit Tea Genggam Blackcurrant 200ml', 55, 2188, 3500, 'default-product.jpg', 1, 1),
(347, '8996006862112', 2, 3, 0, 'Fruit Tea Kotak Lemon 250ml', 20, 2355, 3000, 'default-product.jpg', 1, 1),
(348, '', 2, 3, 0, 'Fruit Tea Genggam Apel 200 ml', 47, 2147, 3500, 'default-product.jpg', 1, 1),
(349, '8996006862105', 2, 3, 0, 'Fruit Tea Kotak Blackcurrant 250ml', 73, 2417, 3000, 'default-product.jpg', 1, 1),
(350, '8996006822314', 2, 3, 0, 'Fruit Tea Kaleng Blackcurrant 318 ml', 72, 3375, 4000, 'default-product.jpg', 1, 1),
(351, '89960011350829', 4, 4, 0, 'Wafello Choco Blast', 10, 1800, 2000, 'default-product.jpg', 1, 1),
(352, '', 10, 4, 0, 'Terigu Curah Segitiga 1kg', 9, 11000, 13000, 'default-product.jpg', 1, 1),
(353, '', 10, 4, 0, 'Tisu Paseo', 32, 2150, 3000, 'default-product.jpg', 1, 1),
(354, '8992775110171', 4, 4, 0, 'Garuda kacang kulit', 54, 880, 1000, 'default-product.jpg', 1, 1),
(355, '', 6, 1, 0, 'AICE Chocolate Stick 40g', 4, 1940, 2500, 'default-product.jpg', 2, 1),
(356, '', 4, 4, 0, 'Monde Serena 50 gram', 25, 3900, 5000, 'default-product.jpg', 2, 1),
(357, '', 5, 4, 0, 'Tamarin', 83, 108, 250, 'default-product.jpg', 2, 1),
(358, 'SPW', 4, 4, 0, 'Choki Choki Stick 2000', 72, 1733, 2000, 'default-product.jpg', 2, 1),
(359, 'SPW', 4, 4, 0, 'Gery Malkist Keju ', 0, 6000, 8000, 'default-product.jpg', 2, 1),
(360, '8885013130041', 6, 1, 0, 'AICE Manggo Slush 30g', -28, 3208, 4000, 'default-product.jpg', 1, 1),
(361, '8885013130041', 6, 1, 0, 'AICE Mango Slush Hi-C Stick 65g', 200, 3017, 4000, 'default-product.jpg', 1, 1),
(362, '8999999000165', 4, 4, 0, 'Taro Net Seaweed', 42, 900, 1000, 'default-product.jpg', 1, 1),
(363, 'SPW', 4, 4, 0, 'Nabati Wafer Coklat/Keju', 21, 1800, 2500, 'default-product.jpg', 1, 1),
(364, '', 10, 4, 0, 'Minyak  1 Liter', 8, 16000, 18000, 'default-product.jpg', 1, 1),
(365, 'SPW', 5, 4, 0, 'Mentos', 50, 115, 250, 'default-product.jpg', 1, 1),
(366, 'SPW', 5, 4, 0, 'Lazery', 40, 150, 250, 'default-product.jpg', 1, 1),
(367, '', 4, 4, 0, 'Monde Serena 50 gram', 29, 4000, 5000, 'default-product.jpg', 1, 1),
(368, 'SPW', 0, 3, 0, 'Fruit Tea Strawberry 350 ml', -6, 3333, 4000, 'default-product.jpg', 1, 1),
(369, '8885013131529', 6, 1, 0, 'AICE Mochi Klepon 45ml-SP', 114, 2363, 3000, 'default-product.jpg', 1, 1),
(370, 'SPW', 6, 1, 0, 'AICE Chocolate Max Cone 100ml', 48, 4063, 5000, 'default-product.jpg', 1, 1),
(371, 'SPW', 6, 1, 0, 'AICE Sundae Strawberry Cup 100ml', 24, 4042, 5000, 'default-product.jpg', 1, 1),
(372, 'SPW', 0, 0, 0, 'Mama lemon 55 ml', 0, 812, 1000, 'default-product.jpg', 1, 1),
(373, '8998866105125', 10, 4, 0, 'Mama Lemon 58 ml', -6, 812, 1000, 'default-product.jpg', 1, 1),
(374, '', 1, 4, 0, 'AirCup 600 mL', 0, 958, 2000, 'default-product.jpg', 2, 1),
(375, 'SPW', 4, 4, 0, 'Garuda Rosta', 60, 1750, 2000, 'default-product.jpg', 2, 1),
(376, '', 4, 4, 0, 'Koko Drink', 24, 1063, 1500, 'default-product.jpg', 2, 1),
(377, 'SPW', 4, 4, 0, 'Superstar Triple Chocolate ', 108, 900, 1000, 'default-product.jpg', 2, 1),
(378, 'SPW', 6, 1, 0, 'AICE Markisa 55 ml', 450, 1550, 2000, 'default-product.jpg', 2, 1),
(379, 'SPW', 6, 1, 0, 'AICE Es Jeruk 60 g', 250, 1560, 2000, 'default-product.jpg', 2, 1),
(380, '', 1, 4, 0, 'Hexua/Bening gelas', 0, 292, 500, 'default-product.jpg', 2, 1),
(381, '', 6, 1, 0, 'AICE Mochi Durian 45 ml (FIFA EP) ', 40, 2313, 3000, 'default-product.jpg', 2, 1),
(382, 'SPW', 4, 4, 0, 'Cloud 1000', 24, 900, 1000, 'default-product.jpg', 1, 1),
(383, 'SPW', 4, 4, 0, 'Garuda Kacang Atom Rasa Original 20 g', 70, 880, 1000, 'default-product.jpg', 2, 1),
(385, '', 9, 4, 0, 'Mixagrip Flu per tablet', 16, 575, 1000, 'default-product.jpg', 2, 1),
(386, '', 9, 4, 0, 'Mixagrip Flu dan Batuk Per tablet', 4, 613, 1000, 'default-product.jpg', 2, 1),
(387, 'SPW', 4, 4, 0, 'Moring Bandung 1000', 340, 850, 1000, 'default-product.jpg', 2, 1),
(388, 'SPW', 2, 3, 0, 'Country Choice Kotak 250 ml', 120, 4375, 5000, 'default-product.jpg', 2, 1),
(389, '', 2, 3, 0, 'Fruitea Pet (botol) Apple 350 ml', 60, 3500, 5000, 'default-product.jpg', 2, 1),
(390, '', 2, 3, 0, 'Fruitea Botol Blackcurrant 500 ml', 48, 4790, 6000, 'default-product.jpg', 2, 1),
(391, '', 2, 3, 0, 'Fruitea Pet (botol)  Blackcurrant 350 ml', 48, 3333, 4000, 'default-product.jpg', 2, 1),
(392, '', 2, 3, 0, 'Fruitea Botol Frezze 350 ml', 36, 3500, 5000, 'default-product.jpg', 2, 1),
(393, 'SPW', 2, 3, 0, 'Fruitea Genggam Freeze 200 ml', 95, 2190, 3000, 'default-product.jpg', 2, 1),
(394, 'SPW', 2, 3, 0, 'Fruitea Genggam Strawberry 200 ml ', 168, 2187, 3000, 'default-product.jpg', 2, 1),
(395, 'SPW', 2, 3, 0, 'Fruitea Kotak Blackcurrant 250 ml', 48, 2354, 3000, 'default-product.jpg', 2, 1),
(396, 'SPW', 2, 3, 0, 'Fruitea Kotak Lemon 250 ml', 48, 2354, 3000, 'default-product.jpg', 2, 1),
(397, 'SPW', 2, 3, 0, 'Prima Botol 330ml', 576, 1271, 2000, 'default-product.jpg', 2, 1),
(398, 'SPW', 2, 3, 0, 'Prima Gelas 220ml', 288, 468, 1000, 'default-product.jpg', 2, 1),
(399, '', 2, 3, 0, 'S-tee Botol 390ml', 228, 2208, 3000, 'default-product.jpg', 2, 1),
(400, 'SPW', 2, 3, 0, 'S-tee Kotak 200ml', 216, 1583, 2500, 'default-product.jpg', 2, 1),
(401, '', 2, 3, 0, 'Teh Botol Original 350ml', 516, 3500, 4500, 'default-product.jpg', 2, 1),
(402, '', 2, 3, 0, 'Teh Botol Original 450ml', 240, 5000, 6000, 'default-product.jpg', 2, 1),
(403, '', 2, 3, 0, 'Teh Botol Kotak 200ml', 398, 2188, 3500, 'default-product.jpg', 2, 1),
(404, '', 2, 3, 0, 'Teh Botol Kotak 330ml', 42, 2625, 3500, 'default-product.jpg', 2, 1),
(405, 'SPW', 2, 3, 0, 'Teh Botol Kaleng 318ml', 48, 3375, 4000, 'default-product.jpg', 2, 1),
(406, 'SPW', 2, 3, 0, 'Tebs Kaleng 330ml', 48, 3583, 4000, 'default-product.jpg', 2, 1),
(407, 'SPW', 2, 3, 0, 'Tebs Botol Mix Fruit 300ml', 107, 3500, 4500, 'default-product.jpg', 2, 1),
(408, 'SPW', 2, 3, 0, 'Tebs Sparkling 300ml', 168, 3500, 4500, 'default-product.jpg', 2, 1),
(409, 'SPW', 2, 3, 0, 'Fruitea Kaleng 318 ml', 48, 3375, 4000, 'default-product.jpg', 2, 1),
(410, '', 2, 3, 0, 'Fruitea Pouch Apple 230ml', 240, 1854, 3000, 'default-product.jpg', 2, 1),
(411, 'SPW', 2, 3, 0, 'Fruitea Pouch Blackcurrant 230ml', 240, 1854, 2500, 'default-product.jpg', 2, 1),
(412, 'SPW', 2, 3, 0, 'Prima Botol 600 ml', 432, 1437, 2500, 'default-product.jpg', 2, 1),
(413, '', 6, 1, 0, 'AICE Mochi Klepon 45ml', 40, 2362, 3000, 'default-product.jpg', 2, 1),
(414, 'SPW', 12, 4, 0, 'Kopi Top Cappucino ', 27, 1250, 2000, 'default-product.jpg', 2, 1),
(415, 'SPW', 4, 4, 0, 'Roma Arden', 100, 1775, 2000, 'default-product.jpg', 2, 1),
(416, 'SPW', 12, 4, 0, 'Neo Moccacino', 10, 1180, 2000, 'default-product.jpg', 2, 1),
(417, 'SPW', 9, 4, 0, 'Bodrex', 10, 780, 1000, 'default-product.jpg', 2, 1),
(418, 'SPW', 9, 4, 0, 'Bodrex Migra', 4, 538, 1000, 'default-product.jpg', 2, 1),
(419, 'SPW', 9, 4, 0, 'Minyak Kayu Putih Cap Lang', 8, 5800, 6500, 'default-product.jpg', 2, 1),
(420, 'SPW', 8, 4, 0, 'Buku Sidu', 10, 3200, 4000, 'default-product.jpg', 2, 1),
(421, 'SPW', 5, 4, 0, 'Sido Muncul Tolak Angin Permen Herbal', 5, 1850, 2500, 'default-product.jpg', 2, 1),
(422, '', 6, 1, 0, 'AICE Blueberry Cookies Stick 65g', 24, 4800, 6000, 'default-product.jpg', 2, 1),
(423, 'SPW', 4, 4, 0, 'Nabati Wafer 1000 Keju', 20, 900, 1000, 'default-product.jpg', 2, 1),
(424, 'SPW', 2, 3, 0, 'Fruitea Genggam Apple 200 ml', 48, 2187, 3000, 'default-product.jpg', 2, 1),
(425, 'SPW', 2, 3, 0, 'Fruitea Genggam Blackcurrant 200 ml', 24, 2146, 3000, 'default-product.jpg', 2, 1),
(426, 'SPW', 2, 3, 0, 'Fruitea Kotak Apple 250ml', 24, 2260, 3000, 'default-product.jpg', 2, 1),
(427, 'SPW', 4, 4, 0, 'Fullo Pack Of Vanila Milk Isi 24', 96, 450, 500, 'default-product.jpg', 2, 1),
(428, 'SPW', 4, 4, 0, 'Garuda Kacang Atom Rasa Original 42 g', 11, 1850, 2000, 'default-product.jpg', 2, 1),
(430, '8885013130775', 6, 1, 0, 'AICE Durian Cup', 23, 3209, 4000, 'default-product.jpg', 1, 1),
(431, 'SPW', 4, 4, 0, 'Corntoz', 0, 900, 1000, 'default-product.jpg', 2, 1),
(434, 'SPW', 4, 4, 0, 'Nissin Walens Choco Soes 15g', 40, 1650, 2000, 'default-product.jpg', 2, 1),
(435, 'SPW', 4, 4, 0, 'Roti Padimas', 25, 1800, 2500, 'default-product.jpg', 2, 1),
(436, 'SPW', 10, 4, 0, 'Minyak Bunda 1000', 10, 900, 1000, 'default-product.jpg', 2, 1),
(437, '8993176110098', 9, 4, 0, 'Minyak Kayu Putih Cap Lang 15 ml', 0, 5800, 6500, 'default-product.jpg', 1, 1),
(438, '8999908039309', 9, 4, 0, 'Oskadon Biru', -1, 450, 500, 'default-product.jpg', 1, 1),
(439, '8993175532891', 4, 4, 0, 'Nabati Wafer Richoco', -9, 950, 1000, 'default-product.jpg', 1, 1),
(440, '8888166994430', 4, 4, 0, 'Nissin Walens Choco Soes', 2, 1650, 2000, 'default-product.jpg', 1, 1),
(441, '8992742370683', 10, 4, 0, 'Polytex Spon Cuci Piring', 6, 2600, 3000, 'default-product.jpg', 1, 1),
(442, '8992775214008', 4, 4, 0, 'Garuda Kacang Atom 1000', 34, 880, 1000, 'default-product.jpg', 1, 1),
(443, '8993004785139', 4, 4, 0, 'Smax Ring', 24, 900, 1000, 'default-product.jpg', 1, 1),
(444, '8997004306455', 4, 4, 0, 'Suky Suky', 22, 850, 1000, 'default-product.jpg', 1, 1),
(445, 'SPW', 4, 4, 0, 'Doritos 2000 Corn', 10, 1750, 2000, 'default-product.jpg', 2, 1),
(446, 'SPW', 4, 4, 0, 'Khongguan Malkist Kelapa 1000', 20, 880, 1000, 'default-product.jpg', 2, 1),
(447, 'SPW', 4, 0, 0, 'Oskadon Obat Sakit Kepala ', 8, 450, 500, 'default-product.jpg', 2, 1),
(448, 'SPW', 9, 4, 0, 'Promaag', 36, 203, 500, 'default-product.jpg', 2, 1),
(449, '8997225870780', 4, 4, 0, 'Potato Chips Sosis Jumbo', 2, 1750, 2000, 'default-product.jpg', 1, 1),
(450, '089686735017', 4, 4, 0, 'Chiki Net Potato Barbeque', 8, 1750, 2000, 'default-product.jpg', 1, 1),
(451, '8994834005510', 4, 4, 0, 'Mister French Fries', -8, 1800, 2000, 'default-product.jpg', 1, 1),
(452, '8998866201353', 4, 4, 0, 'Kris Bee 1000', 2, 900, 1000, 'default-product.jpg', 1, 1),
(453, '089686604443', 4, 4, 0, 'JetZ Sweet Stick Cokelat', -11, 900, 1000, 'default-product.jpg', 1, 1),
(454, '8991002501348', 4, 4, 0, 'Kenji Colak Colek 2000', 5, 1750, 2000, 'default-product.jpg', 1, 1),
(455, '8993175531863', 4, 4, 0, 'Nabati Wafer', -5, 450, 500, 'default-product.jpg', 1, 1),
(457, '8996001313671', 4, 4, 0, 'Roma Apetito Sour Cream', 5, 1709, 2000, 'default-product.jpg', 1, 1),
(458, '8992741906227', 5, 4, 0, 'Yupi Bolicious Strawberry', 18, 450, 500, 'default-product.jpg', 1, 1),
(459, '8994755030936', 4, 4, 0, 'Good Time Mini Double Choc', -7, 1708, 2000, 'default-product.jpg', 1, 1),
(460, 'SPW', 4, 4, 0, 'Potato Q 2000', 0, 1750, 2000, 'default-product.jpg', 2, 1),
(461, '8996001351871', 4, 4, 0, 'Wafello Butter Caramel', 1, 1750, 2000, 'default-product.jpg', 1, 1),
(462, '8996001355046', 4, 4, 0, 'Superstar 1000', 33, 900, 1000, 'default-product.jpg', 1, 1),
(463, '8992775001653', 4, 4, 0, 'Gery Salut Wafer Tabur Kelapa 2000', 4, 1667, 2000, 'default-product.jpg', 1, 1),
(464, '', 2, 3, 0, 'Fruit Tea Genggam Freeze 200 ml', 72, 2188, 3500, 'default-product.jpg', 1, 1),
(465, '', 4, 4, 0, 'So Klin Lantai Cirrus Lemon', 10, 900, 1000, 'default-product.jpg', 2, 1),
(466, '8992761164546', 2, 2, 0, 'Nutriboost Strawberry', -41, 5334, 7000, 'default-product.jpg', 1, 1),
(467, '8994171101289', 12, 4, 0, 'Luwak White Cofee', 11, 1150, 2000, 'default-product.jpg', 1, 1),
(468, '', 10, 0, 0, 'Ladaku Merica Bubuk', 0, 880, 1500, 'default-product.jpg', 1, 1),
(469, '8997011930612', 10, 4, 0, 'Ladaku Merica Bubuk', 0, 880, 1500, 'default-product.jpg', 1, 1),
(470, '8998866201971', 12, 4, 0, 'Neo Coffee Mochacino', -11, 780, 1500, 'default-product.jpg', 1, 1),
(471, '8991002101630', 12, 4, 0, 'ABC Susu', -1, 1380, 2000, 'default-product.jpg', 1, 1),
(472, '8996001440353', 10, 4, 0, 'Energen Rasa Jahe', -6, 1850, 2500, 'default-product.jpg', 1, 1),
(473, '8999999502393', 10, 4, 0, 'Royco Ayam/ Sapi', 24, 458, 500, 'default-product.jpg', 1, 1),
(474, '8991389220016', 8, 4, 0, 'Buku SIDU 38 L', -6, 3300, 4000, 'default-product.jpg', 1, 1),
(475, '', 2, 3, 0, 'Fruitea Botol Lemon 350 mL', 96, 3500, 5000, 'default-product.jpg', 2, 1),
(476, '8997225870766', 4, 4, 0, 'Potato Chip Rumput Laut', -8, 1750, 2000, 'default-product.jpg', 1, 1),
(477, '7622210515285', 4, 4, 0, 'Mini Oreo Original', 17, 1800, 2000, 'default-product.jpg', 1, 1),
(478, '8996006858160', 2, 3, 0, 'Fruit Tea Botol Blackcurrant 350 ml', 67, 3500, 5000, 'default-product.jpg', 1, 1),
(479, '', 0, 3, 0, 'Fruitea Botol Blackcurrant 500 ml', 0, 0, 0, 'default-product.jpg', 1, 1),
(480, '', 4, 4, 0, 'Oreo Mini 2000', 140, 1800, 2000, 'default-product.jpg', 2, 1),
(481, '', 4, 4, 0, 'Energen', 20, 1690, 2000, 'default-product.jpg', 2, 1),
(482, '', 10, 4, 0, 'Ladaku Merica Bubuk', 10, 990, 1000, 'default-product.jpg', 2, 1),
(484, '8996006320117', 2, 3, 0, 'Teh Botol Kotak 200ml', 189, 2188, 3000, 'default-product.jpg', 1, 1),
(485, '8996006856869', 2, 3, 0, 'Teh Botol Kotak 330ml', 31, 2708, 3500, 'default-product.jpg', 1, 1),
(486, '8996006742025', 2, 3, 0, 'Fruit Tea Genggam Strawberry 200ml', 113, 2188, 3500, 'default-product.jpg', 1, 1),
(487, '8992775312414', 4, 4, 0, 'Gery Salut Wafer Choco Hazelnut', 36, 450, 500, 'default-product.jpg', 1, 1),
(488, '8996001313657', 4, 4, 0, 'Roma Apetito Tomato', 44, 1705, 2000, 'default-product.jpg', 1, 1),
(489, '8992775203408', 4, 4, 0, 'Garuda Rosta Rasa Bawang', 34, 850, 1000, 'default-product.jpg', 1, 1),
(490, '', 4, 4, 0, 'Gery Malkist Chocolate ukuran 100 gram', 1, 9200, 10000, 'default-product.jpg', 2, 1),
(491, '8996001313633', 4, 4, 0, 'Roma Apetito Barbeque', 20, 1666, 2000, 'default-product.jpg', 1, 1),
(492, '8996001318911', 4, 4, 0, 'Better 3x Lebih Puas 2000', 57, 1590, 2000, 'default-product.jpg', 1, 1),
(493, '8996001308059', 4, 4, 0, 'Roma Sari Gandum Sandwich Susu Cokelat', 128, 1785, 2000, 'default-product.jpg', 1, 1),
(494, '8996001304549', 4, 4, 0, 'Slai OLai Strawberry', 12, 1600, 2000, 'default-product.jpg', 1, 1),
(495, '8996001305553', 4, 4, 0, 'Roma Arden Yogurt Strawberry', 12, 1700, 2000, 'default-product.jpg', 1, 1),
(496, '8996001301364', 4, 4, 0, 'Roma Kelapa Cream Susu Vanila', 3, 1700, 2000, 'default-product.jpg', 1, 1),
(497, '8996001314081', 4, 4, 0, 'Roma Kelapa Cream Cokelat', 4, 1700, 2000, 'default-product.jpg', 1, 1),
(498, '8996001312919', 4, 4, 0, 'Roma Malkist Keju Panggang', 6, 1700, 2000, 'default-product.jpg', 1, 1),
(499, '8993175531696', 4, 4, 0, 'Nabati Siip Richoco', -21, 450, 500, 'default-product.jpg', 1, 1),
(500, '8993175531863', 4, 4, 0, 'Nabati Wafer Richeese', 0, 950, 1000, 'default-product.jpg', 1, 1),
(501, '8992716109172', 4, 4, 0, 'Biskuat Bolu Rasa Cokelat', 7, 1792, 2500, 'default-product.jpg', 1, 1),
(503, '8991001242570', 4, 4, 0, 'Top Delfi Strawberry', 30, 812, 1000, 'default-product.jpg', 1, 1),
(504, '7622210515278', 4, 4, 0, 'Mini Oreo Chocolate', 13, 1800, 2000, 'default-product.jpg', 1, 1),
(505, '7622210695802', 4, 4, 0, 'Mini Oreo Strawberry', -7, 1800, 2000, 'default-product.jpg', 1, 1),
(506, '8995077603303', 4, 4, 0, 'Deka Wafer Roll ChocoChoco', -51, 450, 500, 'default-product.jpg', 1, 1),
(507, '8992741906203', 5, 4, 0, 'Yupi Bolicious', -12, 450, 500, 'default-product.jpg', 1, 1),
(508, '8992775201435', 4, 4, 0, 'Garuda Pilus Pedas', -9, 440, 500, 'default-product.jpg', 1, 1),
(509, '8992775211465', 4, 4, 0, 'Garuda Pilus Abon Sapi', -20, 425, 500, 'default-product.jpg', 1, 1),
(510, '7622201430184', 4, 4, 0, 'Oreo Original', -8, 1800, 2000, 'default-product.jpg', 1, 1),
(511, '8990019000004', 4, 4, 0, 'Mayasi Kacang Jepang Rasa Bawang', -21, 880, 1000, 'default-product.jpg', 1, 1),
(512, '8885013130676', 6, 1, 0, 'AICE Jeruk High Vit C 60g', 19, 1560, 2000, 'default-product.jpg', 1, 1),
(513, '8994116101176', 2, 3, 0, 'Country Choice Kotak Orange 250ml', 42, 4375, 5000, 'default-product.jpg', 1, 1),
(514, '8994755030325', 4, 4, 0, 'Good Time Double Choc', 16, 875, 1000, 'default-product.jpg', 1, 1),
(515, '8997032680978', 4, 4, 0, 'Taro Puff Crunchy Cheese', -2, 1500, 2000, 'default-product.jpg', 1, 1),
(516, '089686729009', 4, 4, 0, 'Maxcorn Roasted Corn', 7, 1860, 2000, 'default-product.jpg', 1, 1),
(517, '8888166995215', 4, 4, 0, 'Nissin Walens Blueberry Soes', 19, 1850, 2000, 'default-product.jpg', 1, 1),
(518, '8991102213387', 5, 4, 0, 'Blaster MintZ Barley', 82, 130, 500, 'default-product.jpg', 1, 1),
(519, '8992775001608', 4, 4, 0, 'Chocolatos Roll Cheese', -35, 795, 1000, 'default-product.jpg', 1, 1),
(520, '7622201430153', 4, 4, 0, 'Oreo Chocolate Cream', -27, 1800, 2000, 'default-product.jpg', 1, 1),
(521, '8996001440087', 3, 4, 0, 'Energen Rasa Kacang Hijau', -2, 1850, 2500, 'default-product.jpg', 1, 1),
(522, '899077602177', 4, 4, 0, 'Kacang Polong Mas Dua Kelinci Rasa Barbeque', -3, 840, 1000, 'default-product.jpg', 1, 1),
(523, '8888166610446', 4, 4, 0, 'Khong Guan Malkist Crackers', -7, 860, 1000, 'default-product.jpg', 1, 1),
(524, '8998866500357', 10, 4, 0, 'Hers Protex Maxi Wings', -8, 550, 1000, 'default-product.jpg', 1, 1),
(525, '8992959117613', 10, 4, 0, 'Softex Daun Sirih Wing Pad', -7, 550, 1000, 'default-product.jpg', 1, 1),
(526, '8992959117606', 10, 4, 0, 'Softex Daun Sirih No Wing Pad', -2, 550, 1000, 'default-product.jpg', 1, 1),
(527, '', 2, 3, 0, 'Fruitea Botol Strawberry 350 ml', 60, 3500, 5000, 'default-product.jpg', 2, 1),
(528, '8885013131680', 6, 1, 0, 'AICE Milk Tea Boba Stick 70ml', 78, 4800, 6000, 'default-product.jpg', 1, 1),
(530, '', 4, 4, 0, 'Good Time Mini 2000', 36, 1708, 2000, 'default-product.jpg', 2, 1),
(532, '', 4, 4, 0, 'Gery Malkist Kelapa', 24, 1691, 2000, 'default-product.jpg', 1, 1),
(533, '', 4, 4, 0, 'Kenji Colak Colek 2000', 20, 1750, 2000, 'default-product.jpg', 2, 1),
(534, '', 4, 4, 0, 'Mister French Fries 2000', 30, 1800, 20, 'default-product.jpg', 2, 1),
(535, '', 4, 4, 0, 'Tango Sassy Strawberry 1000', 40, 610, 1000, 'default-product.jpg', 2, 1),
(536, '', 4, 4, 0, 'Roma Malkist Coklat 1000', 20, 900, 1000, 'default-product.jpg', 2, 1),
(537, '', 4, 4, 0, 'Serena Klik Crackers 500', 40, 440, 500, 'default-product.jpg', 2, 1),
(538, '', 4, 4, 0, 'Gery Malkist Coklat 500', 40, 450, 500, 'default-product.jpg', 2, 1),
(539, '', 4, 4, 0, 'Macito 1000', 40, 525, 1000, 'default-product.jpg', 2, 1),
(540, '', 4, 4, 0, 'Tiktuk Lingga Sari', 50, 400, 500, 'default-product.jpg', 2, 1),
(541, '', 4, 4, 0, 'Kwaci Bison', 40, 450, 500, 'default-product.jpg', 2, 1),
(542, '', 2, 3, 0, 'Fruitea Botol Blackcurrant 350 ml', 36, 3500, 5000, 'default-product.jpg', 2, 1),
(543, '', 4, 4, 0, 'Hothot Pop', 0, 110, 250, 'default-product.jpg', 2, 1),
(544, '', 0, 4, 0, 'Gery Malkist Keju 1000', 0, 880, 1000, 'default-product.jpg', 2, 1),
(545, '', 4, 4, 0, 'Gery Malkist Keju 1000', 20, 880, 1000, 'default-product.jpg', 2, 1),
(546, '', 4, 4, 0, 'Choco Pie ', 84, 1750, 2000, 'default-product.jpg', 2, 1),
(547, '', 4, 4, 0, 'Nabati Wafer 2000', 20, 1750, 2000, 'default-product.jpg', 2, 1),
(548, '', 4, 4, 0, 'Gery Malkist Kelapa Coklat 1000', 20, 880, 1000, 'default-product.jpg', 2, 1),
(549, '8885013131123', 6, 1, 0, 'AICE Taro Crispy Stick 50 ml', 54, 2412, 3000, 'default-product.jpg', 1, 1),
(551, '8885013131987', 6, 1, 0, 'AICE Fruizzy Blueberry Yoghurt', 128, 1920, 2500, 'default-product.jpg', 1, 1),
(552, '', 6, 1, 0, 'AICE Milk Tea Boba Stick 70 ml', 30, 4800, 6000, 'default-product.jpg', 2, 1),
(553, '', 0, 0, 0, 'Power F', -47, 821, 1000, 'default-product.jpg', 2, 1),
(554, '', 4, 4, 0, 'Pasta Keju Richeese', 30, 450, 500, 'default-product.jpg', 2, 1),
(556, '', 2, 4, 0, 'Power F', 264, 825, 1000, 'default-product.jpg', 2, 1),
(557, '', 4, 4, 0, 'French Fries 1000', 20, 900, 1000, 'default-product.jpg', 2, 1),
(558, '', 4, 4, 0, 'Smax Ring', 10, 900, 1000, 'default-product.jpg', 2, 1),
(559, '', 4, 4, 0, 'Nabati Time Break', 20, 1800, 2000, 'default-product.jpg', 2, 1),
(560, '7622201680336', 4, 4, 0, 'Biskuat Bolu Rasa Susu', 2, 1792, 2500, 'default-product.jpg', 1, 1),
(561, '8993175531719', 4, 4, 0, 'Nabati Siip Roasted Corn', 8, 450, 500, 'default-product.jpg', 1, 1),
(562, '8998866500401', 2, 4, 0, 'Power F', 269, 825, 1000, 'default-product.jpg', 1, 1),
(563, '8996001313619', 4, 4, 0, 'Choki Choki Stick 2000', 27, 1735, 2000, 'default-product.jpg', 1, 1),
(564, '8993175551472', 4, 4, 0, 'Nabati TIme Break 2000', 22, 1800, 2000, 'default-product.jpg', 1, 1),
(565, '8991102794619', 4, 4, 0, 'Tango Waffle Choco Hazelnut', 8, 1750, 2000, 'default-product.jpg', 1, 1),
(566, '', 4, 4, 0, 'Sosis Sonice Rasa Ayam', 103, 800, 1000, 'default-product.jpg', 1, 1),
(567, '8991102989305', 4, 4, 0, 'Tango Sassy Strawberry ', 36, 610, 1000, 'default-product.jpg', 1, 1),
(569, '8998009010552', 2, 4, 0, 'Susu Ultramilk Full Cream 200 ml', 22, 4500, 5000, 'default-product.jpg', 1, 1),
(570, '8998009010576', 2, 4, 0, 'Susu Ultramilk Strawberry 200 ml', 5, 4500, 5000, 'default-product.jpg', 1, 1),
(571, '8998009010569', 2, 4, 0, 'Susu Ultramilk Coklat 200 ml', 18, 4500, 5000, 'default-product.jpg', 1, 1),
(573, '', 4, 4, 0, 'Sosis Sonice Jumbo', 17, 1588, 2000, 'default-product.jpg', 2, 1),
(574, '', 4, 4, 0, 'Sosis Kimbo', 48, 813, 1000, 'default-product.jpg', 2, 1),
(575, '', 2, 4, 0, 'Susu Ultramilk Coklat 200 ml', 16, 4500, 5000, 'default-product.jpg', 2, 1),
(576, '', 10, 4, 0, 'Susu Ultramilk Strawberry 200 ml', 10, 4500, 5000, 'default-product.jpg', 2, 1),
(577, '8991999111643', 4, 4, 0, 'Susu Milk Life Stroberi 200 ml', 9, 4100, 5000, 'default-product.jpg', 1, 1),
(578, '8997225840028', 4, 4, 0, 'Roti Aoka Rasa Cokelat', 5, 2100, 2500, 'default-product.jpg', 1, 1),
(579, '8996001317020', 4, 4, 0, 'Better Bigger Vanilla Cream', 9, 1860, 2000, 'default-product.jpg', 1, 1),
(580, '8992775317235', 4, 4, 0, 'Gery Saluut Odonuts Chocomilk', 52, 438, 1000, 'default-product.jpg', 1, 1),
(581, '8996006862174', 2, 3, 0, 'Fruitea Botol Cocopandan 350 ml', 12, 3500, 5000, 'default-product.jpg', 1, 1),
(582, '', 2, 3, 0, 'Fruitea Botol Cocopandan 350 ml', 48, 3500, 5000, 'default-product.jpg', 2, 1),
(583, '8885013130492', 6, 1, 0, 'AICE Milk 40g', 88, 1940, 2500, 'default-product.jpg', 1, 1),
(584, '8992775001608', 4, 4, 0, 'Chocolatos Roll 1000 Sweet Cheese', 40, 825, 1000, 'default-product.jpg', 1, 1);
INSERT INTO `tbl_product` (`id_product`, `code`, `id_category`, `id_place`, `id_owner`, `product`, `qty`, `basic_price`, `selling_price`, `image`, `id_lab`, `is_active`) VALUES
(585, '8992775311479', 4, 4, 0, 'Chocolatos Roll 1000 Dark Chocolate', 0, 825, 1000, 'default-product.jpg', 1, 1),
(586, '', 6, 1, 0, 'AICE Coffee Crispy 45g', 40, 2750, 3500, 'default-product.jpg', 1, 1),
(587, '', 4, 4, 0, 'Mayasi 2000', 29, 1750, 2000, 'default-product.jpg', 1, 1),
(588, '', 4, 4, 0, 'Chocolatos Roll 1000 Sweet Cheese', 80, 825, 1000, 'default-product.jpg', 2, 1),
(589, '', 4, 4, 0, 'Mayasi 2000', 30, 1750, 2000, 'default-product.jpg', 2, 1),
(590, '', 10, 4, 0, 'Tisu Paseo 1000', 0, 825, 1000, 'default-product.jpg', 1, 1),
(591, '', 10, 4, 0, 'Scotch Brite Busa', 6, 2450, 3000, 'default-product.jpg', 1, 1),
(592, '', 10, 4, 0, 'Minyak Jujur 450 ml', 6, 7900, 9000, 'default-product.jpg', 1, 1),
(593, '', 10, 4, 0, 'Minyak Jujur 450 ml', 6, 7900, 9000, 'default-product.jpg', 2, 1),
(594, '', 10, 4, 0, 'Scotch Brite Busa', 5, 2500, 3000, 'default-product.jpg', 2, 1),
(595, '', 5, 4, 0, 'Antangin Permen ', 100, 120, 250, 'default-product.jpg', 1, 1),
(596, '', 4, 4, 0, 'French Fries 1000', 10, 900, 1000, 'default-product.jpg', 1, 1),
(597, '', 5, 4, 0, 'Blaster Chewy Orange', 100, 130, 250, 'default-product.jpg', 2, 1),
(598, '', 4, 4, 0, 'Nabati Nextar Selimut', 80, 450, 500, 'default-product.jpg', 2, 1),
(599, '', 6, 1, 0, 'AICE Mango Slush Hi-C Stick 65g ', 30, 3017, 4000, 'default-product.jpg', 2, 1),
(600, '', 6, 1, 0, 'AICE Fruizzy Blueberry Yoghurt Stick 70ml FIFA EP', 100, 1920, 2500, 'default-product.jpg', 2, 1),
(601, '', 4, 4, 0, 'Torabika Creamy Latte', 10, 1240, 2000, 'default-product.jpg', 2, 1),
(602, '8997009539438', 4, 4, 0, 'Roti Padimas Keju', 1, 2000, 2500, 'default-product.jpg', 1, 1),
(603, '8997009539469', 4, 4, 0, 'Roti Padimas Mix Fruit', 9, 2000, 2500, 'default-product.jpg', 1, 1),
(604, '8993175539210', 4, 4, 0, 'Nextar Brownies', 18, 1780, 2000, 'default-product.jpg', 1, 1),
(605, '8998666001306', 12, 4, 0, 'Torabika Creamy Latte', 10, 1240, 2000, 'default-product.jpg', 1, 1),
(606, '', 4, 4, 0, 'Oishi Rinbee 1000', 20, 850, 1000, 'default-product.jpg', 2, 1),
(607, '8998009011702', 2, 4, 0, 'Susu Ultramilk Rasa Taro 200ml', 4, 4600, 5000, 'default-product.jpg', 1, 1),
(608, '8998009011740', 2, 4, 0, 'Susu Ultramilk Karamel 200ml', 3, 4600, 5000, 'default-product.jpg', 1, 1),
(609, '', 0, 0, 0, 'So Klin Lantai Apel', 0, 875, 1000, 'default-product.jpg', 1, 1),
(610, '', 10, 4, 0, 'So Klin Lantai Apel', 10, 875, 1000, 'default-product.jpg', 1, 1),
(611, '', 10, 4, 0, 'So Klin Lantai Cirrus Lemon', 0, 875, 1000, 'default-product.jpg', 1, 1),
(613, '', 2, 4, 0, 'Susu Ultramilk Taro 200 ml', 5, 4600, 5000, 'default-product.jpg', 2, 1);

-- --------------------------------------------------------

--
-- Table structure for table `tbl_product_categories`
--

CREATE TABLE `tbl_product_categories` (
  `id_category` int(11) NOT NULL,
  `category` varchar(128) NOT NULL
) ENGINE=InnoDB DEFAULT CHARSET=utf8mb4;

--
-- Dumping data for table `tbl_product_categories`
--

INSERT INTO `tbl_product_categories` (`id_category`, `category`) VALUES
(1, 'Air Mineral'),
(2, 'Minuman Berperisa'),
(3, 'Minuman Serbuk'),
(4, 'Snack'),
(5, 'Permen'),
(6, 'Ice Cream'),
(7, 'Mie'),
(8, 'ATK'),
(9, 'Obat-obatan'),
(10, 'Lainnya'),
(12, 'Kopi'),
(13, 'Franchise');

-- --------------------------------------------------------

--
-- Table structure for table `tbl_product_place`
--

CREATE TABLE `tbl_product_place` (
  `id_place` int(11) NOT NULL,
  `place` varchar(125) NOT NULL
) ENGINE=InnoDB DEFAULT CHARSET=utf8mb4;

--
-- Dumping data for table `tbl_product_place`
--

INSERT INTO `tbl_product_place` (`id_place`, `place`) VALUES
(1, 'Es Krim (AICE)'),
(2, 'Showcase Coca-Cola'),
(3, 'Showcase Sosro'),
(4, 'Etalase'),
(5, 'Titipan');

-- --------------------------------------------------------

--
-- Table structure for table `tbl_purchase`
--

CREATE TABLE `tbl_purchase` (
  `id_purchase` int(11) NOT NULL,
  `date_purchasing` date NOT NULL,
  `id_supplier` int(11) NOT NULL,
  `id_user` int(11) NOT NULL,
  `id_lab` int(11) NOT NULL
) ENGINE=InnoDB DEFAULT CHARSET=utf8mb4;

--
-- Dumping data for table `tbl_purchase`
--

INSERT INTO `tbl_purchase` (`id_purchase`, `date_purchasing`, `id_supplier`, `id_user`, `id_lab`) VALUES
(10, '2022-08-29', 3, 4, 2),
(11, '2022-08-29', 1, 4, 2),
(12, '2022-08-29', 1, 5, 1),
(13, '2022-08-30', 1, 5, 1),
(14, '2022-08-31', 3, 4, 2),
(15, '2022-09-01', 1, 4, 2),
(16, '2022-08-31', 3, 5, 1),
(17, '2022-09-01', 5, 4, 2),
(18, '2022-09-01', 3, 4, 2),
(19, '2022-09-05', 3, 5, 1),
(20, '2022-09-05', 5, 4, 2),
(21, '2022-09-05', 1, 4, 2),
(22, '2022-09-05', 4, 5, 1),
(23, '2022-09-05', 1, 5, 1),
(24, '2022-09-07', 3, 4, 2),
(25, '2022-09-08', 1, 4, 2),
(26, '2022-09-12', 1, 4, 2),
(27, '2022-09-12', 5, 4, 2),
(28, '2022-09-08', 3, 5, 1),
(29, '2022-09-14', 1, 4, 2),
(30, '2022-09-14', 1, 5, 1),
(31, '2022-09-14', 5, 5, 1),
(32, '2022-09-08', 1, 5, 1),
(33, '2022-09-14', 4, 5, 1),
(34, '2022-09-14', 3, 5, 1),
(35, '2022-09-14', 3, 4, 2),
(36, '2022-09-19', 1, 4, 2),
(37, '2022-09-20', 3, 5, 1),
(38, '2022-09-20', 1, 5, 1),
(39, '2022-09-20', 3, 4, 2),
(40, '2022-09-20', 5, 4, 2),
(41, '2022-09-21', 1, 4, 2),
(42, '2022-09-21', 5, 4, 2),
(43, '2022-09-21', 5, 5, 1),
(44, '2022-09-23', 3, 5, 1),
(45, '2022-09-23', 3, 4, 2),
(46, '2022-09-26', 1, 4, 2),
(47, '2022-09-27', 4, 4, 2),
(48, '2022-09-28', 5, 4, 2),
(49, '2022-09-29', 3, 4, 2),
(50, '2022-10-03', 1, 4, 2),
(51, '2022-10-04', 5, 4, 2),
(52, '2022-10-05', 3, 4, 2),
(53, '2022-10-06', 1, 4, 2),
(54, '2022-10-08', 4, 4, 2),
(55, '2022-10-11', 3, 5, 1),
(56, '2022-10-11', 3, 4, 2),
(57, '2022-10-11', 1, 4, 2),
(58, '2022-10-12', 5, 4, 2),
(59, '2022-10-03', 1, 5, 1),
(60, '2022-10-17', 1, 4, 2),
(61, '2022-10-17', 3, 5, 1),
(62, '2022-10-17', 4, 5, 1),
(63, '2022-10-17', 5, 5, 1),
(64, '2022-10-17', 1, 5, 1),
(65, '2022-10-17', 3, 4, 2),
(66, '2022-10-19', 5, 4, 2),
(67, '2022-10-19', 1, 4, 2),
(68, '2022-10-20', 4, 4, 2),
(69, '2022-10-20', 1, 4, 1),
(70, '2022-10-24', 1, 4, 2),
(71, '2022-10-25', 5, 5, 1),
(72, '2022-10-25', 3, 4, 2),
(73, '2022-10-26', 4, 5, 1),
(74, '2022-10-26', 3, 5, 1),
(75, '2022-10-26', 1, 5, 1),
(76, '2022-10-27', 1, 4, 2),
(77, '2022-11-01', 4, 4, 2),
(78, '2022-11-07', 3, 4, 2),
(79, '2022-11-07', 1, 4, 2),
(80, '2022-11-08', 4, 4, 2),
(81, '2022-11-09', 4, 5, 1),
(82, '2022-11-15', 5, 4, 2),
(83, '2022-11-15', 1, 4, 1),
(84, '2022-11-16', 4, 4, 2),
(85, '2022-11-16', 3, 5, 1),
(86, '2022-11-17', 1, 4, 2),
(87, '2022-11-16', 3, 4, 2),
(88, '2023-01-10', 1, 4, 2),
(89, '2023-01-11', 1, 4, 1),
(90, '2023-01-12', 1, 4, 2),
(91, '2023-01-12', 4, 4, 2),
(92, '2023-01-12', 4, 4, 1),
(93, '2023-01-13', 5, 4, 2),
(94, '2023-01-13', 1, 4, 1),
(95, '2023-01-17', 3, 4, 1),
(96, '2023-01-17', 3, 4, 2),
(97, '2023-01-18', 1, 4, 2),
(98, '2023-01-19', 4, 4, 2),
(99, '2023-01-19', 5, 4, 2),
(100, '2023-01-19', 4, 4, 1),
(101, '2023-01-19', 5, 4, 1),
(102, '2023-01-19', 1, 4, 1),
(103, '2023-01-24', 1, 4, 1),
(104, '2023-01-24', 1, 4, 2),
(105, '2023-01-26', 1, 4, 1),
(106, '2023-01-26', 1, 4, 2),
(107, '2023-01-31', 4, 4, 1),
(108, '2023-01-31', 4, 4, 2),
(109, '2023-01-30', 1, 4, 1),
(110, '2023-01-30', 3, 4, 1),
(111, '2023-01-30', 3, 4, 2),
(112, '2023-01-30', 1, 4, 2),
(113, '2023-02-06', 1, 4, 1),
(114, '2023-02-06', 1, 4, 2),
(115, '2023-02-07', 3, 4, 2),
(116, '2023-02-07', 3, 4, 1),
(117, '2023-02-08', 1, 4, 1),
(118, '2023-02-08', 1, 4, 2),
(119, '2023-02-09', 1, 4, 1),
(120, '2023-02-09', 5, 4, 1),
(121, '2023-02-09', 5, 4, 2),
(122, '2023-02-09', 4, 4, 2),
(123, '2023-02-09', 1, 4, 2);

-- --------------------------------------------------------

--
-- Table structure for table `tbl_purchase_detail`
--

CREATE TABLE `tbl_purchase_detail` (
  `id_purchase_detail` int(11) NOT NULL,
  `id_purchase` int(11) NOT NULL,
  `id_product` int(11) NOT NULL,
  `qty_product` int(11) NOT NULL,
  `basic_price` int(11) NOT NULL,
  `total_price` int(11) NOT NULL
) ENGINE=InnoDB DEFAULT CHARSET=utf8mb4;

--
-- Dumping data for table `tbl_purchase_detail`
--

INSERT INTO `tbl_purchase_detail` (`id_purchase_detail`, `id_purchase`, `id_product`, `qty_product`, `basic_price`, `total_price`) VALUES
(24, 10, 141, 100, 1900, 190000),
(25, 10, 157, 40, 2412, 96480),
(26, 10, 139, 80, 1912, 152960),
(27, 10, 154, 120, 2362, 283440),
(28, 10, 149, 60, 3017, 181020),
(29, 10, 146, 60, 1558, 93480),
(30, 10, 151, 50, 1540, 77000),
(31, 10, 150, 50, 1540, 77000),
(32, 10, 152, 40, 2750, 110000),
(33, 11, 188, 15, 1800, 27000),
(34, 11, 230, 96, 813, 78048),
(35, 11, 313, 50, 130, 6500),
(36, 11, 314, 50, 130, 6500),
(37, 11, 182, 100, 104, 10400),
(38, 11, 196, 48, 450, 21600),
(39, 11, 198, 40, 870, 34800),
(40, 11, 189, 51, 1700, 86700),
(41, 11, 236, 48, 813, 39024),
(42, 11, 209, 60, 450, 27000),
(43, 11, 213, 24, 1817, 43608),
(44, 11, 214, 24, 1750, 42000),
(45, 11, 246, 20, 850, 17000),
(46, 11, 215, 24, 450, 10800),
(47, 11, 217, 10, 2000, 20000),
(48, 11, 222, 20, 1750, 35000),
(49, 11, 315, 2, 6200, 12400),
(50, 11, 223, 24, 1750, 42000),
(51, 11, 224, 24, 1750, 42000),
(52, 11, 229, 24, 1335, 32040),
(53, 12, 43, 96, 813, 78048),
(54, 12, 47, 40, 196, 7840),
(55, 12, 134, 96, 281, 26976),
(56, 12, 4, 240, 1520, 364800),
(57, 12, 105, 100, 106, 10600),
(58, 12, 88, 48, 804, 38592),
(59, 12, 16, 51, 1700, 86700),
(60, 12, 121, 15, 1800, 27000),
(62, 11, 202, 40, 425, 17000),
(63, 11, 228, 40, 425, 17000),
(65, 11, 316, 10, 3300, 33000),
(66, 11, 317, 20, 900, 18000),
(67, 11, 172, 96, 281, 26976),
(68, 11, 136, 240, 958, 229920),
(69, 13, 79, 120, 3958, 474960),
(70, 13, 81, 60, 2375, 142500),
(71, 13, 80, 60, 3958, 237480),
(72, 13, 82, 60, 2375, 142500),
(73, 13, 83, 60, 2375, 142500),
(74, 13, 85, 60, 3958, 237480),
(75, 12, 87, 40, 900, 36000),
(76, 12, 120, 24, 1750, 42000),
(77, 12, 38, 24, 1750, 42000),
(78, 12, 37, 20, 1750, 35000),
(79, 12, 123, 20, 840, 16800),
(80, 12, 29, 60, 450, 27000),
(81, 12, 31, 24, 1667, 40008),
(82, 12, 126, 10, 2000, 20000),
(83, 12, 33, 24, 450, 10800),
(84, 12, 18, 20, 900, 18000),
(85, 12, 319, 20, 1600, 32000),
(86, 14, 152, 80, 2750, 220000),
(87, 14, 154, 80, 2362, 188960),
(89, 14, 147, 40, 1912, 76480),
(90, 14, 150, 50, 1540, 77000),
(92, 14, 335, 24, 4042, 97008),
(93, 16, 92, 50, 1540, 77000),
(94, 16, 101, 80, 2750, 220000),
(95, 16, 91, 50, 1540, 77000),
(96, 16, 93, 120, 3500, 420000),
(97, 16, 97, 80, 1912, 152960),
(98, 16, 90, 60, 1558, 93480),
(100, 16, 291, 40, 2313, 92520),
(101, 16, 294, 40, 2313, 92520),
(102, 16, 318, 72, 4063, 292536),
(103, 16, 102, 24, 4041, 96984),
(104, 15, 336, 5, 14000, 70000),
(105, 15, 188, 10, 1800, 18000),
(106, 15, 191, 20, 900, 18000),
(107, 15, 196, 24, 450, 10800),
(108, 15, 208, 24, 875, 21000),
(109, 15, 213, 12, 1817, 21804),
(110, 15, 210, 10, 900, 9000),
(111, 15, 215, 24, 450, 10800),
(112, 15, 222, 20, 1750, 35000),
(113, 15, 223, 24, 1750, 42000),
(114, 15, 281, 12, 1791, 21492),
(115, 15, 229, 24, 1335, 32040),
(116, 15, 230, 24, 813, 19512),
(117, 15, 234, 12, 875, 10500),
(118, 15, 136, 48, 958, 45984),
(119, 15, 216, 48, 446, 21408),
(120, 17, 166, 240, 3500, 840000),
(121, 18, 144, 160, 2425, 388000),
(122, 18, 148, 40, 2313, 92520),
(123, 18, 160, 24, 4062, 97488),
(124, 18, 159, 24, 4062, 97488),
(125, 18, 140, 48, 4062, 194976),
(126, 18, 154, 80, 2362, 188960),
(127, 18, 146, 60, 1558, 93480),
(128, 18, 137, 40, 2313, 92520),
(129, 18, 337, 48, 3208, 153984),
(130, 20, 168, 36, 3833, 137988),
(131, 19, 92, 50, 1550, 77500),
(132, 20, 167, 24, 5333, 127992),
(133, 19, 101, 80, 2750, 220000),
(134, 19, 91, 50, 1550, 77500),
(135, 19, 93, 120, 2362, 283440),
(136, 20, 170, 36, 3958, 142488),
(137, 19, 97, 80, 1913, 153040),
(138, 19, 90, 60, 1558, 93480),
(139, 19, 94, 40, 2313, 92520),
(140, 19, 291, 40, 2313, 92520),
(141, 20, 165, 36, 2375, 85500),
(142, 20, 163, 36, 2375, 85500),
(143, 19, 102, 24, 4042, 97008),
(144, 19, 99, 40, 2425, 97000),
(145, 21, 188, 25, 1800, 45000),
(146, 21, 230, 48, 813, 39024),
(147, 21, 182, 150, 106, 15900),
(148, 21, 184, 150, 170, 25500),
(149, 21, 189, 17, 1710, 29070),
(150, 21, 189, 34, 1700, 57800),
(151, 21, 211, 20, 880, 17600),
(152, 21, 213, 24, 1817, 43608),
(153, 21, 217, 5, 2000, 10000),
(154, 21, 219, 60, 450, 27000),
(155, 21, 221, 40, 450, 18000),
(156, 21, 221, 40, 425, 17000),
(157, 21, 222, 20, 1750, 35000),
(158, 21, 227, 20, 900, 18000),
(159, 21, 281, 24, 1791, 42984),
(160, 21, 230, 48, 813, 39024),
(161, 21, 177, 24, 813, 19512),
(162, 22, 295, 48, 1500, 72000),
(163, 22, 296, 24, 2083, 49992),
(164, 22, 297, 48, 2146, 103008),
(165, 22, 298, 48, 2625, 126000),
(166, 22, 299, 12, 3333, 39996),
(167, 22, 343, 12, 3333, 39996),
(168, 22, 344, 12, 3333, 39996),
(169, 22, 345, 12, 3333, 39996),
(170, 22, 346, 24, 2146, 51504),
(171, 22, 300, 24, 2146, 51504),
(172, 22, 301, 24, 4167, 100008),
(173, 22, 302, 24, 3333, 79992),
(174, 22, 303, 24, 3333, 79992),
(175, 22, 304, 48, 1354, 64992),
(176, 22, 308, 24, 3375, 81000),
(177, 22, 310, 48, 3333, 159984),
(178, 22, 348, 24, 2355, 56520),
(179, 22, 347, 24, 2355, 56520),
(180, 22, 349, 24, 2355, 56520),
(181, 22, 341, 24, 1771, 42504),
(182, 22, 331, 12, 5120, 61440),
(183, 22, 350, 24, 3375, 81000),
(184, 23, 76, 5, 2500, 12500),
(185, 23, 53, 10, 2675, 26750),
(186, 23, 52, 10, 2525, 25250),
(187, 23, 55, 10, 2525, 25250),
(188, 23, 54, 10, 2363, 23630),
(189, 23, 121, 5, 1800, 9000),
(190, 23, 105, 100, 106, 10600),
(191, 23, 322, 48, 450, 21600),
(192, 23, 48, 100, 120, 12000),
(193, 23, 110, 100, 138, 13800),
(194, 23, 18, 20, 900, 18000),
(195, 23, 88, 24, 813, 19512),
(196, 23, 111, 48, 450, 21600),
(197, 23, 25, 20, 850, 17000),
(198, 23, 113, 48, 450, 21600),
(199, 23, 29, 40, 450, 18000),
(200, 23, 117, 20, 880, 17600),
(201, 23, 324, 20, 850, 17000),
(202, 23, 31, 24, 1667, 40008),
(203, 23, 33, 48, 450, 21600),
(204, 23, 126, 10, 2000, 20000),
(205, 23, 35, 40, 450, 18000),
(206, 23, 35, 40, 450, 18000),
(207, 23, 36, 80, 450, 36000),
(208, 23, 351, 10, 1800, 18000),
(209, 23, 120, 24, 1750, 42000),
(210, 23, 120, 24, 1750, 42000),
(211, 23, 120, 24, 1750, 42000),
(212, 23, 38, 24, 1750, 42000),
(213, 23, 24, 60, 425, 25500),
(214, 23, 39, 20, 1780, 35600),
(215, 23, 41, 20, 900, 18000),
(216, 23, 127, 40, 375, 15000),
(217, 23, 130, 10, 2700, 27000),
(218, 23, 11, 24, 813, 19512),
(219, 23, 2, 240, 292, 70080),
(220, 23, 4, 240, 1520, 364800),
(221, 23, 69, 20, 440, 8800),
(222, 23, 353, 10, 2200, 22000),
(223, 23, 352, 10, 11000, 110000),
(224, 24, 157, 80, 2412, 192960),
(225, 24, 140, 24, 4062, 97488),
(226, 24, 139, 80, 1912, 152960),
(227, 24, 154, 120, 2362, 283440),
(228, 24, 141, 100, 1900, 190000),
(229, 24, 146, 120, 1558, 186960),
(230, 24, 158, 40, 4000, 160000),
(231, 24, 152, 80, 2750, 220000),
(232, 24, 150, 100, 1540, 154000),
(233, 24, 151, 100, 1540, 154000),
(234, 24, 355, 50, 1940, 97000),
(235, 21, 263, 10, 11000, 110000),
(236, 21, 189, 34, 1710, 58140),
(237, 21, 281, 12, 1791, 21492),
(238, 21, 172, 240, 292, 70080),
(239, 21, 136, 360, 958, 344880),
(240, 25, 188, 16, 1800, 28800),
(241, 25, 313, 50, 130, 6500),
(242, 25, 196, 72, 450, 32400),
(243, 25, 185, 100, 120, 12000),
(244, 25, 357, 50, 120, 6000),
(245, 25, 209, 20, 450, 9000),
(246, 25, 222, 60, 1750, 105000),
(247, 25, 223, 48, 1750, 84000),
(248, 25, 228, 40, 450, 18000),
(249, 25, 226, 12, 1792, 21504),
(250, 25, 237, 20, 900, 18000),
(251, 25, 253, 30, 430, 12900),
(252, 26, 188, 30, 1800, 54000),
(253, 26, 230, 100, 813, 81300),
(254, 26, 189, 34, 1710, 58140),
(255, 26, 190, 30, 854, 25620),
(256, 26, 224, 36, 1792, 64512),
(257, 26, 203, 10, 1850, 18500),
(258, 26, 206, 48, 438, 21024),
(260, 26, 208, 48, 875, 42000),
(261, 26, 209, 20, 450, 9000),
(262, 26, 213, 24, 1817, 43608),
(263, 26, 214, 12, 1792, 21504),
(264, 26, 218, 40, 875, 35000),
(265, 26, 356, 10, 3700, 37000),
(266, 26, 222, 30, 1750, 52500),
(267, 26, 229, 24, 1335, 32040),
(268, 26, 226, 24, 1792, 43008),
(269, 26, 268, 20, 1130, 22600),
(270, 26, 267, 10, 1180, 11800),
(271, 26, 289, 40, 560, 22400),
(272, 26, 136, 96, 958, 91968),
(273, 26, 272, 12, 1625, 19500),
(274, 26, 204, 40, 850, 34000),
(275, 26, 358, 24, 1733, 41592),
(276, 27, 164, 36, 3958, 142488),
(277, 27, 170, 36, 3958, 142488),
(278, 27, 138, 36, 3958, 142488),
(279, 27, 169, 24, 2375, 57000),
(280, 27, 163, 24, 2375, 57000),
(281, 27, 165, 24, 2375, 57000),
(282, 27, 168, 24, 3833, 91992),
(283, 27, 167, 24, 5333, 127992),
(284, 28, 92, 50, 1550, 77500),
(285, 28, 101, 80, 2750, 220000),
(286, 28, 91, 50, 1550, 77500),
(287, 28, 93, 120, 2362, 283440),
(288, 28, 97, 80, 1913, 153040),
(289, 28, 90, 60, 1558, 93480),
(290, 28, 294, 40, 2313, 92520),
(291, 28, 291, 40, 2313, 92520),
(292, 28, 104, 48, 4062, 194976),
(293, 28, 102, 24, 4042, 97008),
(294, 28, 100, 40, 4000, 160000),
(295, 28, 361, 30, 3017, 90510),
(296, 29, 188, 25, 1800, 45000),
(297, 29, 214, 12, 1792, 21504),
(298, 29, 199, 24, 1667, 40008),
(299, 29, 208, 12, 875, 10500),
(300, 29, 209, 40, 450, 18000),
(301, 29, 213, 24, 1817, 43608),
(302, 29, 214, 24, 1792, 43008),
(303, 29, 222, 20, 1750, 35000),
(304, 29, 226, 36, 1792, 64512),
(305, 29, 180, 15, 4300, 64500),
(306, 29, 136, 120, 958, 114960),
(307, 32, 121, 5, 1800, 9000),
(308, 32, 320, 100, 130, 13000),
(309, 32, 22, 48, 795, 38160),
(310, 32, 48, 100, 120, 12000),
(311, 32, 110, 100, 138, 13800),
(312, 32, 111, 48, 450, 21600),
(313, 32, 25, 20, 850, 17000),
(314, 32, 113, 24, 450, 10800),
(315, 32, 29, 40, 450, 18000),
(316, 32, 354, 20, 880, 17600),
(317, 32, 112, 20, 1254, 25080),
(318, 32, 324, 20, 850, 17000),
(319, 32, 31, 24, 1667, 40008),
(320, 32, 126, 11, 2000, 22000),
(321, 32, 120, 24, 1750, 42000),
(322, 32, 38, 24, 1750, 42000),
(323, 32, 24, 60, 425, 25500),
(324, 32, 39, 20, 1780, 35600),
(325, 32, 41, 20, 900, 18000),
(326, 32, 130, 10, 2700, 27000),
(327, 32, 11, 24, 813, 19512),
(328, 32, 2, 240, 292, 70080),
(329, 32, 4, 240, 1520, 364800),
(330, 31, 83, 12, 2375, 28500),
(331, 31, 81, 84, 2375, 199500),
(332, 31, 80, 132, 3958, 522456),
(333, 31, 79, 72, 3958, 284976),
(334, 31, 85, 48, 3958, 189984),
(335, 31, 339, 48, 3500, 168000),
(336, 31, 78, 12, 3833, 45996),
(337, 31, 86, 72, 5333, 383976),
(338, 32, 363, 11, 1800, 19800),
(339, 32, 362, 20, 900, 18000),
(340, 30, 364, 12, 14167, 170004),
(341, 30, 121, 5, 1800, 9000),
(342, 30, 322, 48, 450, 21600),
(343, 30, 48, 50, 120, 6000),
(344, 30, 110, 50, 138, 6900),
(345, 30, 18, 20, 900, 18000),
(346, 30, 23, 24, 1567, 37608),
(347, 30, 25, 20, 850, 17000),
(348, 30, 113, 72, 450, 32400),
(349, 30, 114, 40, 850, 34000),
(350, 30, 29, 40, 450, 18000),
(351, 30, 30, 20, 850, 17000),
(352, 30, 118, 20, 840, 16800),
(353, 30, 31, 24, 1867, 44808),
(354, 30, 33, 48, 450, 21600),
(355, 30, 35, 40, 450, 18000),
(356, 30, 36, 80, 450, 36000),
(357, 30, 120, 24, 1792, 43008),
(358, 30, 38, 24, 1792, 43008),
(359, 30, 24, 60, 425, 25500),
(360, 30, 39, 20, 1780, 35600),
(361, 30, 41, 60, 900, 54000),
(362, 30, 9, 48, 1042, 50016),
(363, 30, 130, 10, 2700, 27000),
(364, 30, 10, 48, 1042, 50016),
(365, 30, 73, 72, 875, 63000),
(366, 30, 2, 240, 292, 70080),
(367, 30, 4, 240, 1520, 364800),
(368, 30, 353, 10, 2200, 22000),
(369, 30, 365, 50, 115, 5750),
(370, 30, 366, 40, 150, 6000),
(371, 30, 367, 10, 3700, 37000),
(372, 35, 157, 80, 2412, 192960),
(373, 35, 159, 48, 4062, 194976),
(374, 35, 139, 40, 1912, 76480),
(375, 35, 154, 160, 2362, 377920),
(376, 35, 158, 40, 4000, 160000),
(377, 35, 152, 80, 2750, 220000),
(378, 35, 137, 80, 2313, 185040),
(379, 35, 148, 40, 2313, 92520),
(380, 33, 301, 24, 4167, 100008),
(381, 33, 350, 24, 3375, 81000),
(382, 33, 311, 12, 4750, 57000),
(383, 33, 343, 12, 3333, 39996),
(384, 33, 345, 12, 3333, 39996),
(385, 33, 344, 12, 3333, 39996),
(386, 33, 346, 24, 2146, 51504),
(387, 33, 349, 24, 2355, 56520),
(388, 33, 347, 24, 2355, 56520),
(389, 33, 341, 24, 1771, 42504),
(390, 33, 333, 24, 1771, 42504),
(391, 33, 305, 48, 1188, 57024),
(392, 33, 304, 48, 1354, 64992),
(393, 33, 306, 48, 469, 22512),
(394, 33, 296, 24, 2083, 49992),
(395, 33, 295, 48, 1500, 72000),
(396, 33, 310, 48, 3333, 159984),
(397, 33, 331, 12, 5120, 61440),
(398, 33, 297, 48, 2146, 103008),
(399, 33, 298, 48, 2625, 126000),
(400, 33, 308, 24, 3375, 81000),
(401, 33, 303, 24, 3333, 79992),
(402, 33, 302, 24, 3333, 79992),
(403, 33, 300, 12, 3333, 39996),
(404, 34, 101, 80, 2750, 220000),
(405, 34, 93, 80, 2362, 188960),
(406, 34, 91, 50, 1550, 77500),
(407, 34, 291, 40, 2313, 92520),
(408, 34, 97, 40, 1913, 76520),
(409, 34, 90, 60, 1558, 93480),
(410, 34, 89, 50, 1550, 77500),
(411, 34, 361, 30, 3017, 90510),
(412, 34, 369, 40, 2363, 94520),
(413, 34, 370, 48, 4063, 195024),
(414, 34, 371, 24, 4042, 97008),
(415, 36, 188, 30, 1800, 54000),
(416, 36, 196, 48, 450, 21600),
(417, 36, 183, 50, 120, 6000),
(418, 36, 184, 100, 170, 17000),
(419, 36, 187, 50, 138, 6900),
(420, 36, 189, 34, 1706, 58004),
(421, 36, 191, 10, 900, 9000),
(422, 36, 236, 48, 813, 39024),
(423, 36, 216, 48, 730, 35040),
(424, 36, 375, 20, 880, 17600),
(425, 36, 215, 48, 450, 21600),
(426, 36, 226, 24, 1792, 43008),
(427, 36, 230, 24, 813, 19512),
(428, 36, 173, 48, 825, 39600),
(429, 36, 278, 100, 285, 28500),
(430, 36, 258, 20, 900, 18000),
(431, 36, 260, 10, 1750, 17500),
(432, 36, 376, 24, 1063, 25512),
(433, 29, 377, 12, 875, 10500),
(434, 37, 91, 50, 1550, 77500),
(435, 37, 101, 80, 2750, 220000),
(436, 37, 93, 120, 2362, 283440),
(437, 37, 97, 40, 1913, 76520),
(438, 37, 90, 120, 1558, 186960),
(439, 37, 291, 40, 2313, 92520),
(440, 37, 99, 80, 2425, 194000),
(441, 37, 361, 30, 3017, 90510),
(442, 39, 378, 150, 1550, 232500),
(443, 39, 151, 150, 1550, 232500),
(444, 39, 150, 100, 1550, 155000),
(445, 39, 146, 120, 1558, 186960),
(446, 39, 144, 40, 2425, 97000),
(447, 39, 379, 150, 1560, 234000),
(448, 39, 152, 40, 2750, 110000),
(449, 39, 154, 80, 2362, 188960),
(450, 40, 169, 48, 2375, 114000),
(451, 40, 163, 48, 2375, 114000),
(452, 40, 165, 60, 2375, 142500),
(453, 40, 170, 12, 3958, 47496),
(454, 40, 164, 12, 3958, 47496),
(455, 40, 167, 24, 5333, 127992),
(456, 40, 138, 12, 3958, 47496),
(457, 40, 168, 12, 3833, 45996),
(458, 41, 188, 10, 1800, 18000),
(459, 41, 180, 10, 4300, 43000),
(460, 41, 316, 12, 3300, 39600),
(461, 41, 180, 10, 4300, 43000),
(462, 41, 136, 240, 958, 229920),
(463, 41, 180, 5, 4300, 21500),
(464, 41, 172, 240, 292, 70080),
(465, 42, 168, 12, 3833, 45996),
(466, 42, 170, 24, 3958, 94992),
(467, 42, 166, 36, 3500, 126000),
(468, 42, 138, 24, 3958, 94992),
(469, 42, 167, 24, 5333, 127992),
(470, 42, 164, 36, 3958, 142488),
(471, 44, 101, 80, 2750, 220000),
(472, 44, 91, 50, 1550, 77500),
(473, 44, 93, 120, 2362, 283440),
(474, 44, 97, 40, 1913, 76520),
(475, 44, 90, 120, 1558, 186960),
(476, 44, 291, 40, 2313, 92520),
(477, 44, 99, 80, 2425, 194000),
(478, 44, 361, 30, 3017, 90510),
(479, 44, 100, 40, 4000, 160000),
(480, 45, 144, 160, 2425, 388000),
(481, 45, 147, 80, 1912, 152960),
(482, 45, 142, 40, 4000, 160000),
(483, 45, 381, 40, 2313, 92520),
(484, 43, 339, 48, 3500, 168000),
(485, 43, 86, 48, 5334, 256032),
(486, 43, 83, 48, 2375, 114000),
(487, 43, 85, 36, 3958, 142488),
(488, 43, 81, 36, 2375, 85500),
(489, 43, 79, 24, 3958, 94992),
(490, 38, 320, 100, 130, 13000),
(491, 38, 121, 5, 1800, 9000),
(492, 38, 322, 24, 450, 10800),
(493, 38, 48, 50, 120, 6000),
(494, 38, 110, 50, 138, 6900),
(495, 38, 18, 20, 900, 18000),
(496, 38, 88, 48, 813, 39024),
(497, 38, 23, 24, 1567, 37608),
(498, 38, 25, 20, 850, 17000),
(499, 38, 113, 72, 450, 32400),
(500, 38, 26, 40, 440, 17600),
(501, 38, 29, 20, 450, 9000),
(502, 38, 30, 20, 850, 17000),
(503, 38, 118, 20, 840, 16800),
(504, 38, 31, 24, 1867, 44808),
(505, 38, 33, 48, 450, 21600),
(506, 38, 367, 10, 4000, 40000),
(507, 38, 122, 40, 450, 18000),
(508, 38, 36, 80, 450, 36000),
(509, 38, 120, 24, 1792, 43008),
(510, 38, 38, 24, 1792, 43008),
(511, 38, 24, 60, 425, 25500),
(512, 38, 39, 20, 1780, 35600),
(513, 38, 41, 60, 900, 54000),
(514, 38, 382, 24, 900, 21600),
(515, 38, 2, 240, 292, 70080),
(516, 38, 4, 240, 1520, 364800),
(517, 38, 353, 10, 2200, 22000),
(518, 46, 230, 48, 813, 39024),
(519, 46, 313, 50, 130, 6500),
(520, 46, 182, 100, 110, 11000),
(521, 46, 196, 48, 450, 21600),
(522, 46, 198, 60, 900, 54000),
(523, 46, 184, 100, 170, 17000),
(524, 46, 189, 34, 1706, 58004),
(525, 46, 236, 48, 813, 39024),
(526, 46, 383, 20, 880, 17600),
(527, 46, 375, 10, 880, 8800),
(528, 46, 208, 24, 875, 21000),
(529, 46, 384, 12, 875, 10500),
(530, 46, 209, 20, 450, 9000),
(531, 46, 213, 12, 1792, 21504),
(532, 46, 227, 20, 850, 17000),
(533, 46, 215, 24, 450, 10800),
(534, 46, 219, 60, 450, 27000),
(535, 46, 221, 80, 450, 36000),
(536, 46, 223, 12, 1792, 21504),
(537, 46, 202, 20, 440, 8800),
(538, 46, 226, 24, 1792, 43008),
(539, 46, 229, 24, 1335, 32040),
(540, 46, 230, 48, 813, 39024),
(541, 46, 230, 24, 813, 19512),
(542, 46, 234, 24, 875, 21000),
(543, 46, 180, 15, 4300, 64500),
(544, 46, 136, 72, 958, 68976),
(545, 46, 385, 4, 575, 2300),
(546, 46, 386, 4, 613, 2452),
(547, 46, 286, 18, 833, 14994),
(548, 46, 287, 10, 2200, 22000),
(549, 46, 168, 12, 3833, 45996),
(550, 46, 387, 10, 850, 8500),
(551, 47, 388, 24, 4167, 100008),
(552, 47, 409, 24, 3375, 81000),
(553, 48, 169, 48, 2375, 114000),
(554, 48, 163, 36, 2375, 85500),
(555, 48, 165, 12, 2375, 28500),
(556, 48, 164, 12, 3958, 47496),
(557, 48, 167, 36, 5333, 191988),
(558, 47, 389, 12, 3333, 39996),
(559, 47, 390, 12, 4790, 57480),
(560, 47, 391, 12, 3333, 39996),
(561, 47, 392, 12, 3333, 39996),
(562, 47, 393, 24, 2146, 51504),
(563, 47, 394, 24, 2146, 51504),
(564, 47, 395, 24, 2354, 56496),
(565, 47, 396, 24, 2354, 56496),
(566, 47, 410, 24, 1771, 42504),
(567, 47, 411, 24, 1771, 42504),
(568, 47, 397, 48, 1186, 56928),
(569, 47, 412, 48, 1354, 64992),
(570, 47, 398, 96, 448, 43008),
(571, 47, 399, 24, 2083, 49992),
(572, 47, 400, 48, 1500, 72000),
(573, 47, 401, 36, 3333, 119988),
(574, 47, 402, 12, 4792, 57504),
(575, 47, 403, 24, 2145, 51480),
(576, 47, 404, 24, 2625, 63000),
(577, 47, 405, 24, 3375, 81000),
(578, 47, 406, 24, 3583, 85992),
(579, 47, 408, 24, 3333, 79992),
(580, 47, 407, 12, 3333, 39996),
(581, 49, 157, 40, 2412, 96480),
(582, 49, 140, 48, 4062, 194976),
(583, 49, 139, 80, 1912, 152960),
(584, 49, 154, 160, 2362, 377920),
(585, 49, 152, 80, 2750, 220000),
(586, 49, 146, 120, 1558, 186960),
(587, 49, 142, 40, 4000, 160000),
(588, 49, 413, 40, 2362, 94480),
(589, 50, 357, 50, 108, 5400),
(590, 50, 314, 50, 130, 6500),
(591, 50, 182, 100, 110, 11000),
(592, 50, 196, 72, 450, 32400),
(593, 50, 198, 40, 900, 36000),
(594, 50, 184, 150, 170, 25500),
(595, 50, 185, 50, 120, 6000),
(596, 50, 377, 24, 900, 21600),
(597, 50, 189, 51, 1706, 87006),
(598, 50, 193, 10, 1750, 17500),
(599, 50, 209, 40, 450, 18000),
(600, 50, 213, 24, 1792, 43008),
(601, 50, 214, 24, 1792, 43008),
(602, 50, 215, 48, 450, 21600),
(603, 50, 387, 50, 850, 42500),
(604, 50, 222, 40, 1750, 70000),
(605, 50, 223, 36, 1792, 64512),
(606, 50, 265, 24, 1792, 43008),
(607, 50, 202, 80, 440, 35200),
(608, 50, 228, 40, 450, 18000),
(609, 50, 226, 24, 1792, 43008),
(610, 50, 231, 30, 900, 27000),
(611, 50, 202, 40, 440, 17600),
(612, 50, 180, 20, 4300, 86000),
(613, 50, 268, 10, 1130, 11300),
(614, 50, 267, 20, 1180, 23600),
(615, 50, 415, 10, 1780, 17800),
(617, 50, 289, 10, 1120, 11200),
(618, 50, 258, 6, 900, 5400),
(619, 50, 416, 10, 1180, 11800),
(620, 50, 172, 144, 292, 42048),
(621, 50, 417, 10, 780, 7800),
(622, 50, 418, 4, 538, 2152),
(623, 50, 419, 5, 5800, 29000),
(624, 50, 385, 12, 575, 6900),
(625, 50, 253, 20, 440, 8800),
(626, 50, 256, 10, 440, 4400),
(627, 50, 251, 10, 470, 4700),
(628, 50, 414, 15, 1000, 15000),
(629, 50, 420, 10, 3200, 32000),
(630, 50, 272, 24, 2041, 48984),
(631, 50, 260, 6, 1750, 10500),
(632, 50, 245, 6, 2600, 15600),
(633, 50, 188, 10, 1800, 18000),
(634, 50, 421, 5, 1850, 9250),
(635, 50, 136, 216, 958, 206928),
(636, 51, 168, 36, 3833, 137988),
(637, 51, 167, 36, 5333, 191988),
(638, 51, 166, 48, 3500, 168000),
(639, 51, 169, 36, 2375, 85500),
(640, 51, 163, 24, 2375, 57000),
(641, 51, 165, 24, 2375, 57000),
(642, 52, 157, 40, 2412, 96480),
(643, 52, 162, 40, 2750, 110000),
(644, 52, 154, 40, 2362, 94480),
(645, 52, 144, 80, 2425, 194000),
(646, 52, 422, 24, 4800, 115200),
(647, 53, 188, 30, 1800, 54000),
(648, 53, 180, 20, 4300, 86000),
(649, 54, 388, 24, 4167, 100008),
(650, 54, 409, 24, 3375, 81000),
(651, 54, 389, 12, 3333, 39996),
(652, 54, 390, 12, 4790, 57480),
(653, 54, 391, 12, 3333, 39996),
(654, 54, 392, 12, 3333, 39996),
(655, 54, 424, 24, 2146, 51504),
(656, 54, 425, 24, 2146, 51504),
(657, 54, 395, 24, 2354, 56496),
(658, 54, 396, 24, 2354, 56496),
(659, 54, 410, 24, 1771, 42504),
(660, 54, 411, 24, 1771, 42504),
(661, 54, 397, 48, 1186, 56928),
(662, 54, 412, 48, 1354, 64992),
(663, 54, 398, 96, 448, 43008),
(664, 54, 399, 24, 2083, 49992),
(665, 54, 401, 36, 3333, 119988),
(666, 54, 402, 12, 4792, 57504),
(667, 54, 403, 24, 2145, 51480),
(668, 54, 404, 24, 2625, 63000),
(669, 54, 405, 24, 3375, 81000),
(670, 54, 406, 24, 3583, 85992),
(671, 54, 407, 24, 3333, 79992),
(672, 54, 408, 24, 3333, 79992),
(673, 54, 426, 24, 2260, 54240),
(674, 55, 93, 120, 2362, 283440),
(675, 55, 292, 48, 4062, 194976),
(676, 55, 369, 80, 2363, 189040),
(677, 55, 92, 100, 1550, 155000),
(678, 55, 91, 100, 1550, 155000),
(679, 55, 101, 40, 2750, 110000),
(680, 55, 90, 120, 1558, 186960),
(681, 55, 102, 24, 4042, 97008),
(682, 55, 89, 40, 1940, 77600),
(683, 56, 378, 150, 1550, 232500),
(684, 56, 151, 100, 1550, 155000),
(685, 56, 150, 150, 1550, 232500),
(686, 56, 146, 120, 1558, 186960),
(687, 56, 379, 50, 1560, 78000),
(688, 56, 152, 80, 2750, 220000),
(689, 56, 154, 80, 2362, 188960),
(690, 56, 139, 80, 1912, 152960),
(691, 56, 144, 80, 2425, 194000),
(692, 57, 230, 48, 813, 39024),
(693, 57, 189, 51, 1706, 87006),
(694, 57, 191, 20, 900, 18000),
(695, 57, 195, 40, 795, 31800),
(697, 57, 427, 48, 450, 21600),
(698, 57, 428, 6, 1850, 11100),
(699, 57, 208, 36, 875, 31500),
(700, 57, 209, 40, 450, 18000),
(701, 57, 213, 24, 1792, 43008),
(702, 57, 214, 24, 1792, 43008),
(703, 57, 217, 10, 2200, 22000),
(704, 57, 387, 40, 850, 34000),
(705, 57, 219, 80, 450, 36000),
(706, 57, 222, 30, 1750, 52500),
(707, 57, 223, 24, 1792, 43008),
(708, 57, 224, 24, 1792, 43008),
(709, 57, 226, 36, 1792, 64512),
(710, 57, 229, 24, 1335, 32040),
(711, 57, 230, 48, 813, 39024),
(712, 57, 180, 10, 4300, 43000),
(713, 57, 172, 144, 292, 42048),
(714, 57, 136, 192, 958, 183936),
(715, 57, 429, 24, 1750, 42000),
(716, 58, 164, 36, 3958, 142488),
(717, 58, 138, 36, 3958, 142488),
(718, 58, 169, 36, 2375, 85500),
(719, 58, 170, 36, 3958, 142488),
(720, 58, 163, 36, 2375, 85500),
(721, 58, 165, 36, 2375, 85500),
(722, 58, 167, 36, 5333, 191988),
(723, 58, 166, 36, 3500, 126000),
(724, 58, 168, 36, 3875, 139500),
(725, 55, 430, 24, 3209, 77016),
(726, 59, 4, 120, 1520, 182400),
(727, 60, 255, 3, 1750, 5250),
(728, 60, 336, 5, 14000, 70000),
(729, 60, 198, 60, 900, 54000),
(730, 60, 184, 100, 170, 17000),
(731, 61, 101, 80, 2750, 220000),
(732, 61, 93, 120, 2363, 283560),
(733, 61, 97, 40, 1913, 76520),
(734, 61, 90, 60, 1558, 93480),
(735, 61, 104, 48, 4062, 194976),
(736, 61, 361, 30, 3017, 90510),
(737, 61, 99, 80, 2425, 194000),
(738, 62, 301, 24, 4167, 100008),
(739, 62, 350, 24, 3375, 81000),
(740, 62, 299, 12, 3333, 39996),
(741, 62, 311, 12, 4750, 57000),
(742, 62, 343, 12, 3333, 39996),
(743, 62, 345, 12, 3333, 39996),
(744, 62, 346, 24, 2188, 52512),
(745, 62, 432, 24, 2188, 52512),
(746, 62, 348, 24, 2417, 58008),
(747, 62, 349, 24, 2417, 58008),
(748, 62, 341, 48, 1854, 88992),
(749, 62, 305, 48, 1271, 61008),
(750, 62, 304, 48, 1438, 69024),
(751, 62, 306, 96, 469, 45024),
(752, 62, 295, 48, 1583, 75984),
(753, 62, 296, 24, 2208, 52992),
(754, 62, 310, 36, 3500, 126000),
(755, 62, 331, 12, 5120, 61440),
(756, 62, 297, 24, 2188, 52512),
(757, 62, 298, 24, 2708, 64992),
(758, 62, 308, 24, 3583, 85992),
(759, 62, 302, 24, 3500, 84000),
(760, 62, 303, 24, 3500, 84000),
(761, 62, 307, 24, 3792, 91008),
(762, 63, 81, 36, 2375, 85500),
(763, 63, 82, 36, 2375, 85500),
(764, 63, 83, 36, 2375, 85500),
(765, 63, 339, 72, 3500, 252000),
(766, 63, 78, 60, 3833, 229980),
(767, 63, 79, 24, 3958, 94992),
(768, 63, 80, 24, 3958, 94992),
(769, 63, 85, 24, 3958, 94992),
(770, 64, 53, 10, 2675, 26750),
(771, 64, 52, 10, 2525, 25250),
(772, 64, 55, 10, 2525, 25250),
(773, 64, 54, 10, 2363, 23630),
(774, 64, 121, 5, 1800, 9000),
(775, 64, 105, 50, 106, 5300),
(776, 64, 127, 48, 375, 18000),
(777, 60, 427, 48, 450, 21600),
(778, 60, 375, 10, 880, 8800),
(779, 60, 217, 5, 2200, 11000),
(780, 60, 387, 60, 850, 51000),
(781, 60, 222, 30, 1750, 52500),
(782, 60, 226, 24, 1792, 43008),
(783, 65, 140, 72, 4062, 292464),
(784, 65, 144, 40, 2425, 97000),
(785, 65, 154, 120, 2362, 283440),
(786, 60, 435, 25, 1800, 45000),
(787, 60, 436, 10, 900, 9000),
(788, 60, 434, 10, 1650, 16500),
(789, 64, 87, 40, 900, 36000),
(790, 64, 48, 100, 120, 12000),
(791, 64, 110, 100, 138, 13800),
(792, 64, 18, 20, 900, 18000),
(793, 64, 88, 48, 813, 39024),
(794, 64, 23, 24, 1567, 37608),
(795, 64, 111, 48, 450, 21600),
(796, 64, 25, 20, 850, 17000),
(797, 64, 113, 48, 450, 21600),
(798, 64, 114, 40, 850, 34000),
(799, 64, 28, 24, 875, 21000),
(800, 64, 29, 40, 450, 18000),
(801, 64, 117, 20, 880, 17600),
(802, 64, 31, 24, 1867, 44808),
(803, 64, 367, 10, 4000, 40000),
(804, 64, 35, 20, 450, 9000),
(805, 64, 36, 80, 450, 36000),
(806, 64, 363, 10, 1800, 18000),
(807, 64, 37, 20, 1750, 35000),
(808, 64, 120, 24, 1792, 43008),
(809, 64, 24, 60, 425, 25500),
(810, 64, 39, 40, 1780, 71200),
(811, 64, 41, 20, 900, 18000),
(812, 66, 166, 84, 3500, 294000),
(813, 64, 42, 24, 1334, 32016),
(814, 66, 169, 48, 2375, 114000),
(815, 64, 43, 48, 813, 39024),
(816, 67, 188, 10, 1800, 18000),
(817, 67, 230, 48, 813, 39024),
(818, 64, 322, 48, 450, 21600),
(819, 67, 182, 50, 110, 5500),
(820, 64, 130, 10, 2700, 27000),
(821, 64, 2, 240, 292, 70080),
(822, 64, 4, 240, 1520, 364800),
(823, 64, 67, 36, 667, 24012),
(824, 64, 69, 20, 440, 8800),
(825, 67, 196, 48, 450, 21600),
(826, 67, 189, 51, 1706, 87006),
(827, 67, 190, 20, 1280, 25600),
(828, 67, 195, 40, 800, 32000),
(829, 67, 199, 24, 1667, 40008),
(830, 67, 201, 20, 880, 17600),
(831, 67, 208, 24, 875, 21000),
(833, 67, 213, 12, 1792, 21504),
(834, 67, 214, 24, 1792, 43008),
(835, 67, 429, 24, 1750, 42000),
(836, 67, 387, 50, 850, 42500),
(837, 67, 221, 80, 450, 36000),
(838, 67, 223, 24, 1792, 43008),
(839, 67, 224, 24, 1792, 43008),
(840, 67, 202, 40, 440, 17600),
(841, 67, 227, 30, 900, 27000),
(842, 67, 229, 24, 1335, 32040),
(843, 67, 230, 48, 813, 39024),
(844, 67, 180, 20, 4300, 86000),
(845, 67, 414, 12, 1250, 15000),
(846, 67, 136, 168, 958, 160944),
(847, 67, 209, 40, 450, 18000),
(848, 68, 389, 12, 3333, 39996),
(849, 68, 391, 12, 3333, 39996),
(850, 68, 393, 24, 2190, 52560),
(851, 68, 410, 24, 1854, 44496),
(852, 68, 411, 24, 1854, 44496),
(853, 68, 412, 96, 1437, 137952),
(855, 68, 399, 36, 2208, 79488),
(856, 68, 400, 24, 1583, 37992),
(857, 68, 401, 48, 3333, 159984),
(858, 68, 402, 24, 5000, 120000),
(859, 68, 403, 48, 2188, 105024),
(860, 68, 408, 24, 3333, 79992),
(861, 68, 397, 72, 1271, 91512),
(862, 69, 354, 20, 880, 17600),
(863, 69, 442, 20, 880, 17600),
(864, 69, 443, 20, 900, 18000),
(865, 69, 119, 20, 850, 17000),
(866, 69, 444, 20, 850, 17000),
(867, 70, 255, 3, 1750, 5250),
(868, 70, 233, 20, 490, 9800),
(869, 70, 188, 20, 1800, 36000),
(870, 70, 230, 48, 813, 39024),
(871, 70, 198, 40, 900, 36000),
(872, 70, 189, 51, 1706, 87006),
(873, 70, 214, 12, 1792, 21504),
(874, 70, 195, 20, 800, 16000),
(875, 70, 195, 20, 800, 16000),
(876, 70, 196, 48, 450, 21600),
(877, 70, 460, 10, 1750, 17500),
(878, 70, 428, 5, 1850, 9250),
(879, 70, 446, 20, 880, 17600),
(880, 70, 429, 12, 1750, 21000),
(881, 70, 387, 20, 850, 17000),
(882, 70, 219, 40, 450, 18000),
(883, 70, 221, 40, 450, 18000),
(884, 70, 222, 20, 1780, 35600),
(885, 70, 434, 10, 1650, 16500),
(886, 70, 224, 12, 1792, 21504),
(887, 70, 225, 10, 930, 9300),
(888, 70, 226, 60, 1792, 107520),
(889, 70, 229, 12, 1335, 16020),
(890, 70, 230, 48, 813, 39024),
(891, 70, 234, 12, 875, 10500),
(892, 70, 180, 25, 4300, 107500),
(893, 70, 267, 10, 1180, 11800),
(894, 70, 419, 3, 5800, 17400),
(895, 70, 253, 20, 440, 8800),
(896, 70, 257, 20, 650, 13000),
(897, 70, 251, 20, 480, 9600),
(898, 70, 272, 12, 2041, 24492),
(899, 70, 287, 10, 2200, 22000),
(900, 70, 286, 18, 833, 14994),
(901, 70, 447, 8, 450, 3600),
(902, 70, 448, 36, 203, 7308),
(903, 71, 339, 60, 3500, 210000),
(904, 71, 78, 60, 3875, 232500),
(905, 71, 86, 60, 5334, 320040),
(906, 71, 83, 60, 2375, 142500),
(907, 71, 81, 60, 2375, 142500),
(908, 71, 82, 60, 2375, 142500),
(909, 71, 85, 60, 3958, 237480),
(910, 71, 79, 60, 3958, 237480),
(911, 71, 80, 60, 3958, 237480),
(912, 72, 157, 80, 2412, 192960),
(913, 72, 140, 48, 4062, 194976),
(914, 72, 154, 40, 2362, 94480),
(915, 72, 141, 150, 1900, 285000),
(916, 72, 152, 40, 2750, 110000),
(917, 72, 144, 80, 2425, 194000),
(918, 72, 146, 60, 1558, 93480),
(919, 69, 362, 20, 900, 18000),
(920, 74, 101, 80, 2750, 220000),
(921, 74, 93, 120, 2363, 283560),
(922, 74, 90, 60, 1558, 93480),
(923, 74, 104, 48, 4062, 194976),
(924, 74, 361, 30, 3017, 90510),
(925, 74, 97, 40, 1913, 76520),
(926, 75, 113, 48, 450, 21600),
(927, 75, 115, 48, 450, 21600),
(928, 75, 322, 48, 450, 21600),
(929, 75, 23, 24, 1567, 37608),
(930, 75, 16, 34, 1706, 58004),
(931, 75, 457, 24, 1709, 41016),
(932, 75, 31, 24, 1867, 44808),
(933, 75, 458, 48, 450, 21600),
(934, 75, 459, 12, 1708, 20496),
(935, 75, 354, 20, 880, 17600),
(936, 75, 461, 10, 1750, 17500),
(937, 75, 120, 10, 1800, 18000),
(938, 75, 87, 40, 900, 36000),
(939, 75, 88, 48, 813, 39024),
(940, 75, 38, 24, 1792, 43008),
(941, 75, 28, 24, 875, 21000),
(942, 75, 17, 30, 890, 26700),
(943, 75, 462, 24, 900, 21600),
(944, 75, 21, 24, 1708, 40992),
(945, 75, 40, 24, 1734, 41616),
(946, 75, 455, 40, 450, 18000),
(947, 75, 36, 40, 450, 18000),
(948, 75, 42, 20, 1334, 26680),
(949, 75, 442, 20, 880, 17600),
(950, 75, 452, 20, 900, 18000),
(951, 75, 119, 20, 850, 17000),
(952, 75, 444, 20, 850, 17000),
(953, 75, 453, 10, 900, 9000),
(954, 75, 362, 20, 900, 18000),
(955, 75, 450, 10, 1750, 17500),
(956, 75, 449, 10, 1750, 17500),
(957, 75, 443, 20, 900, 18000),
(958, 75, 37, 20, 1750, 35000),
(959, 75, 25, 20, 850, 17000),
(960, 75, 454, 10, 1750, 17500),
(961, 75, 463, 12, 1667, 20004),
(962, 75, 4, 240, 1520, 364800),
(963, 75, 2, 240, 292, 70080),
(964, 73, 301, 24, 4167, 100008),
(965, 73, 350, 24, 3375, 81000),
(966, 73, 299, 12, 3500, 42000),
(967, 73, 311, 12, 5000, 60000),
(968, 73, 343, 12, 3500, 42000),
(969, 73, 345, 12, 3500, 42000),
(970, 73, 432, 24, 2188, 52512),
(971, 73, 464, 24, 2188, 52512),
(972, 73, 348, 24, 2417, 58008),
(973, 73, 349, 24, 2417, 58008),
(975, 73, 341, 24, 1854, 44496),
(976, 76, 255, 3, 1750, 5250),
(977, 76, 465, 10, 900, 9000),
(978, 76, 313, 50, 130, 6500),
(980, 76, 314, 50, 130, 6500),
(981, 76, 182, 100, 110, 11000),
(982, 76, 184, 100, 170, 17000),
(983, 76, 185, 50, 120, 6000),
(984, 76, 377, 24, 900, 21600),
(985, 76, 189, 34, 1706, 58004),
(986, 76, 191, 10, 900, 9000),
(987, 76, 236, 48, 813, 39024),
(988, 76, 208, 20, 700, 14000),
(989, 76, 213, 24, 1792, 43008),
(990, 76, 221, 40, 450, 18000),
(991, 76, 224, 24, 1792, 43008),
(992, 76, 172, 96, 292, 28032),
(993, 76, 136, 120, 958, 114960),
(994, 77, 475, 12, 3500, 42000),
(995, 77, 410, 24, 1854, 44496),
(996, 77, 411, 24, 1854, 44496),
(997, 77, 397, 72, 1271, 91512),
(998, 77, 412, 96, 1437, 137952),
(999, 77, 399, 24, 2208, 52992),
(1000, 77, 400, 24, 1583, 37992),
(1001, 77, 401, 60, 3500, 210000),
(1002, 77, 402, 24, 5000, 120000),
(1003, 77, 408, 12, 3500, 42000),
(1004, 77, 403, 24, 2188, 52512),
(1005, 78, 157, 40, 2412, 96480),
(1006, 78, 162, 40, 2750, 110000),
(1007, 78, 154, 80, 2375, 190000),
(1008, 78, 144, 80, 2425, 194000),
(1009, 78, 140, 72, 4062, 292464),
(1010, 78, 141, 150, 1900, 285000),
(1011, 79, 482, 10, 990, 9900),
(1012, 79, 188, 30, 2100, 63000),
(1013, 79, 189, 51, 1706, 87006),
(1014, 79, 265, 12, 1792, 21504),
(1015, 79, 490, 1, 9200, 9200),
(1016, 79, 214, 12, 1792, 21504),
(1017, 79, 480, 20, 1800, 36000),
(1018, 79, 223, 24, 1792, 43008),
(1021, 79, 224, 24, 1792, 43008),
(1022, 79, 229, 24, 1335, 32040),
(1023, 79, 481, 10, 1690, 16900),
(1024, 79, 481, 10, 1690, 16900),
(1025, 79, 180, 72, 4146, 298512),
(1026, 79, 136, 192, 958, 183936),
(1027, 79, 238, 40, 2663, 106520),
(1028, 80, 424, 24, 2187, 52488),
(1029, 80, 394, 24, 2187, 52488),
(1030, 80, 410, 24, 1854, 44496),
(1031, 80, 411, 24, 1854, 44496),
(1032, 80, 397, 72, 1271, 91512),
(1033, 80, 398, 96, 468, 44928),
(1034, 80, 399, 24, 2208, 52992),
(1035, 80, 400, 24, 1583, 37992),
(1037, 80, 408, 12, 3500, 42000),
(1038, 80, 407, 12, 3500, 42000),
(1039, 80, 403, 48, 2188, 105024),
(1040, 80, 402, 24, 5000, 120000),
(1041, 80, 401, 60, 3500, 210000),
(1042, 80, 412, 96, 1437, 137952),
(1043, 81, 513, 24, 4167, 100008),
(1044, 81, 350, 24, 3375, 81000),
(1045, 81, 299, 12, 3500, 42000),
(1046, 81, 478, 24, 3333, 79992),
(1047, 81, 345, 24, 3500, 84000),
(1048, 81, 346, 24, 2188, 52512),
(1049, 81, 486, 24, 2188, 52512),
(1050, 81, 340, 24, 3333, 79992),
(1051, 81, 349, 24, 2417, 58008),
(1052, 81, 341, 24, 1854, 44496),
(1053, 81, 333, 24, 1854, 44496),
(1054, 81, 305, 48, 1271, 61008),
(1055, 82, 167, 48, 5333, 255984),
(1056, 82, 168, 48, 3875, 186000),
(1057, 82, 170, 48, 3958, 189984),
(1058, 82, 138, 48, 3958, 189984),
(1059, 82, 164, 48, 3958, 189984),
(1060, 82, 169, 12, 2375, 28500),
(1061, 82, 165, 12, 2375, 28500),
(1062, 82, 163, 48, 2375, 114000),
(1063, 84, 391, 12, 3333, 39996),
(1064, 84, 475, 24, 3500, 84000),
(1065, 84, 527, 12, 3500, 42000),
(1066, 84, 394, 24, 2187, 52488),
(1067, 84, 410, 24, 1854, 44496),
(1068, 84, 411, 24, 1854, 44496),
(1069, 84, 397, 48, 1271, 61008),
(1070, 85, 99, 80, 2425, 194000),
(1071, 85, 93, 40, 2363, 94520),
(1072, 85, 104, 48, 4062, 194976),
(1073, 85, 101, 40, 2750, 110000),
(1074, 85, 90, 60, 1559, 93540),
(1075, 85, 91, 50, 1550, 77500),
(1076, 85, 512, 50, 1560, 78000),
(1077, 85, 97, 40, 1913, 76520),
(1078, 85, 92, 50, 1550, 77500),
(1079, 85, 529, 30, 4800, 144000),
(1080, 85, 528, 30, 4800, 144000),
(1081, 86, 182, 100, 110, 11000),
(1082, 86, 184, 100, 170, 17000),
(1083, 86, 185, 50, 120, 6000),
(1084, 86, 189, 34, 1706, 58004),
(1085, 86, 195, 20, 825, 16500),
(1087, 86, 209, 20, 450, 9000),
(1088, 86, 530, 12, 1708, 20496),
(1089, 86, 214, 24, 1792, 43008),
(1090, 86, 480, 20, 1800, 36000),
(1091, 86, 221, 20, 450, 9000),
(1092, 86, 223, 24, 1792, 43008),
(1093, 86, 224, 12, 1792, 21504),
(1094, 86, 226, 48, 1792, 86016),
(1095, 86, 136, 48, 958, 45984),
(1096, 86, 253, 20, 440, 8800),
(1098, 86, 256, 20, 490, 9800),
(1099, 86, 287, 10, 2200, 22000),
(1100, 86, 286, 12, 833, 9996),
(1101, 87, 140, 72, 4062, 292464),
(1102, 87, 139, 40, 1912, 76480),
(1103, 87, 154, 80, 2363, 189040),
(1104, 87, 152, 80, 2750, 220000),
(1105, 87, 146, 120, 1558, 186960),
(1106, 87, 144, 80, 2425, 194000),
(1107, 87, 137, 40, 2313, 92520),
(1108, 88, 189, 34, 1706, 58004),
(1109, 88, 188, 20, 2100, 42000),
(1110, 88, 184, 100, 170, 17000),
(1111, 88, 415, 20, 1780, 35600),
(1112, 88, 214, 36, 1792, 64512),
(1113, 88, 136, 240, 958, 229920),
(1114, 88, 172, 240, 292, 70080),
(1115, 88, 198, 40, 900, 36000),
(1116, 88, 230, 72, 813, 58536),
(1117, 88, 387, 50, 850, 42500),
(1118, 88, 199, 24, 1667, 40008),
(1119, 88, 204, 24, 1692, 40608),
(1120, 88, 480, 20, 1800, 36000),
(1121, 88, 236, 48, 813, 39024),
(1122, 88, 265, 24, 1792, 43008),
(1123, 88, 377, 24, 900, 21600),
(1124, 88, 226, 24, 1792, 43008),
(1125, 88, 223, 24, 1792, 43008),
(1126, 88, 224, 36, 1792, 64512),
(1127, 89, 16, 34, 1735, 58990),
(1128, 89, 121, 13, 2100, 27300),
(1129, 89, 49, 100, 170, 17000),
(1130, 89, 39, 20, 1780, 35600),
(1131, 89, 323, 12, 1750, 21000),
(1132, 89, 38, 36, 1792, 64512),
(1133, 89, 4, 240, 958, 229920),
(1134, 89, 134, 240, 288, 69120),
(1135, 89, 87, 40, 900, 36000),
(1136, 89, 43, 72, 800, 57600),
(1137, 89, 34, 50, 830, 41500),
(1138, 89, 23, 24, 1667, 40008),
(1139, 89, 532, 24, 1691, 40584),
(1140, 89, 477, 20, 1800, 36000),
(1141, 89, 45, 48, 812, 38976),
(1142, 89, 501, 24, 1792, 43008),
(1143, 89, 120, 24, 1833, 43992),
(1144, 89, 462, 24, 900, 21600),
(1145, 89, 493, 24, 1791, 42984),
(1146, 89, 35, 40, 450, 18000),
(1147, 89, 36, 40, 450, 18000),
(1148, 89, 21, 24, 1750, 42000),
(1149, 89, 33, 40, 875, 35000),
(1150, 90, 136, 120, 958, 114960),
(1151, 90, 180, 24, 4375, 105000),
(1152, 90, 189, 34, 1735, 58990),
(1153, 90, 387, 10, 850, 8500),
(1154, 90, 226, 36, 1785, 64260),
(1155, 90, 415, 30, 1775, 53250),
(1156, 90, 199, 12, 1667, 20004),
(1157, 90, 238, 40, 2663, 106520),
(1158, 90, 192, 20, 1750, 35000),
(1159, 90, 215, 60, 870, 52200),
(1160, 90, 533, 20, 1750, 35000),
(1161, 90, 534, 20, 1800, 36000),
(1162, 90, 375, 20, 1750, 35000),
(1163, 90, 219, 20, 450, 9000),
(1164, 90, 221, 40, 450, 18000),
(1165, 90, 535, 40, 450, 18000),
(1166, 90, 222, 20, 1780, 35600),
(1167, 90, 229, 20, 1600, 32000),
(1168, 90, 230, 72, 813, 58536),
(1169, 90, 227, 20, 900, 18000),
(1170, 91, 542, 12, 3500, 42000),
(1171, 91, 475, 24, 3500, 84000),
(1172, 91, 527, 12, 3500, 42000),
(1173, 91, 394, 48, 2187, 104976),
(1174, 91, 410, 48, 1854, 88992),
(1175, 91, 411, 48, 1854, 88992),
(1176, 90, 536, 20, 900, 18000),
(1177, 90, 537, 40, 440, 17600),
(1178, 90, 538, 40, 450, 18000),
(1179, 90, 545, 20, 880, 17600),
(1180, 90, 539, 40, 525, 21000),
(1181, 90, 546, 24, 1750, 42000),
(1182, 90, 208, 24, 875, 21000),
(1183, 90, 198, 40, 900, 36000),
(1184, 90, 358, 24, 1733, 41592),
(1185, 90, 234, 24, 875, 21000),
(1186, 90, 377, 24, 900, 21600),
(1187, 90, 196, 72, 450, 32400),
(1188, 90, 480, 20, 1800, 36000),
(1189, 90, 223, 24, 1792, 43008),
(1190, 90, 201, 30, 880, 26400),
(1191, 90, 383, 30, 880, 26400),
(1193, 90, 286, 36, 833, 29988),
(1194, 90, 540, 50, 400, 20000),
(1195, 90, 197, 20, 900, 18000),
(1196, 90, 541, 40, 450, 18000),
(1197, 90, 206, 48, 438, 21024),
(1198, 90, 547, 20, 1750, 35000),
(1199, 90, 548, 20, 880, 17600),
(1200, 91, 399, 24, 2208, 52992),
(1201, 91, 400, 48, 1583, 75984),
(1202, 91, 401, 60, 3500, 210000),
(1203, 91, 402, 24, 5000, 120000),
(1204, 91, 403, 48, 2188, 105024),
(1205, 91, 407, 12, 3500, 42000),
(1206, 91, 408, 24, 3500, 84000),
(1207, 92, 344, 24, 3500, 84000),
(1208, 92, 300, 12, 3500, 42000),
(1209, 92, 486, 48, 2188, 105024),
(1210, 92, 341, 48, 1854, 88992),
(1211, 92, 333, 48, 1854, 88992),
(1212, 92, 296, 24, 2208, 52992),
(1213, 92, 295, 48, 1583, 75984),
(1214, 92, 310, 60, 3500, 210000),
(1215, 92, 331, 24, 5120, 122880),
(1216, 92, 484, 48, 2188, 105024),
(1217, 92, 303, 12, 3500, 42000),
(1218, 92, 302, 24, 3500, 84000),
(1219, 92, 478, 12, 3500, 42000),
(1220, 94, 4, 360, 958, 344880),
(1221, 93, 167, 48, 5416, 259968),
(1222, 93, 138, 12, 3958, 47496),
(1223, 93, 163, 24, 2375, 57000),
(1224, 93, 170, 36, 3958, 142488),
(1225, 93, 164, 36, 3958, 142488),
(1226, 93, 168, 24, 3875, 93000),
(1227, 93, 169, 48, 2375, 114000),
(1228, 93, 165, 48, 2375, 114000),
(1229, 95, 549, 40, 2412, 96480),
(1230, 95, 93, 80, 2363, 189040),
(1231, 95, 104, 24, 4062, 97488),
(1232, 95, 550, 24, 4062, 97488),
(1234, 95, 96, 40, 1912, 76480),
(1235, 95, 551, 50, 1920, 96000),
(1236, 96, 157, 40, 2412, 96480),
(1237, 96, 140, 48, 4062, 194976),
(1238, 96, 154, 80, 2363, 189040),
(1239, 96, 160, 24, 4062, 97488),
(1240, 96, 552, 30, 4800, 144000),
(1241, 96, 150, 100, 1550, 155000),
(1242, 96, 379, 50, 1560, 78000),
(1243, 97, 136, 360, 958, 344880),
(1244, 97, 172, 240, 292, 70080),
(1245, 97, 226, 24, 1785, 42840),
(1246, 97, 188, 20, 2100, 42000),
(1248, 97, 356, 20, 3900, 78000),
(1249, 97, 415, 20, 1775, 35500),
(1250, 97, 221, 60, 450, 27000),
(1251, 97, 267, 10, 1200, 12000),
(1252, 97, 289, 10, 1150, 11500),
(1253, 97, 237, 10, 1750, 17500),
(1254, 97, 230, 24, 813, 19512),
(1255, 97, 258, 10, 900, 9000),
(1256, 97, 557, 10, 900, 9000),
(1257, 97, 558, 10, 900, 9000),
(1258, 97, 220, 40, 450, 18000),
(1259, 97, 559, 20, 1800, 36000),
(1260, 97, 480, 20, 1800, 36000),
(1261, 97, 554, 30, 450, 13500),
(1262, 97, 358, 24, 1733, 41592),
(1263, 97, 190, 20, 1600, 32000),
(1265, 97, 223, 12, 1792, 21504),
(1266, 97, 387, 50, 850, 42500),
(1268, 97, 556, 72, 820, 59040),
(1269, 99, 170, 36, 3958, 142488),
(1270, 99, 169, 48, 2375, 114000),
(1271, 99, 165, 48, 2375, 114000),
(1272, 99, 163, 48, 2375, 114000),
(1273, 99, 168, 36, 3875, 139500),
(1274, 98, 542, 24, 3500, 84000),
(1275, 98, 475, 24, 3500, 84000),
(1276, 98, 527, 24, 3500, 84000),
(1277, 98, 394, 48, 2187, 104976),
(1278, 98, 410, 48, 1854, 88992),
(1279, 98, 411, 48, 1854, 88992),
(1280, 98, 401, 120, 3500, 420000),
(1281, 98, 402, 60, 5000, 300000),
(1282, 98, 403, 120, 2188, 262560),
(1283, 100, 478, 24, 3500, 84000),
(1284, 100, 300, 24, 3500, 84000),
(1285, 100, 344, 24, 3500, 84000),
(1286, 100, 486, 48, 2188, 105024),
(1287, 100, 341, 48, 1854, 88992),
(1288, 100, 333, 48, 1854, 88992),
(1289, 100, 310, 120, 3500, 420000),
(1290, 100, 331, 60, 5000, 300000),
(1291, 100, 484, 120, 2188, 262560),
(1292, 101, 79, 36, 3958, 142488),
(1293, 101, 81, 48, 2375, 114000),
(1294, 101, 83, 48, 2375, 114000),
(1295, 101, 82, 48, 2375, 114000),
(1296, 101, 78, 36, 3875, 139500),
(1297, 102, 4, 120, 958, 114960),
(1298, 102, 2, 96, 292, 28032),
(1299, 102, 34, 30, 840, 25200),
(1300, 102, 493, 36, 1791, 64476),
(1301, 102, 323, 24, 1792, 43008),
(1302, 102, 121, 15, 2100, 31500),
(1303, 102, 38, 24, 1792, 43008),
(1304, 102, 87, 40, 900, 36000),
(1305, 102, 508, 40, 440, 17600),
(1306, 102, 39, 20, 1780, 35600),
(1307, 102, 31, 24, 1800, 43200),
(1308, 102, 21, 24, 1750, 42000),
(1309, 102, 35, 40, 450, 18000),
(1310, 102, 36, 40, 450, 18000),
(1311, 102, 514, 24, 875, 21000),
(1312, 102, 326, 10, 1200, 12000),
(1313, 102, 467, 20, 1150, 23000),
(1314, 102, 566, 48, 812, 38976),
(1315, 102, 567, 40, 450, 18000),
(1316, 102, 491, 24, 1666, 39984),
(1317, 102, 565, 24, 1750, 42000),
(1318, 102, 568, 30, 1590, 47700),
(1319, 102, 563, 24, 1735, 41640),
(1320, 102, 462, 24, 900, 21600),
(1321, 102, 564, 20, 1800, 36000),
(1322, 102, 443, 20, 900, 18000),
(1323, 102, 16, 51, 1735, 88485),
(1324, 102, 492, 30, 1590, 47700),
(1325, 103, 571, 10, 4500, 45000),
(1326, 103, 569, 10, 4500, 45000),
(1327, 103, 570, 10, 4500, 45000),
(1328, 103, 49, 100, 170, 17000),
(1329, 103, 518, 100, 130, 13000),
(1330, 103, 105, 100, 110, 11000),
(1331, 103, 562, 96, 825, 79200),
(1332, 103, 52, 40, 2662, 106480),
(1333, 103, 37, 20, 1780, 35600),
(1334, 103, 494, 20, 1600, 32000),
(1335, 103, 453, 20, 900, 18000),
(1336, 103, 572, 48, 438, 21024),
(1337, 104, 136, 120, 958, 114960),
(1338, 104, 189, 17, 1735, 29495),
(1339, 104, 226, 48, 1785, 85680),
(1340, 104, 214, 24, 1792, 43008),
(1342, 104, 198, 40, 900, 36000),
(1343, 104, 415, 20, 1775, 35500),
(1344, 104, 213, 24, 1792, 43008),
(1345, 104, 546, 24, 1750, 42000),
(1346, 104, 219, 40, 450, 18000),
(1347, 104, 221, 80, 450, 36000),
(1348, 104, 208, 24, 875, 21000),
(1349, 104, 230, 24, 813, 19512),
(1350, 104, 180, 20, 4500, 90000),
(1351, 104, 222, 40, 1780, 71200),
(1352, 104, 229, 20, 1600, 32000),
(1353, 104, 184, 100, 170, 17000),
(1354, 104, 313, 100, 130, 13000),
(1355, 104, 182, 100, 110, 11000),
(1356, 104, 574, 48, 813, 39024),
(1357, 104, 573, 17, 1588, 26996),
(1358, 105, 4, 359, 960, 344640),
(1359, 105, 134, 144, 292, 42048),
(1360, 105, 571, 10, 4500, 45000),
(1361, 105, 569, 10, 4500, 45000),
(1362, 105, 57, 12, 2048, 24576),
(1363, 105, 121, 20, 2100, 42000),
(1364, 105, 562, 72, 825, 59400),
(1365, 105, 577, 10, 4100, 41000),
(1366, 106, 136, 240, 958, 229920),
(1367, 106, 556, 72, 825, 59400),
(1368, 106, 272, 12, 2042, 24504),
(1369, 106, 188, 20, 2100, 42000),
(1370, 107, 513, 24, 4375, 105000),
(1371, 107, 299, 12, 3500, 42000),
(1372, 107, 581, 12, 3500, 42000),
(1373, 107, 464, 48, 2188, 105024),
(1374, 107, 305, 96, 1271, 122016),
(1375, 107, 304, 48, 1438, 69024),
(1376, 107, 296, 36, 2208, 79488),
(1377, 107, 295, 24, 1583, 37992),
(1378, 107, 310, 24, 3500, 84000),
(1380, 107, 331, 24, 5000, 120000),
(1381, 107, 303, 24, 3500, 84000),
(1382, 107, 484, 24, 2188, 52512),
(1383, 107, 302, 24, 3500, 84000),
(1384, 108, 388, 24, 4375, 105000),
(1385, 108, 389, 12, 3500, 42000),
(1386, 108, 393, 48, 2190, 105120),
(1387, 108, 397, 96, 1271, 122016),
(1388, 108, 412, 48, 1437, 68976),
(1389, 108, 399, 36, 2208, 79488),
(1390, 108, 400, 24, 1583, 37992),
(1391, 108, 402, 24, 5000, 120000),
(1392, 108, 403, 24, 2188, 52512),
(1393, 108, 408, 24, 3500, 84000),
(1394, 108, 407, 24, 3500, 84000),
(1395, 108, 401, 24, 3500, 84000),
(1396, 108, 582, 12, 3500, 42000),
(1397, 109, 10, 24, 1062, 25488),
(1398, 110, 318, 48, 4063, 195024),
(1399, 110, 103, 50, 1560, 78000),
(1400, 110, 583, 50, 1940, 97000),
(1401, 110, 528, 30, 4800, 144000),
(1402, 110, 101, 40, 2750, 110000),
(1403, 110, 586, 40, 2750, 110000),
(1404, 110, 93, 40, 2363, 94520),
(1406, 110, 549, 40, 2412, 96480),
(1407, 111, 160, 48, 4063, 195024),
(1408, 111, 143, 50, 1560, 78000),
(1409, 111, 145, 50, 1940, 97000),
(1410, 111, 152, 40, 2750, 110000),
(1411, 111, 162, 40, 2750, 110000),
(1412, 111, 154, 40, 2363, 94520),
(1413, 111, 157, 40, 2412, 96480),
(1414, 111, 141, 50, 1920, 96000),
(1415, 109, 22, 40, 825, 33000),
(1416, 109, 584, 40, 825, 33000),
(1417, 109, 442, 20, 880, 17600),
(1418, 109, 354, 20, 880, 17600),
(1420, 109, 34, 50, 830, 41500),
(1421, 109, 493, 48, 1785, 85680),
(1422, 109, 120, 36, 1833, 65988),
(1423, 109, 43, 72, 800, 57600),
(1424, 109, 473, 24, 458, 10992),
(1425, 109, 322, 48, 450, 21600),
(1426, 109, 16, 34, 1735, 58990),
(1427, 109, 587, 30, 1750, 52500),
(1429, 109, 24, 40, 425, 17000),
(1430, 112, 176, 24, 1062, 25488),
(1431, 112, 588, 40, 825, 33000),
(1432, 112, 195, 40, 825, 33000),
(1433, 112, 383, 20, 880, 17600),
(1434, 112, 201, 20, 880, 17600),
(1435, 112, 202, 40, 440, 17600),
(1436, 112, 589, 30, 1750, 52500),
(1437, 112, 387, 50, 850, 42500),
(1438, 112, 226, 48, 1785, 85680),
(1439, 112, 223, 36, 1816, 65376),
(1440, 112, 230, 72, 800, 57600),
(1441, 112, 233, 24, 409, 9816),
(1442, 112, 196, 40, 450, 18000),
(1443, 112, 189, 34, 1736, 59024),
(1444, 113, 4, 240, 960, 230400),
(1445, 113, 2, 240, 292, 70080),
(1446, 113, 57, 12, 2048, 24576),
(1448, 113, 492, 20, 1590, 31800),
(1449, 113, 105, 50, 110, 5500),
(1450, 113, 20, 10, 1750, 17500),
(1451, 113, 21, 36, 1750, 63000),
(1452, 113, 29, 80, 450, 36000),
(1453, 113, 354, 20, 880, 17600),
(1454, 113, 327, 10, 1150, 11500),
(1455, 113, 514, 12, 875, 10500),
(1456, 113, 31, 24, 1795, 43080),
(1457, 113, 49, 150, 170, 25500),
(1458, 113, 504, 20, 1800, 36000),
(1459, 113, 36, 40, 450, 18000),
(1460, 113, 37, 20, 1780, 35600),
(1461, 113, 110, 50, 146, 7300),
(1462, 113, 562, 72, 825, 59400),
(1463, 113, 493, 36, 1785, 64260),
(1464, 113, 122, 40, 450, 18000),
(1467, 113, 590, 18, 825, 14850),
(1468, 113, 353, 10, 2150, 21500),
(1469, 114, 136, 240, 958, 229920),
(1470, 114, 172, 240, 292, 70080),
(1471, 114, 272, 12, 2042, 24504),
(1472, 114, 190, 20, 1600, 32000),
(1473, 114, 182, 50, 110, 5500),
(1474, 114, 193, 10, 1750, 17500),
(1475, 114, 546, 36, 1750, 63000),
(1476, 113, 595, 100, 120, 12000),
(1477, 113, 596, 10, 900, 9000),
(1478, 113, 591, 6, 2450, 14700),
(1479, 113, 592, 6, 7900, 47400),
(1480, 114, 209, 80, 450, 36000),
(1481, 114, 597, 100, 130, 13000),
(1482, 114, 201, 20, 880, 17600),
(1483, 114, 268, 10, 1150, 11500),
(1484, 114, 213, 24, 1792, 43008),
(1485, 114, 184, 150, 170, 25500),
(1486, 114, 480, 20, 1800, 36000),
(1487, 114, 221, 40, 450, 18000),
(1488, 114, 222, 20, 1780, 35600),
(1489, 114, 187, 50, 146, 7300),
(1490, 114, 556, 72, 825, 59400),
(1491, 114, 226, 36, 1785, 64260),
(1493, 114, 594, 5, 2500, 12500),
(1494, 114, 593, 6, 7900, 47400),
(1495, 114, 530, 24, 1708, 40992),
(1496, 114, 557, 10, 900, 9000),
(1497, 114, 598, 40, 450, 18000),
(1498, 115, 156, 48, 4062, 194976),
(1499, 115, 144, 80, 2425, 194000),
(1500, 115, 154, 40, 2363, 94520),
(1501, 115, 146, 60, 1558, 93480),
(1502, 115, 599, 30, 3017, 90510),
(1503, 115, 600, 100, 1920, 192000),
(1504, 116, 99, 80, 2425, 194000),
(1505, 116, 361, 30, 3017, 90510),
(1506, 116, 93, 40, 2363, 94520),
(1507, 116, 90, 60, 1559, 93540),
(1508, 116, 551, 100, 1920, 192000),
(1509, 116, 292, 48, 4062, 194976),
(1510, 117, 105, 100, 110, 11000),
(1511, 117, 323, 24, 1792, 43008),
(1512, 117, 36, 40, 450, 18000),
(1513, 117, 119, 20, 850, 17000),
(1514, 117, 604, 20, 1780, 35600),
(1515, 117, 493, 36, 1785, 64260),
(1516, 117, 603, 9, 2000, 18000),
(1517, 117, 602, 1, 2000, 2000),
(1518, 117, 43, 72, 800, 57600),
(1519, 117, 566, 72, 800, 57600),
(1520, 117, 38, 24, 1792, 43008),
(1521, 117, 121, 30, 2100, 63000),
(1522, 117, 605, 10, 1240, 12400),
(1523, 117, 52, 40, 2662, 106480),
(1524, 118, 188, 30, 2100, 63000),
(1525, 118, 182, 100, 110, 11000),
(1527, 118, 268, 10, 1150, 11500),
(1528, 118, 480, 20, 1800, 36000),
(1529, 118, 214, 24, 1792, 43008),
(1530, 118, 221, 40, 450, 18000),
(1531, 118, 222, 20, 1780, 35600),
(1532, 118, 226, 36, 1785, 64260),
(1533, 118, 598, 40, 450, 18000),
(1534, 118, 230, 144, 800, 115200),
(1535, 118, 601, 10, 1240, 12400),
(1536, 118, 224, 24, 1792, 43008),
(1537, 118, 190, 20, 1600, 32000),
(1538, 118, 195, 40, 825, 33000),
(1539, 118, 588, 40, 825, 33000),
(1540, 118, 606, 20, 850, 17000),
(1541, 118, 201, 20, 880, 17600),
(1542, 119, 73, 20, 875, 17500),
(1543, 120, 78, 60, 3875, 232500),
(1544, 120, 79, 36, 3958, 142488),
(1545, 120, 81, 60, 2375, 142500),
(1546, 120, 85, 36, 3958, 142488),
(1547, 120, 83, 36, 2375, 85500),
(1548, 121, 168, 36, 3875, 139500),
(1549, 121, 170, 48, 4042, 194016),
(1550, 121, 169, 48, 2375, 114000),
(1551, 121, 164, 36, 4042, 145512),
(1552, 121, 165, 48, 2375, 114000),
(1553, 121, 167, 96, 5416, 519936),
(1554, 121, 138, 24, 4042, 97008),
(1555, 121, 163, 24, 2375, 57000),
(1556, 122, 388, 48, 4375, 210000),
(1557, 122, 389, 12, 3500, 42000),
(1558, 122, 542, 24, 3500, 84000),
(1559, 122, 582, 36, 3500, 126000),
(1560, 122, 392, 12, 3500, 42000),
(1561, 122, 475, 12, 3500, 42000),
(1562, 122, 527, 12, 3500, 42000),
(1563, 122, 397, 120, 1271, 152520),
(1564, 122, 399, 36, 2208, 79488),
(1565, 122, 400, 24, 1583, 37992),
(1566, 122, 401, 72, 3500, 252000),
(1567, 122, 402, 36, 5000, 180000),
(1568, 122, 403, 48, 2188, 105024),
(1569, 122, 407, 24, 3500, 84000),
(1570, 122, 408, 24, 3500, 84000),
(1571, 119, 571, 10, 4500, 45000),
(1572, 119, 569, 10, 4500, 45000),
(1573, 119, 608, 5, 4600, 23000),
(1574, 119, 607, 5, 4600, 23000),
(1575, 119, 440, 20, 1650, 33000),
(1576, 119, 562, 48, 825, 39600),
(1577, 119, 610, 10, 875, 8750),
(1578, 123, 258, 10, 875, 8750),
(1579, 123, 575, 5, 4500, 22500),
(1580, 123, 556, 48, 825, 39600),
(1581, 123, 180, 10, 4500, 45000),
(1582, 123, 434, 20, 1650, 33000),
(1583, 123, 612, 5, 4500, 22500),
(1584, 123, 613, 5, 4600, 23000);

-- --------------------------------------------------------

--
-- Table structure for table `tbl_schedule`
--

CREATE TABLE `tbl_schedule` (
  `id_schedule` int(11) NOT NULL,
  `id_user` int(11) NOT NULL,
  `id_class` int(11) NOT NULL,
  `picket_schedule` date NOT NULL,
  `lab_head` varchar(255) NOT NULL
) ENGINE=InnoDB DEFAULT CHARSET=utf8mb4;

--
-- Dumping data for table `tbl_schedule`
--

INSERT INTO `tbl_schedule` (`id_schedule`, `id_user`, `id_class`, `picket_schedule`, `lab_head`) VALUES
(12, 9, 9, '2022-09-19', ''),
(13, 2, 1, '2022-09-20', ''),
(14, 5, 4, '2022-09-21', ''),
(15, 9, 22, '2022-09-22', ''),
(16, 13, 17, '2022-09-23', ''),
(17, 7, 13, '2022-09-26', ''),
(18, 13, 16, '2022-09-27', ''),
(19, 10, 23, '2022-09-28', ''),
(20, 5, 5, '2022-09-29', ''),
(21, 6, 22, '2022-09-30', ''),
(22, 10, 12, '2022-10-03', ''),
(23, 11, 6, '2022-10-04', ''),
(24, 11, 7, '2022-10-05', ''),
(25, 9, 9, '2022-10-17', ''),
(26, 12, 18, '2022-10-18', ''),
(27, 3, 14, '2022-10-19', ''),
(28, 9, 11, '2022-10-20', ''),
(29, 11, 8, '2022-10-21', ''),
(30, 6, 20, '2022-10-24', ''),
(31, 11, 6, '2022-10-25', ''),
(32, 10, 23, '2022-10-26', ''),
(33, 6, 21, '2022-10-27', ''),
(34, 6, 22, '2022-10-28', ''),
(35, 4, 2, '2022-10-31', ''),
(36, 13, 16, '2022-11-01', ''),
(37, 11, 7, '2022-11-02', ''),
(38, 12, 19, '2022-11-03', ''),
(39, 9, 10, '2022-11-04', ''),
(40, 9, 9, '2022-11-07', ''),
(41, 12, 18, '2022-11-08', ''),
(42, 5, 4, '2022-11-09', ''),
(43, 9, 11, '2022-11-10', ''),
(44, 13, 17, '2022-11-11', ''),
(45, 6, 20, '2022-11-14', ''),
(46, 11, 6, '2022-11-15', ''),
(47, 3, 14, '2022-11-16', ''),
(48, 6, 21, '2022-11-17', ''),
(49, 6, 22, '2022-11-18', ''),
(50, 7, 13, '2022-11-21', ''),
(51, 13, 16, '2022-11-22', ''),
(52, 10, 23, '2022-11-23', ''),
(53, 9, 11, '2022-11-24', ''),
(54, 9, 10, '2022-11-25', ''),
(55, 13, 15, '2022-11-28', ''),
(56, 12, 18, '2022-11-29', ''),
(57, 11, 7, '2022-11-30', ''),
(58, 6, 21, '2022-12-01', ''),
(59, 6, 22, '2022-12-02', ''),
(60, 4, 2, '2022-12-05', ''),
(61, 11, 6, '2022-12-06', ''),
(62, 5, 4, '2022-12-07', ''),
(63, 12, 19, '2022-12-08', ''),
(64, 11, 8, '2022-12-09', ''),
(65, 5, 3, '2022-12-12', ''),
(66, 13, 16, '2022-12-13', ''),
(67, 10, 23, '2022-12-14', ''),
(68, 9, 11, '2022-12-15', ''),
(69, 13, 17, '2022-12-16', ''),
(70, 4, 2, '2023-01-09', ''),
(71, 2, 1, '2023-01-10', ''),
(72, 3, 14, '2023-01-11', ''),
(73, 12, 19, '2023-01-12', ''),
(74, 6, 22, '2023-01-13', ''),
(75, 13, 15, '2023-01-16', ''),
(76, 12, 18, '2023-01-17', ''),
(77, 10, 23, '2023-01-18', ''),
(78, 6, 21, '2023-01-19', ''),
(79, 13, 17, '2023-01-20', ''),
(80, 6, 20, '2023-01-23', ''),
(81, 13, 16, '2023-01-24', ''),
(82, 3, 14, '2023-01-25', ''),
(83, 12, 19, '2023-01-26', ''),
(84, 13, 17, '2023-01-27', ''),
(85, 6, 20, '2023-01-30', ''),
(86, 12, 18, '2023-01-31', ''),
(87, 10, 23, '2023-02-01', ''),
(88, 6, 21, '2023-02-02', ''),
(89, 6, 22, '2023-02-03', ''),
(90, 13, 15, '2023-02-06', ''),
(91, 13, 16, '2023-02-07', ''),
(92, 5, 4, '2023-02-08', ''),
(93, 12, 7, '2023-02-09', ''),
(94, 13, 17, '2023-02-10', ''),
(95, 6, 20, '2023-02-13', ''),
(96, 11, 6, '2023-02-14', ''),
(97, 11, 7, '2023-02-15', ''),
(98, 6, 21, '2023-02-16', ''),
(99, 6, 22, '2023-02-17', ''),
(100, 5, 3, '2023-02-20', ''),
(101, 2, 1, '2023-02-21', ''),
(102, 5, 4, '2023-02-22', ''),
(103, 12, 19, '2023-02-23', ''),
(104, 13, 17, '2023-02-24', ''),
(105, 4, 2, '2023-02-27', ''),
(106, 11, 6, '2023-02-28', ''),
(107, 11, 7, '2023-03-01', ''),
(108, 5, 5, '2023-03-02', ''),
(109, 11, 8, '2023-03-03', ''),
(110, 5, 3, '2023-03-06', ''),
(111, 2, 1, '2023-03-07', ''),
(112, 5, 4, '2023-03-08', ''),
(113, 5, 5, '2023-03-09', ''),
(114, 11, 8, '2023-03-10', ''),
(115, 4, 2, '2023-03-13', ''),
(116, 11, 6, '2023-03-14', ''),
(117, 11, 7, '2023-03-15', ''),
(118, 5, 5, '2023-03-16', ''),
(119, 11, 8, '2023-02-17', ''),
(120, 5, 3, '2023-03-20', ''),
(121, 2, 1, '2023-03-21', '');

-- --------------------------------------------------------

--
-- Table structure for table `tbl_selling`
--

CREATE TABLE `tbl_selling` (
  `id_selling` int(11) NOT NULL,
  `date_selling` date NOT NULL,
  `id_user` int(11) NOT NULL,
  `id_class` int(10) NOT NULL,
  `id_lab` int(11) NOT NULL
) ENGINE=InnoDB DEFAULT CHARSET=utf8mb4;

--
-- Dumping data for table `tbl_selling`
--

INSERT INTO `tbl_selling` (`id_selling`, `date_selling`, `id_user`, `id_class`, `id_lab`) VALUES
(14, '2022-08-29', 7, 0, 1),
(15, '2022-08-29', 7, 0, 2),
(16, '2022-08-30', 13, 0, 1),
(17, '2022-08-30', 13, 0, 2),
(18, '2022-08-31', 11, 0, 1),
(19, '2022-08-31', 11, 0, 2),
(20, '2022-09-01', 6, 0, 1),
(21, '2022-09-01', 6, 0, 2),
(22, '2022-09-02', 9, 0, 1),
(23, '2022-09-02', 9, 0, 2),
(24, '2022-09-05', 4, 0, 1),
(25, '2022-09-05', 4, 0, 2),
(26, '2022-09-06', 12, 0, 1),
(27, '2022-09-06', 12, 0, 2),
(28, '2022-09-07', 3, 0, 1),
(29, '2022-09-07', 3, 0, 2),
(30, '2022-09-09', 6, 0, 1),
(31, '2022-09-09', 6, 0, 2),
(32, '2022-09-12', 4, 0, 2),
(33, '2022-09-08', 5, 0, 1),
(34, '2022-09-08', 5, 0, 2),
(35, '2022-09-12', 4, 0, 1),
(36, '2022-09-13', 11, 0, 1),
(37, '2022-09-13', 11, 0, 2),
(38, '2022-09-14', 3, 0, 1),
(39, '2022-09-14', 3, 0, 2),
(40, '2022-09-15', 12, 0, 1),
(41, '2022-09-15', 12, 0, 2),
(42, '2022-09-16', 11, 0, 1),
(43, '2022-09-16', 11, 0, 2),
(44, '2022-09-20', 2, 0, 1),
(45, '2022-09-20', 2, 0, 2),
(46, '2022-09-30', 6, 0, 1),
(47, '2023-01-10', 2, 0, 1);

-- --------------------------------------------------------

--
-- Table structure for table `tbl_selling_detail`
--

CREATE TABLE `tbl_selling_detail` (
  `id_selling_detail` int(11) NOT NULL,
  `id_selling` int(11) NOT NULL,
  `id_product` int(11) NOT NULL,
  `qty_selling` int(11) NOT NULL,
  `total_basic_price` int(11) NOT NULL,
  `total_selling_price` int(11) NOT NULL,
  `date_selling` date NOT NULL,
  `id_lab` int(10) NOT NULL
) ENGINE=InnoDB DEFAULT CHARSET=utf8mb4;

--
-- Dumping data for table `tbl_selling_detail`
--

INSERT INTO `tbl_selling_detail` (`id_selling_detail`, `id_selling`, `id_product`, `qty_selling`, `total_basic_price`, `total_selling_price`, `date_selling`, `id_lab`) VALUES
(34, 17, 169, 1, 2375, 3000, '0000-00-00', 0),
(35, 17, 163, 7, 16625, 21000, '0000-00-00', 0),
(36, 17, 138, 2, 7916, 10000, '0000-00-00', 0),
(37, 17, 167, 7, 37331, 49000, '0000-00-00', 0),
(38, 17, 168, 10, 38330, 45000, '0000-00-00', 0),
(39, 17, 169, 5, 11875, 15000, '0000-00-00', 0),
(40, 17, 172, 12, 3372, 6000, '0000-00-00', 0),
(41, 17, 136, 57, 54606, 114000, '0000-00-00', 0),
(42, 17, 176, 2, 1584, 2000, '0000-00-00', 0),
(43, 17, 177, 4, 3252, 4000, '0000-00-00', 0),
(44, 17, 182, 48, 4992, 12000, '0000-00-00', 0),
(45, 17, 184, 29, 3480, 7250, '0000-00-00', 0),
(46, 17, 185, 8, 1568, 2000, '0000-00-00', 0),
(47, 17, 188, 12, 21600, 24000, '0000-00-00', 0),
(48, 17, 199, 1, 1567, 2000, '0000-00-00', 0),
(49, 17, 202, 5, 2125, 2500, '0000-00-00', 0),
(50, 17, 208, 8, 7000, 8000, '0000-00-00', 0),
(51, 17, 209, 4, 1800, 2000, '0000-00-00', 0),
(52, 17, 213, 4, 7268, 8000, '0000-00-00', 0),
(53, 17, 214, 3, 5250, 6000, '0000-00-00', 0),
(54, 17, 217, 2, 4000, 5000, '0000-00-00', 0),
(55, 17, 219, 2, 850, 1000, '0000-00-00', 0),
(56, 17, 221, 26, 11050, 13000, '0000-00-00', 0),
(57, 17, 222, 12, 21000, 24000, '0000-00-00', 0),
(58, 17, 223, 8, 14000, 16000, '0000-00-00', 0),
(59, 17, 224, 5, 8750, 10000, '0000-00-00', 0),
(60, 17, 207, 2, 3166, 4000, '0000-00-00', 0),
(61, 17, 228, 4, 1700, 2000, '0000-00-00', 0),
(62, 17, 230, 43, 34959, 43000, '0000-00-00', 0),
(63, 17, 232, 2, 1740, 2000, '0000-00-00', 0),
(64, 17, 236, 3, 2439, 3000, '0000-00-00', 0),
(65, 17, 201, 3, 2550, 3000, '0000-00-00', 0),
(66, 17, 267, 2, 2360, 4000, '0000-00-00', 0),
(67, 17, 268, 1, 1130, 2000, '0000-00-00', 0),
(68, 17, 255, 1, 1500, 2000, '0000-00-00', 0),
(69, 17, 256, 1, 440, 500, '0000-00-00', 0),
(70, 16, 134, 52, 14612, 26000, '0000-00-00', 0),
(71, 17, 263, 1, 10800, 12000, '0000-00-00', 0),
(72, 16, 4, 91, 138320, 182000, '0000-00-00', 0),
(73, 17, 206, 3, 1314, 1500, '0000-00-00', 0),
(74, 17, 204, 3, 1320, 1500, '0000-00-00', 0),
(75, 17, 178, 1, 2050, 3000, '0000-00-00', 0),
(76, 16, 7, 4, 3168, 4000, '0000-00-00', 0),
(77, 16, 9, 4, 3180, 6000, '0000-00-00', 0),
(78, 16, 10, 2, 1584, 2000, '0000-00-00', 0),
(79, 16, 11, 2, 1626, 2000, '0000-00-00', 0),
(80, 16, 128, 2, 4100, 6000, '0000-00-00', 0),
(81, 16, 105, 61, 6466, 15250, '0000-00-00', 0),
(82, 16, 110, 1, 138, 250, '0000-00-00', 0),
(83, 16, 121, 14, 25200, 28000, '0000-00-00', 0),
(84, 17, 141, 26, 49400, 65000, '0000-00-00', 0),
(85, 16, 16, 17, 28900, 34000, '0000-00-00', 0),
(86, 16, 18, 14, 12600, 14000, '0000-00-00', 0),
(87, 17, 142, 10, 40000, 50000, '0000-00-00', 0),
(88, 17, 146, 26, 40508, 52000, '0000-00-00', 0),
(89, 17, 147, 1, 1912, 2500, '0000-00-00', 0),
(90, 17, 150, 19, 29260, 38000, '0000-00-00', 0),
(91, 17, 151, 19, 29260, 38000, '0000-00-00', 0),
(92, 17, 152, 25, 68750, 87500, '0000-00-00', 0),
(93, 17, 154, 88, 207856, 264000, '0000-00-00', 0),
(94, 16, 322, 34, 15300, 17000, '0000-00-00', 0),
(95, 16, 87, 3, 2700, 4500, '0000-00-00', 0),
(96, 17, 149, 2, 6034, 8000, '0000-00-00', 0),
(97, 17, 157, 15, 36180, 45000, '0000-00-00', 0),
(98, 17, 160, 6, 24372, 30000, '0000-00-00', 0),
(99, 16, 87, 3, 2700, 4500, '0000-00-00', 0),
(100, 16, 24, 24, 10200, 12000, '0000-00-00', 0),
(101, 16, 113, 10, 4460, 5000, '0000-00-00', 0),
(102, 16, 29, 48, 21600, 24000, '0000-00-00', 0),
(103, 16, 31, 4, 6668, 8000, '0000-00-00', 0),
(104, 16, 323, 5, 8750, 10000, '0000-00-00', 0),
(105, 16, 33, 5, 2250, 2500, '0000-00-00', 0),
(106, 16, 126, 3, 6000, 7500, '0000-00-00', 0),
(107, 16, 37, 16, 28000, 32000, '0000-00-00', 0),
(108, 16, 120, 20, 35000, 40000, '0000-00-00', 0),
(109, 16, 38, 5, 8750, 10000, '0000-00-00', 0),
(110, 16, 122, 7, 0, 3500, '0000-00-00', 0),
(111, 16, 42, 1, 850, 1000, '0000-00-00', 0),
(112, 16, 43, 13, 10569, 13000, '0000-00-00', 0),
(113, 16, 88, 24, 19296, 24000, '0000-00-00', 0),
(114, 16, 52, 2, 5050, 6000, '0000-00-00', 0),
(115, 16, 57, 4, 5832, 8000, '0000-00-00', 0),
(116, 16, 70, 7, 3010, 3500, '0000-00-00', 0),
(117, 16, 69, 1, 440, 500, '0000-00-00', 0),
(118, 16, 73, 1, 875, 1000, '0000-00-00', 0),
(119, 16, 325, 1, 1690, 2000, '0000-00-00', 0),
(120, 16, 326, 1, 1180, 2000, '0000-00-00', 0),
(121, 16, 327, 1, 1130, 2000, '0000-00-00', 0),
(122, 16, 80, 4, 15832, 20000, '0000-00-00', 0),
(123, 16, 79, 13, 51454, 58500, '0000-00-00', 0),
(124, 16, 78, 14, 53662, 63000, '0000-00-00', 0),
(125, 16, 86, 5, 26665, 35000, '0000-00-00', 0),
(126, 16, 299, 12, 39996, 48000, '0000-00-00', 0),
(127, 16, 84, 10, 35000, 45000, '0000-00-00', 0),
(128, 16, 85, 5, 19790, 25000, '0000-00-00', 0),
(129, 16, 330, 6, 17520, 21000, '0000-00-00', 0),
(130, 16, 295, 10, 15000, 25000, '0000-00-00', 0),
(131, 16, 301, 5, 20835, 25000, '0000-00-00', 0),
(132, 16, 331, 5, 25600, 30000, '0000-00-00', 0),
(133, 16, 303, 12, 39996, 48000, '0000-00-00', 0),
(134, 16, 308, 3, 10125, 12000, '0000-00-00', 0),
(135, 16, 296, 2, 4166, 6000, '0000-00-00', 0),
(136, 16, 310, 2, 6666, 8000, '0000-00-00', 0),
(137, 16, 333, 11, 32120, 38500, '0000-00-00', 0),
(138, 16, 300, 3, 6438, 9000, '0000-00-00', 0),
(139, 16, 311, 2, 9500, 12000, '0000-00-00', 0),
(140, 16, 310, 1, 3333, 4000, '0000-00-00', 0),
(142, 14, 99, 25, 60625, 75000, '0000-00-00', 0),
(143, 14, 97, 47, 89864, 117500, '0000-00-00', 0),
(144, 14, 94, 19, 43928, 57000, '0000-00-00', 0),
(145, 14, 91, 14, 21560, 28000, '0000-00-00', 0),
(146, 14, 92, 38, 58520, 76000, '0000-00-00', 0),
(147, 14, 101, 53, 145750, 185500, '0000-00-00', 0),
(148, 14, 102, 6, 24246, 30000, '0000-00-00', 0),
(149, 14, 93, 1, 2362, 3000, '0000-00-00', 0),
(150, 14, 338, 18, 41634, 54000, '0000-00-00', 0),
(151, 14, 85, 11, 43538, 55000, '0000-00-00', 0),
(152, 14, 80, 10, 39580, 50000, '0000-00-00', 0),
(153, 14, 86, 3, 15999, 21000, '0000-00-00', 0),
(154, 14, 78, 12, 45996, 54000, '0000-00-00', 0),
(155, 14, 79, 18, 71244, 81000, '0000-00-00', 0),
(156, 14, 339, 10, 35000, 45000, '0000-00-00', 0),
(157, 14, 295, 5, 7500, 12500, '0000-00-00', 0),
(158, 14, 298, 12, 31500, 42000, '0000-00-00', 0),
(159, 14, 300, 5, 10730, 15000, '0000-00-00', 0),
(160, 14, 301, 3, 12501, 15000, '0000-00-00', 0),
(161, 14, 302, 6, 19998, 24000, '0000-00-00', 0),
(162, 14, 308, 2, 6750, 8000, '0000-00-00', 0),
(163, 14, 310, 5, 16665, 20000, '0000-00-00', 0),
(164, 14, 311, 6, 28500, 36000, '0000-00-00', 0),
(165, 14, 340, 5, 16665, 20000, '0000-00-00', 0),
(166, 14, 341, 2, 6666, 8000, '0000-00-00', 0),
(167, 14, 300, 5, 10730, 15000, '0000-00-00', 0),
(168, 14, 341, 2, 6666, 8000, '0000-00-00', 0),
(169, 14, 331, 5, 25600, 30000, '0000-00-00', 0),
(170, 14, 134, 24, 6744, 12000, '0000-00-00', 0),
(171, 14, 4, 64, 97280, 128000, '0000-00-00', 0),
(172, 14, 7, 1, 792, 1000, '0000-00-00', 0),
(173, 14, 9, 4, 3180, 6000, '0000-00-00', 0),
(174, 14, 10, 2, 1584, 2000, '0000-00-00', 0),
(175, 14, 11, 1, 813, 1000, '0000-00-00', 0),
(176, 14, 16, 17, 28900, 34000, '0000-00-00', 0),
(177, 14, 22, 14, 11130, 14000, '0000-00-00', 0),
(178, 14, 117, 8, 6960, 8000, '0000-00-00', 0),
(179, 14, 33, 7, 3150, 3500, '0000-00-00', 0),
(180, 14, 37, 3, 5250, 6000, '0000-00-00', 0),
(181, 14, 38, 1, 1750, 2000, '0000-00-00', 0),
(182, 14, 57, 4, 5832, 8000, '0000-00-00', 0),
(183, 14, 66, 2, 450, 1000, '0000-00-00', 0),
(184, 14, 67, 1, 667, 1000, '0000-00-00', 0),
(185, 14, 70, 4, 1720, 2000, '0000-00-00', 0),
(186, 15, 139, 7, 13384, 17500, '0000-00-00', 0),
(187, 15, 141, 21, 39900, 52500, '0000-00-00', 0),
(188, 15, 146, 33, 51414, 66000, '0000-00-00', 0),
(189, 15, 150, 18, 27720, 36000, '0000-00-00', 0),
(190, 15, 151, 9, 13860, 18000, '0000-00-00', 0),
(191, 15, 152, 15, 41250, 52500, '0000-00-00', 0),
(192, 15, 154, 51, 120462, 153000, '0000-00-00', 0),
(193, 15, 160, 19, 77178, 95000, '0000-00-00', 0),
(194, 15, 149, 3, 9051, 12000, '0000-00-00', 0),
(195, 15, 145, 8, 15520, 20000, '0000-00-00', 0),
(196, 15, 157, 23, 55476, 69000, '0000-00-00', 0),
(197, 15, 164, 2, 7916, 10000, '0000-00-00', 0),
(198, 15, 163, 6, 14250, 18000, '0000-00-00', 0),
(199, 15, 138, 1, 3958, 5000, '0000-00-00', 0),
(200, 15, 166, 4, 14000, 18000, '0000-00-00', 0),
(201, 15, 167, 4, 21332, 28000, '0000-00-00', 0),
(202, 15, 168, 6, 22998, 27000, '0000-00-00', 0),
(203, 15, 169, 5, 11875, 15000, '0000-00-00', 0),
(204, 15, 172, 18, 5058, 9000, '0000-00-00', 0),
(205, 15, 136, 87, 83346, 174000, '0000-00-00', 0),
(206, 15, 177, 3, 2439, 3000, '0000-00-00', 0),
(207, 15, 342, 9, 20439, 27000, '0000-00-00', 0),
(208, 15, 190, 4, 3560, 4000, '0000-00-00', 0),
(209, 15, 199, 1, 1567, 2000, '0000-00-00', 0),
(210, 15, 202, 10, 4250, 5000, '0000-00-00', 0),
(211, 15, 208, 29, 25375, 29000, '0000-00-00', 0),
(212, 15, 209, 8, 3600, 4000, '0000-00-00', 0),
(213, 15, 213, 3, 5451, 6000, '0000-00-00', 0),
(214, 15, 214, 4, 7000, 8000, '0000-00-00', 0),
(215, 15, 219, 19, 8075, 9500, '0000-00-00', 0),
(216, 15, 221, 1, 425, 500, '0000-00-00', 0),
(217, 15, 222, 2, 3500, 4000, '0000-00-00', 0),
(218, 15, 226, 12, 21504, 24000, '0000-00-00', 0),
(219, 15, 269, 8, 9120, 16000, '0000-00-00', 0),
(220, 15, 232, 2, 1740, 2000, '0000-00-00', 0),
(221, 15, 234, 1, 875, 1000, '0000-00-00', 0),
(222, 15, 236, 2, 1626, 2000, '0000-00-00', 0),
(223, 20, 90, 8, 12464, 16000, '0000-00-00', 0),
(224, 20, 97, 29, 55448, 72500, '0000-00-00', 0),
(225, 20, 91, 26, 40040, 52000, '0000-00-00', 0),
(226, 20, 92, 20, 30800, 40000, '0000-00-00', 0),
(227, 20, 101, 28, 77000, 98000, '0000-00-00', 0),
(228, 20, 102, 9, 36369, 45000, '0000-00-00', 0),
(229, 20, 93, 42, 99204, 126000, '0000-00-00', 0),
(230, 20, 291, 14, 32382, 42000, '0000-00-00', 0),
(231, 20, 85, 1, 3958, 5000, '0000-00-00', 0),
(232, 20, 83, 12, 28500, 36000, '0000-00-00', 0),
(233, 20, 82, 6, 14250, 18000, '0000-00-00', 0),
(234, 20, 80, 5, 19790, 25000, '0000-00-00', 0),
(235, 20, 339, 22, 77000, 99000, '0000-00-00', 0),
(236, 20, 86, 12, 63996, 84000, '0000-00-00', 0),
(237, 20, 78, 7, 26831, 31500, '0000-00-00', 0),
(238, 20, 81, 8, 19000, 24000, '0000-00-00', 0),
(239, 20, 79, 8, 31664, 36000, '0000-00-00', 0),
(240, 20, 295, 3, 4500, 7500, '0000-00-00', 0),
(241, 20, 299, 5, 16665, 20000, '0000-00-00', 0),
(242, 20, 300, 13, 27898, 39000, '0000-00-00', 0),
(243, 20, 308, 2, 6750, 8000, '0000-00-00', 0),
(244, 20, 310, 5, 16665, 20000, '0000-00-00', 0),
(245, 20, 4, 37, 56240, 74000, '0000-00-00', 0),
(246, 20, 7, 7, 5544, 7000, '0000-00-00', 0),
(247, 20, 9, 1, 795, 1500, '0000-00-00', 0),
(248, 20, 10, 3, 2376, 3000, '0000-00-00', 0),
(249, 20, 11, 1, 813, 1000, '0000-00-00', 0),
(250, 20, 105, 5, 530, 1250, '0000-00-00', 0),
(251, 20, 18, 2, 1800, 2000, '0000-00-00', 0),
(252, 20, 87, 14, 12600, 21000, '0000-00-00', 0),
(253, 20, 27, 1, 1583, 2000, '0000-00-00', 0),
(254, 20, 31, 13, 21671, 26000, '0000-00-00', 0),
(255, 20, 33, 11, 4950, 5500, '0000-00-00', 0),
(256, 20, 126, 1, 2000, 2500, '0000-00-00', 0),
(257, 20, 38, 8, 14000, 16000, '0000-00-00', 0),
(258, 20, 122, 17, 0, 8500, '0000-00-00', 0),
(259, 20, 43, 37, 30081, 37000, '0000-00-00', 0),
(260, 20, 57, 9, 13122, 18000, '0000-00-00', 0),
(261, 20, 69, 2, 880, 1000, '0000-00-00', 0),
(262, 20, 68, 4, 1720, 2000, '0000-00-00', 0),
(263, 20, 73, 2, 1750, 2000, '0000-00-00', 0),
(264, 20, 326, 1, 1180, 2000, '0000-00-00', 0),
(265, 20, 327, 1, 1130, 2000, '0000-00-00', 0),
(266, 21, 172, 10, 2810, 5000, '0000-00-00', 0),
(267, 21, 136, 85, 81430, 170000, '0000-00-00', 0),
(268, 21, 176, 24, 19008, 24000, '0000-00-00', 0),
(269, 21, 177, 4, 3252, 4000, '0000-00-00', 0),
(270, 21, 184, 12, 1440, 3000, '0000-00-00', 0),
(271, 21, 188, 10, 18000, 20000, '0000-00-00', 0),
(272, 21, 189, 11, 18700, 22000, '0000-00-00', 0),
(273, 21, 190, 6, 5340, 6000, '0000-00-00', 0),
(274, 21, 191, 1, 900, 1000, '0000-00-00', 0),
(275, 21, 196, 37, 16650, 18500, '0000-00-00', 0),
(276, 21, 198, 17, 14790, 17000, '0000-00-00', 0),
(277, 21, 199, 1, 1567, 2000, '0000-00-00', 0),
(278, 21, 202, 2, 850, 1000, '0000-00-00', 0),
(279, 21, 207, 1, 1583, 2000, '0000-00-00', 0),
(280, 21, 208, 2, 1750, 2000, '0000-00-00', 0),
(281, 21, 209, 2, 900, 1000, '0000-00-00', 0),
(282, 21, 213, 6, 10902, 12000, '0000-00-00', 0),
(283, 21, 214, 6, 10500, 12000, '0000-00-00', 0),
(284, 21, 215, 48, 21600, 24000, '0000-00-00', 0),
(285, 21, 219, 3, 1275, 1500, '0000-00-00', 0),
(286, 21, 221, 3, 1275, 1500, '0000-00-00', 0),
(287, 21, 222, 2, 3500, 4000, '0000-00-00', 0),
(288, 21, 224, 2, 3500, 4000, '0000-00-00', 0),
(289, 21, 281, 12, 21492, 24000, '0000-00-00', 0),
(290, 21, 228, 8, 4000, 8000, '0000-00-00', 0),
(291, 21, 229, 11, 14685, 22000, '0000-00-00', 0),
(292, 21, 230, 34, 27642, 34000, '0000-00-00', 0),
(293, 21, 258, 1, 812, 1000, '0000-00-00', 0),
(294, 21, 139, 24, 45888, 60000, '0000-00-00', 0),
(295, 21, 141, 16, 30400, 40000, '0000-00-00', 0),
(296, 21, 145, 16, 31040, 40000, '0000-00-00', 0),
(297, 21, 147, 15, 28680, 37500, '0000-00-00', 0),
(298, 21, 149, 20, 60340, 80000, '0000-00-00', 0),
(299, 21, 150, 35, 53900, 70000, '0000-00-00', 0),
(300, 21, 151, 3, 4620, 6000, '0000-00-00', 0),
(301, 21, 152, 39, 107250, 136500, '0000-00-00', 0),
(302, 21, 335, 4, 16168, 20000, '0000-00-00', 0),
(303, 21, 154, 20, 47240, 60000, '0000-00-00', 0),
(304, 21, 164, 8, 31664, 40000, '0000-00-00', 0),
(305, 21, 165, 5, 11875, 15000, '0000-00-00', 0),
(306, 21, 163, 4, 9500, 12000, '0000-00-00', 0),
(307, 21, 138, 4, 15832, 20000, '0000-00-00', 0),
(308, 21, 166, 9, 31500, 40500, '0000-00-00', 0),
(309, 21, 167, 9, 47997, 63000, '0000-00-00', 0),
(310, 21, 169, 11, 26125, 33000, '0000-00-00', 0),
(311, 20, 297, 3, 6438, 9000, '0000-00-00', 0),
(312, 20, 3, 96, 26976, 48000, '0000-00-00', 0),
(313, 20, 129, 3, 2463, 3000, '0000-00-00', 0),
(314, 20, 323, 5, 8750, 10000, '0000-00-00', 0),
(315, 20, 42, 9, 12006, 18000, '0000-00-00', 0),
(316, 24, 99, 40, 97000, 120000, '0000-00-00', 0),
(317, 24, 90, 36, 56088, 72000, '0000-00-00', 0),
(318, 24, 97, 6, 11478, 15000, '0000-00-00', 0),
(319, 24, 291, 9, 20817, 27000, '0000-00-00', 0),
(320, 24, 91, 15, 23250, 30000, '0000-00-00', 0),
(321, 24, 92, 13, 20150, 26000, '0000-00-00', 0),
(322, 24, 101, 20, 55000, 70000, '0000-00-00', 0),
(323, 24, 102, 6, 24252, 30000, '0000-00-00', 0),
(324, 24, 93, 26, 61412, 78000, '0000-00-00', 0),
(326, 24, 94, 9, 20817, 27000, '0000-00-00', 0),
(327, 24, 318, 10, 40630, 50000, '0000-00-00', 0),
(328, 24, 134, 61, 17141, 30500, '0000-00-00', 0),
(329, 24, 4, 73, 110960, 146000, '0000-00-00', 0),
(330, 24, 7, 12, 9504, 12000, '0000-00-00', 0),
(331, 24, 9, 8, 6360, 12000, '0000-00-00', 0),
(332, 24, 10, 3, 2376, 3000, '0000-00-00', 0),
(333, 24, 11, 4, 3252, 4000, '0000-00-00', 0),
(334, 24, 130, 5, 13500, 17500, '0000-00-00', 0),
(335, 24, 105, 28, 2968, 7000, '0000-00-00', 0),
(336, 24, 48, 30, 3600, 7500, '0000-00-00', 0),
(337, 24, 110, 6, 828, 1500, '0000-00-00', 0),
(338, 24, 121, 5, 9000, 10000, '0000-00-00', 0),
(339, 24, 18, 8, 7200, 8000, '0000-00-00', 0),
(340, 24, 22, 12, 9540, 12000, '0000-00-00', 0),
(341, 24, 87, 10, 9000, 15000, '0000-00-00', 0),
(342, 24, 24, 7, 2975, 3500, '0000-00-00', 0),
(343, 24, 113, 1, 450, 500, '0000-00-00', 0),
(344, 24, 113, 9, 4050, 4500, '0000-00-00', 0),
(345, 24, 29, 4, 1800, 2000, '0000-00-00', 0),
(346, 24, 31, 5, 8335, 10000, '0000-00-00', 0),
(347, 24, 33, 25, 11250, 12500, '0000-00-00', 0),
(348, 24, 127, 9, 3375, 4500, '0000-00-00', 0),
(349, 24, 36, 25, 11250, 12500, '0000-00-00', 0),
(350, 24, 120, 8, 14000, 16000, '0000-00-00', 0),
(351, 24, 38, 8, 14000, 16000, '0000-00-00', 0),
(352, 24, 39, 6, 10680, 12000, '0000-00-00', 0),
(353, 24, 43, 12, 9756, 12000, '0000-00-00', 0),
(354, 24, 46, 7, 6300, 7000, '0000-00-00', 0),
(355, 24, 55, 1, 2525, 3000, '0000-00-00', 0),
(356, 24, 57, 5, 7290, 10000, '0000-00-00', 0),
(357, 24, 59, 3, 2700, 4500, '0000-00-00', 0),
(358, 24, 65, 4, 880, 2000, '0000-00-00', 0),
(359, 24, 66, 2, 450, 1000, '0000-00-00', 0),
(360, 24, 70, 1, 430, 500, '0000-00-00', 0),
(361, 24, 68, 1, 430, 500, '0000-00-00', 0),
(362, 24, 73, 2, 1750, 2000, '0000-00-00', 0),
(363, 24, 302, 1, 3333, 4000, '0000-00-00', 0),
(364, 24, 304, 1, 1354, 2500, '0000-00-00', 0),
(365, 24, 308, 5, 16875, 20000, '0000-00-00', 0),
(367, 24, 340, 19, 63327, 76000, '0000-00-00', 0),
(368, 24, 348, 9, 21195, 27000, '0000-00-00', 0),
(369, 24, 333, 3, 5313, 7500, '0000-00-00', 0),
(370, 24, 85, 13, 51454, 65000, '0000-00-00', 0),
(371, 24, 83, 16, 38000, 48000, '0000-00-00', 0),
(372, 24, 82, 24, 57000, 72000, '0000-00-00', 0),
(373, 24, 80, 14, 55412, 70000, '0000-00-00', 0),
(374, 24, 339, 58, 203000, 261000, '0000-00-00', 0),
(375, 24, 86, 2, 10666, 14000, '0000-00-00', 0),
(376, 24, 78, 15, 57495, 67500, '0000-00-00', 0),
(377, 24, 81, 20, 47500, 60000, '0000-00-00', 0),
(378, 24, 79, 11, 43538, 49500, '0000-00-00', 0),
(379, 25, 139, 7, 13384, 17500, '0000-00-00', 0),
(380, 25, 140, 14, 56868, 70000, '0000-00-00', 0),
(381, 25, 144, 64, 155200, 192000, '0000-00-00', 0),
(382, 25, 145, 2, 3880, 5000, '0000-00-00', 0),
(383, 25, 146, 46, 71668, 92000, '0000-00-00', 0),
(384, 25, 147, 5, 9560, 12500, '0000-00-00', 0),
(385, 25, 148, 18, 41634, 54000, '0000-00-00', 0),
(386, 25, 149, 6, 18102, 24000, '0000-00-00', 0),
(387, 25, 152, 19, 52250, 66500, '0000-00-00', 0),
(388, 25, 154, 27, 63774, 81000, '0000-00-00', 0),
(389, 25, 337, 2, 6416, 8000, '0000-00-00', 0),
(391, 25, 160, 6, 24372, 30000, '0000-00-00', 0),
(392, 25, 159, 10, 40620, 50000, '0000-00-00', 0),
(393, 25, 164, 3, 11874, 15000, '0000-00-00', 0),
(394, 25, 165, 11, 26125, 33000, '0000-00-00', 0),
(395, 25, 163, 4, 9500, 12000, '0000-00-00', 0),
(396, 25, 138, 3, 11874, 15000, '0000-00-00', 0),
(397, 25, 166, 20, 70000, 90000, '0000-00-00', 0),
(398, 25, 167, 4, 21332, 28000, '0000-00-00', 0),
(399, 25, 169, 17, 40375, 51000, '0000-00-00', 0),
(400, 25, 170, 1, 3958, 4500, '0000-00-00', 0),
(401, 25, 136, 48, 45984, 96000, '0000-00-00', 0),
(402, 25, 316, 1, 3300, 4000, '0000-00-00', 0),
(403, 25, 172, 27, 7587, 13500, '0000-00-00', 0),
(404, 25, 136, 42, 40236, 84000, '0000-00-00', 0),
(405, 25, 176, 3, 2376, 3000, '0000-00-00', 0),
(406, 25, 177, 6, 4878, 6000, '0000-00-00', 0),
(407, 25, 182, 16, 1664, 4000, '0000-00-00', 0),
(408, 25, 184, 24, 4080, 6000, '0000-00-00', 0),
(409, 25, 188, 6, 10800, 12000, '0000-00-00', 0),
(410, 25, 190, 7, 6230, 7000, '0000-00-00', 0),
(411, 25, 196, 3, 1350, 1500, '0000-00-00', 0),
(412, 25, 208, 12, 10500, 12000, '0000-00-00', 0),
(413, 25, 209, 12, 5400, 6000, '0000-00-00', 0),
(414, 25, 213, 5, 9085, 10000, '0000-00-00', 0),
(415, 25, 214, 3, 5250, 6000, '0000-00-00', 0),
(416, 25, 268, 1, 1130, 2000, '0000-00-00', 0),
(417, 27, 135, 69, 66102, 138000, '0000-00-00', 0),
(418, 27, 171, 18, 5670, 9000, '0000-00-00', 0),
(419, 27, 316, 1, 3300, 4000, '0000-00-00', 0),
(420, 27, 177, 3, 2439, 3000, '0000-00-00', 0),
(421, 27, 281, 13, 23283, 26000, '0000-00-00', 0),
(422, 27, 314, 24, 3120, 6000, '0000-00-00', 0),
(423, 27, 184, 20, 3400, 5000, '0000-00-00', 0),
(424, 27, 188, 11, 19800, 22000, '0000-00-00', 0),
(425, 27, 189, 16, 27360, 32000, '0000-00-00', 0),
(426, 27, 196, 6, 2700, 3000, '0000-00-00', 0),
(427, 27, 201, 1, 850, 1000, '0000-00-00', 0),
(428, 27, 202, 2, 850, 1000, '0000-00-00', 0),
(429, 27, 208, 1, 875, 1000, '0000-00-00', 0),
(430, 27, 209, 10, 4500, 5000, '0000-00-00', 0),
(431, 27, 210, 4, 3600, 4000, '0000-00-00', 0),
(432, 27, 213, 4, 7268, 8000, '0000-00-00', 0),
(433, 27, 214, 4, 7000, 8000, '0000-00-00', 0),
(434, 27, 215, 11, 4950, 5500, '0000-00-00', 0),
(435, 27, 216, 17, 7582, 8500, '0000-00-00', 0),
(436, 27, 217, 1, 2000, 2500, '0000-00-00', 0),
(437, 27, 219, 3, 1350, 1500, '0000-00-00', 0),
(438, 27, 221, 2, 900, 1000, '0000-00-00', 0),
(439, 27, 224, 2, 3500, 4000, '0000-00-00', 0),
(440, 27, 229, 1, 1335, 2000, '0000-00-00', 0),
(441, 27, 230, 24, 19512, 24000, '0000-00-00', 0),
(442, 27, 234, 5, 4375, 5000, '0000-00-00', 0),
(443, 27, 236, 1, 813, 1000, '0000-00-00', 0),
(444, 27, 243, 1, 800, 1000, '0000-00-00', 0),
(445, 27, 268, 1, 1130, 2000, '0000-00-00', 0),
(446, 26, 295, 3, 4500, 7500, '0000-00-00', 0),
(447, 26, 344, 12, 39996, 48000, '0000-00-00', 0),
(448, 26, 345, 12, 39996, 48000, '0000-00-00', 0),
(449, 26, 343, 4, 13332, 16000, '0000-00-00', 0),
(450, 26, 302, 5, 16665, 20000, '0000-00-00', 0),
(451, 26, 305, 10, 11880, 20000, '0000-00-00', 0),
(452, 26, 85, 5, 19790, 25000, '0000-00-00', 0),
(453, 26, 83, 10, 23750, 30000, '0000-00-00', 0),
(454, 26, 82, 14, 33250, 42000, '0000-00-00', 0),
(455, 26, 80, 2, 7916, 10000, '0000-00-00', 0),
(456, 26, 339, 14, 49000, 63000, '0000-00-00', 0),
(457, 26, 86, 3, 15999, 21000, '0000-00-00', 0),
(458, 26, 78, 1, 3833, 4500, '0000-00-00', 0),
(459, 26, 81, 10, 23750, 30000, '0000-00-00', 0),
(460, 26, 79, 4, 15832, 18000, '0000-00-00', 0),
(461, 26, 92, 11, 17050, 22000, '0000-00-00', 0),
(462, 26, 90, 20, 31160, 40000, '0000-00-00', 0),
(463, 26, 93, 48, 113376, 144000, '0000-00-00', 0),
(464, 26, 97, 22, 42086, 55000, '0000-00-00', 0),
(465, 26, 294, 5, 11565, 15000, '0000-00-00', 0),
(466, 26, 91, 29, 44950, 58000, '0000-00-00', 0),
(467, 26, 101, 11, 30250, 38500, '0000-00-00', 0),
(468, 26, 102, 7, 28294, 35000, '0000-00-00', 0),
(469, 26, 291, 14, 32382, 42000, '0000-00-00', 0),
(470, 26, 4, 56, 85120, 112000, '0000-00-00', 0),
(471, 26, 117, 8, 7040, 8000, '0000-00-00', 0),
(472, 26, 113, 12, 5400, 6000, '0000-00-00', 0),
(473, 26, 11, 1, 813, 1000, '0000-00-00', 0),
(474, 26, 113, 8, 3600, 4000, '0000-00-00', 0),
(475, 26, 66, 2, 450, 1000, '0000-00-00', 0),
(476, 26, 33, 5, 2250, 2500, '0000-00-00', 0),
(477, 26, 71, 2, 4400, 6000, '0000-00-00', 0),
(478, 26, 57, 5, 7290, 10000, '0000-00-00', 0),
(479, 26, 110, 11, 1518, 2750, '0000-00-00', 0),
(480, 26, 67, 1, 667, 1000, '0000-00-00', 0),
(481, 26, 9, 2, 1590, 3000, '0000-00-00', 0),
(482, 27, 146, 5, 7790, 10000, '0000-00-00', 0),
(483, 27, 144, 50, 121250, 150000, '0000-00-00', 0),
(484, 27, 137, 19, 43947, 57000, '0000-00-00', 0),
(485, 27, 149, 27, 81459, 108000, '0000-00-00', 0),
(486, 27, 145, 4, 7760, 10000, '0000-00-00', 0),
(487, 27, 160, 3, 12186, 15000, '0000-00-00', 0),
(488, 27, 159, 7, 28434, 35000, '0000-00-00', 0),
(489, 27, 337, 2, 6416, 8000, '0000-00-00', 0),
(490, 27, 140, 25, 101550, 125000, '0000-00-00', 0),
(491, 27, 154, 30, 70860, 90000, '0000-00-00', 0),
(492, 27, 163, 8, 19000, 24000, '0000-00-00', 0),
(493, 27, 165, 5, 11875, 15000, '0000-00-00', 0),
(494, 27, 169, 4, 9500, 12000, '0000-00-00', 0),
(495, 27, 166, 6, 21000, 27000, '0000-00-00', 0),
(496, 27, 167, 3, 15999, 21000, '0000-00-00', 0),
(497, 27, 138, 5, 19790, 25000, '0000-00-00', 0),
(498, 27, 170, 4, 15832, 18000, '0000-00-00', 0),
(499, 27, 164, 1, 3958, 5000, '0000-00-00', 0),
(500, 27, 168, 6, 22998, 27000, '0000-00-00', 0),
(501, 25, 314, 8, 1040, 2000, '0000-00-00', 0),
(502, 30, 79, 3, 11874, 13500, '0000-00-00', 0),
(503, 30, 80, 2, 7916, 10000, '0000-00-00', 0),
(504, 30, 82, 4, 9500, 12000, '0000-00-00', 0),
(505, 30, 86, 2, 10666, 14000, '0000-00-00', 0),
(506, 30, 339, 6, 21000, 27000, '0000-00-00', 0),
(507, 30, 90, 12, 18696, 24000, '0000-00-00', 0),
(508, 30, 92, 1, 1550, 2000, '0000-00-00', 0),
(509, 30, 93, 24, 56688, 72000, '0000-00-00', 0),
(510, 30, 97, 2, 3826, 5000, '0000-00-00', 0),
(511, 30, 101, 4, 11000, 14000, '0000-00-00', 0),
(512, 30, 294, 3, 6939, 9000, '0000-00-00', 0),
(513, 31, 135, 11, 10538, 22000, '0000-00-00', 0),
(514, 31, 171, 6, 1890, 3000, '0000-00-00', 0),
(515, 31, 184, 7, 1190, 1750, '0000-00-00', 0),
(516, 31, 185, 6, 720, 1500, '0000-00-00', 0),
(517, 31, 189, 11, 18810, 22000, '0000-00-00', 0),
(518, 31, 199, 2, 3134, 4000, '0000-00-00', 0),
(519, 31, 213, 1, 1817, 2000, '0000-00-00', 0),
(520, 31, 216, 2, 892, 1000, '0000-00-00', 0),
(521, 31, 219, 6, 2700, 3000, '0000-00-00', 0),
(522, 31, 220, 8, 4000, 8000, '0000-00-00', 0),
(523, 31, 221, 2, 900, 1000, '0000-00-00', 0),
(524, 31, 222, 5, 8750, 10000, '0000-00-00', 0),
(525, 31, 223, 2, 3500, 4000, '0000-00-00', 0),
(526, 31, 224, 4, 7000, 8000, '0000-00-00', 0),
(527, 31, 226, 3, 5376, 6000, '0000-00-00', 0),
(528, 31, 227, 1, 900, 1000, '0000-00-00', 0),
(529, 31, 237, 1, 900, 1000, '0000-00-00', 0),
(530, 31, 246, 5, 4250, 5000, '0000-00-00', 0),
(531, 31, 260, 1, 1500, 2000, '0000-00-00', 0),
(532, 31, 263, 1, 11000, 13000, '0000-00-00', 0),
(533, 31, 336, 1, 14000, 15000, '0000-00-00', 0),
(534, 31, 139, 3, 5736, 7500, '0000-00-00', 0),
(535, 31, 150, 6, 9240, 12000, '0000-00-00', 0),
(536, 31, 152, 10, 27500, 35000, '0000-00-00', 0),
(537, 31, 154, 16, 37792, 48000, '0000-00-00', 0),
(538, 31, 158, 1, 4000, 5000, '0000-00-00', 0),
(539, 31, 337, 2, 6416, 8000, '0000-00-00', 0),
(540, 31, 355, 1, 1940, 2500, '0000-00-00', 0),
(541, 31, 163, 6, 14250, 18000, '0000-00-00', 0),
(542, 31, 165, 1, 2375, 3000, '0000-00-00', 0),
(543, 31, 166, 4, 14000, 18000, '0000-00-00', 0),
(544, 31, 167, 1, 5333, 7000, '0000-00-00', 0),
(545, 31, 168, 1, 3833, 4500, '0000-00-00', 0),
(546, 31, 170, 3, 11874, 13500, '0000-00-00', 0),
(547, 30, 4, 8, 12160, 16000, '0000-00-00', 0),
(548, 30, 8, 2, 1700, 2000, '0000-00-00', 0),
(549, 30, 9, 1, 795, 1500, '0000-00-00', 0),
(550, 30, 24, 7, 2975, 3500, '0000-00-00', 0),
(551, 30, 29, 1, 450, 500, '0000-00-00', 0),
(552, 30, 33, 21, 9450, 10500, '0000-00-00', 0),
(553, 30, 35, 10, 4500, 5000, '0000-00-00', 0),
(554, 30, 36, 17, 7650, 8500, '0000-00-00', 0),
(555, 30, 38, 7, 12250, 14000, '0000-00-00', 0),
(556, 30, 39, 9, 16020, 18000, '0000-00-00', 0),
(557, 30, 41, 6, 5400, 6000, '0000-00-00', 0),
(558, 30, 48, 23, 2760, 5750, '0000-00-00', 0),
(559, 30, 52, 3, 7575, 9000, '0000-00-00', 0),
(560, 30, 53, 1, 2675, 3000, '0000-00-00', 0),
(561, 30, 54, 2, 4726, 6000, '0000-00-00', 0),
(562, 30, 110, 8, 1104, 2000, '0000-00-00', 0),
(563, 30, 126, 5, 10000, 12500, '0000-00-00', 0),
(564, 30, 322, 6, 2700, 3000, '0000-00-00', 0),
(566, 30, 26, 17, 7480, 8500, '0000-00-00', 0),
(567, 30, 112, 8, 10032, 16000, '0000-00-00', 0),
(568, 30, 1, 21, 6615, 10500, '0000-00-00', 0),
(569, 30, 100, 2, 8000, 10000, '0000-00-00', 0),
(570, 30, 104, 6, 24372, 24000, '0000-00-00', 0),
(571, 31, 269, 1, 1140, 2000, '0000-00-00', 0),
(572, 30, 295, 2, 3000, 5000, '0000-00-00', 0),
(573, 30, 303, 2, 6666, 8000, '0000-00-00', 0),
(574, 30, 310, 8, 26664, 32000, '0000-00-00', 0),
(575, 30, 333, 4, 7084, 10000, '0000-00-00', 0),
(576, 30, 309, 1, 3375, 4000, '0000-00-00', 0),
(577, 28, 97, 59, 112867, 147500, '0000-00-00', 0),
(578, 28, 94, 19, 43947, 57000, '0000-00-00', 0),
(579, 28, 92, 3, 4650, 6000, '0000-00-00', 0),
(580, 28, 101, 48, 132000, 168000, '0000-00-00', 0),
(581, 28, 102, 10, 40420, 50000, '0000-00-00', 0),
(582, 28, 93, 7, 16534, 21000, '0000-00-00', 0),
(583, 28, 338, 18, 41634, 54000, '0000-00-00', 0),
(584, 28, 85, 7, 27706, 35000, '0000-00-00', 0),
(585, 28, 82, 19, 45125, 57000, '0000-00-00', 0),
(586, 28, 80, 11, 43538, 55000, '0000-00-00', 0),
(587, 28, 339, 17, 59500, 76500, '0000-00-00', 0),
(588, 28, 86, 8, 42664, 56000, '0000-00-00', 0),
(589, 28, 78, 5, 19165, 22500, '0000-00-00', 0),
(590, 28, 81, 24, 57000, 72000, '0000-00-00', 0),
(591, 28, 79, 8, 31664, 36000, '0000-00-00', 0),
(592, 28, 295, 6, 9000, 15000, '0000-00-00', 0),
(593, 28, 297, 8, 17168, 24000, '0000-00-00', 0),
(594, 28, 299, 11, 36663, 44000, '0000-00-00', 0),
(595, 28, 301, 4, 16668, 20000, '0000-00-00', 0),
(596, 28, 302, 13, 43329, 52000, '0000-00-00', 0),
(597, 28, 303, 2, 6666, 8000, '0000-00-00', 0),
(598, 28, 304, 32, 43328, 80000, '0000-00-00', 0),
(600, 28, 310, 8, 26664, 32000, '0000-00-00', 0),
(601, 28, 347, 3, 7065, 9000, '0000-00-00', 0),
(602, 28, 333, 3, 5313, 7500, '0000-00-00', 0),
(603, 28, 134, 50, 14050, 25000, '0000-00-00', 0),
(604, 28, 4, 72, 109440, 144000, '0000-00-00', 0),
(605, 28, 7, 8, 6336, 8000, '0000-00-00', 0),
(606, 28, 105, 3, 318, 750, '0000-00-00', 0),
(607, 28, 48, 25, 3000, 6250, '0000-00-00', 0),
(608, 28, 110, 2, 276, 500, '0000-00-00', 0),
(609, 28, 18, 1, 900, 1000, '0000-00-00', 0),
(610, 28, 322, 22, 9900, 11000, '0000-00-00', 0),
(611, 28, 117, 6, 5280, 6000, '0000-00-00', 0),
(612, 28, 24, 4, 1700, 2000, '0000-00-00', 0),
(613, 28, 25, 4, 3400, 4000, '0000-00-00', 0),
(614, 28, 113, 13, 5850, 6500, '0000-00-00', 0),
(615, 28, 29, 15, 6750, 7500, '0000-00-00', 0),
(616, 28, 31, 9, 15003, 18000, '0000-00-00', 0),
(617, 28, 33, 14, 6300, 7000, '0000-00-00', 0),
(618, 28, 126, 3, 6000, 7500, '0000-00-00', 0),
(619, 28, 35, 13, 5850, 6500, '0000-00-00', 0),
(620, 28, 127, 1, 375, 500, '0000-00-00', 0),
(621, 28, 36, 13, 5850, 6500, '0000-00-00', 0),
(622, 28, 120, 13, 22750, 26000, '0000-00-00', 0),
(623, 28, 39, 6, 10680, 12000, '0000-00-00', 0),
(624, 28, 41, 17, 15300, 17000, '0000-00-00', 0),
(625, 28, 88, 12, 9756, 12000, '0000-00-00', 0),
(626, 28, 69, 3, 1320, 1500, '0000-00-00', 0),
(627, 28, 324, 4, 3400, 4000, '0000-00-00', 0),
(628, 29, 139, 8, 15296, 20000, '0000-00-00', 0),
(629, 29, 140, 30, 121860, 150000, '0000-00-00', 0),
(630, 29, 141, 26, 49400, 65000, '0000-00-00', 0),
(631, 29, 144, 18, 43650, 54000, '0000-00-00', 0),
(632, 29, 146, 28, 43624, 56000, '0000-00-00', 0),
(633, 29, 148, 10, 23130, 30000, '0000-00-00', 0),
(634, 29, 149, 6, 18102, 24000, '0000-00-00', 0),
(635, 29, 150, 22, 33880, 44000, '0000-00-00', 0),
(636, 29, 151, 11, 16940, 22000, '0000-00-00', 0),
(637, 29, 154, 21, 49602, 63000, '0000-00-00', 0),
(638, 29, 337, 4, 12832, 16000, '0000-00-00', 0),
(639, 29, 157, 22, 53064, 66000, '0000-00-00', 0),
(640, 29, 158, 5, 20000, 25000, '0000-00-00', 0),
(641, 29, 159, 3, 12186, 15000, '0000-00-00', 0),
(642, 29, 160, 8, 32496, 40000, '0000-00-00', 0),
(643, 29, 355, 6, 11640, 15000, '0000-00-00', 0),
(644, 29, 164, 1, 3958, 5000, '0000-00-00', 0),
(645, 29, 165, 19, 45125, 57000, '0000-00-00', 0),
(646, 29, 163, 7, 16625, 21000, '0000-00-00', 0),
(647, 29, 138, 5, 19790, 25000, '0000-00-00', 0),
(648, 29, 166, 9, 31500, 40500, '0000-00-00', 0),
(649, 29, 167, 9, 47997, 63000, '0000-00-00', 0),
(650, 29, 168, 1, 3833, 4500, '0000-00-00', 0),
(651, 29, 170, 2, 7916, 9000, '0000-00-00', 0),
(652, 29, 172, 23, 6716, 11500, '0000-00-00', 0),
(653, 29, 135, 54, 51732, 108000, '0000-00-00', 0),
(654, 29, 176, 1, 792, 1000, '0000-00-00', 0),
(655, 29, 177, 6, 4878, 6000, '0000-00-00', 0),
(656, 29, 281, 15, 26865, 30000, '0000-00-00', 0),
(657, 29, 184, 22, 3740, 5500, '0000-00-00', 0),
(658, 29, 185, 49, 5880, 12250, '0000-00-00', 0),
(659, 29, 186, 7, 700, 1750, '0000-00-00', 0),
(660, 29, 189, 19, 32490, 38000, '0000-00-00', 0),
(661, 29, 191, 10, 9000, 10000, '0000-00-00', 0),
(662, 29, 196, 15, 6750, 7500, '0000-00-00', 0),
(663, 29, 199, 5, 7835, 10000, '0000-00-00', 0),
(664, 29, 201, 1, 850, 1000, '0000-00-00', 0),
(665, 29, 206, 4, 1752, 2000, '0000-00-00', 0),
(666, 29, 208, 8, 7000, 8000, '0000-00-00', 0),
(667, 29, 209, 12, 5400, 6000, '0000-00-00', 0),
(668, 29, 213, 18, 32706, 36000, '0000-00-00', 0),
(669, 29, 215, 14, 6300, 7000, '0000-00-00', 0),
(670, 29, 216, 7, 3122, 3500, '0000-00-00', 0),
(671, 29, 217, 2, 4000, 5000, '0000-00-00', 0),
(672, 29, 219, 14, 6300, 7000, '0000-00-00', 0),
(673, 29, 220, 11, 5500, 11000, '0000-00-00', 0),
(674, 29, 221, 16, 7200, 8000, '0000-00-00', 0),
(675, 29, 222, 10, 17500, 20000, '0000-00-00', 0),
(676, 29, 224, 10, 17500, 20000, '0000-00-00', 0),
(677, 29, 226, 15, 26880, 30000, '0000-00-00', 0),
(678, 29, 229, 1, 1335, 2000, '0000-00-00', 0),
(679, 29, 230, 26, 21138, 26000, '0000-00-00', 0),
(680, 29, 236, 1, 813, 1000, '0000-00-00', 0),
(681, 29, 245, 1, 2400, 3000, '0000-00-00', 0),
(682, 29, 253, 1, 430, 1000, '0000-00-00', 0),
(683, 29, 260, 2, 3000, 4000, '0000-00-00', 0),
(684, 29, 336, 1, 14000, 15000, '0000-00-00', 0),
(685, 29, 264, 3, 5313, 6000, '0000-00-00', 0),
(686, 32, 139, 18, 34416, 45000, '0000-00-00', 0),
(687, 32, 146, 23, 35834, 46000, '0000-00-00', 0),
(688, 32, 149, 2, 6034, 8000, '0000-00-00', 0),
(689, 32, 150, 35, 53900, 70000, '0000-00-00', 0),
(690, 32, 151, 18, 27720, 36000, '0000-00-00', 0),
(691, 32, 152, 19, 52250, 66500, '0000-00-00', 0),
(692, 32, 154, 21, 49602, 63000, '0000-00-00', 0),
(693, 32, 337, 6, 19248, 24000, '0000-00-00', 0),
(694, 32, 158, 10, 40000, 50000, '0000-00-00', 0),
(695, 32, 355, 3, 5820, 7500, '0000-00-00', 0),
(696, 34, 135, 54, 51732, 108000, '0000-00-00', 0),
(697, 34, 171, 17, 5355, 8500, '0000-00-00', 0),
(698, 34, 176, 26, 20592, 26000, '0000-00-00', 0),
(699, 34, 177, 2, 1626, 2000, '0000-00-00', 0),
(700, 34, 182, 47, 4982, 11750, '0000-00-00', 0),
(701, 34, 184, 94, 15980, 23500, '0000-00-00', 0),
(702, 34, 188, 16, 28800, 40000, '0000-00-00', 0),
(703, 34, 189, 20, 34200, 40000, '0000-00-00', 0),
(704, 34, 191, 3, 2700, 3000, '0000-00-00', 0),
(705, 34, 199, 1, 1567, 2000, '0000-00-00', 0),
(706, 34, 202, 26, 11050, 13000, '0000-00-00', 0),
(707, 34, 207, 1, 1583, 2000, '0000-00-00', 0),
(708, 34, 210, 3, 2700, 3000, '0000-00-00', 0),
(709, 34, 213, 16, 29072, 32000, '0000-00-00', 0),
(710, 34, 214, 4, 7168, 8000, '0000-00-00', 0),
(711, 34, 216, 10, 4460, 5000, '0000-00-00', 0),
(712, 34, 217, 2, 4000, 5000, '0000-00-00', 0),
(713, 34, 219, 20, 9000, 10000, '0000-00-00', 0),
(714, 34, 221, 27, 12150, 13500, '0000-00-00', 0),
(715, 34, 222, 11, 19250, 22000, '0000-00-00', 0),
(716, 34, 224, 8, 14336, 16000, '0000-00-00', 0),
(717, 34, 225, 6, 5580, 6000, '0000-00-00', 0),
(718, 34, 226, 12, 21504, 24000, '0000-00-00', 0),
(719, 34, 227, 6, 5400, 6000, '0000-00-00', 0),
(720, 34, 229, 20, 26700, 40000, '0000-00-00', 0),
(721, 34, 230, 50, 40650, 50000, '0000-00-00', 0),
(722, 34, 231, 1, 900, 1000, '0000-00-00', 0),
(723, 34, 233, 4, 1600, 2000, '0000-00-00', 0),
(724, 34, 246, 3, 2550, 3000, '0000-00-00', 0),
(725, 34, 260, 1, 1500, 2000, '0000-00-00', 0),
(726, 34, 267, 2, 2360, 4000, '0000-00-00', 0),
(727, 34, 271, 3, 5313, 6000, '0000-00-00', 0),
(728, 34, 243, 5, 4000, 5000, '0000-00-00', 0),
(729, 34, 313, 12, 1560, 3000, '0000-00-00', 0),
(730, 34, 316, 1, 3300, 4000, '0000-00-00', 0),
(731, 34, 356, 4, 14800, 20000, '0000-00-00', 0),
(732, 33, 90, 21, 32718, 42000, '0000-00-00', 0),
(733, 33, 91, 24, 37200, 48000, '0000-00-00', 0),
(734, 33, 92, 8, 12400, 16000, '0000-00-00', 0),
(735, 33, 97, 16, 30608, 40000, '0000-00-00', 0),
(736, 33, 100, 13, 52000, 65000, '0000-00-00', 0),
(737, 33, 101, 20, 55000, 70000, '0000-00-00', 0),
(738, 33, 102, 7, 28294, 35000, '0000-00-00', 0),
(739, 33, 104, 37, 150294, 148000, '0000-00-00', 0),
(740, 33, 291, 13, 30069, 39000, '0000-00-00', 0),
(741, 33, 294, 8, 18504, 24000, '0000-00-00', 0),
(742, 33, 6, 12, 18000, 24000, '0000-00-00', 0),
(743, 33, 7, 3, 2376, 3000, '0000-00-00', 0),
(744, 33, 11, 3, 2439, 3000, '0000-00-00', 0),
(745, 33, 18, 9, 8100, 9000, '0000-00-00', 0),
(746, 33, 24, 22, 9350, 11000, '0000-00-00', 0),
(747, 33, 25, 1, 850, 1000, '0000-00-00', 0),
(748, 33, 29, 14, 6300, 7000, '0000-00-00', 0),
(749, 33, 31, 6, 10002, 12000, '0000-00-00', 0),
(750, 33, 33, 4, 1800, 2000, '0000-00-00', 0),
(751, 33, 35, 4, 1800, 2000, '0000-00-00', 0),
(752, 33, 36, 11, 4950, 5500, '0000-00-00', 0),
(753, 33, 38, 3, 5250, 7500, '0000-00-00', 0),
(754, 33, 39, 2, 3560, 4000, '0000-00-00', 0),
(755, 33, 41, 13, 11700, 13000, '0000-00-00', 0),
(756, 33, 48, 33, 3960, 8250, '0000-00-00', 0),
(757, 33, 55, 1, 2525, 3000, '0000-00-00', 0),
(758, 33, 57, 5, 7290, 10000, '0000-00-00', 0),
(759, 33, 59, 1, 900, 1500, '0000-00-00', 0),
(760, 33, 60, 1, 2000, 2500, '0000-00-00', 0),
(761, 33, 69, 6, 2640, 3000, '0000-00-00', 0),
(762, 33, 70, 1, 430, 500, '0000-00-00', 0),
(763, 33, 73, 1, 875, 1000, '0000-00-00', 0),
(764, 33, 110, 32, 4416, 8000, '0000-00-00', 0),
(765, 33, 111, 8, 3600, 4000, '0000-00-00', 0),
(766, 33, 112, 2, 2508, 4000, '0000-00-00', 0),
(767, 33, 113, 18, 8100, 9000, '0000-00-00', 0),
(768, 33, 120, 3, 5250, 6000, '0000-00-00', 0),
(769, 33, 121, 5, 9000, 12500, '0000-00-00', 0),
(770, 33, 126, 2, 4000, 5000, '0000-00-00', 0),
(771, 33, 127, 3, 1125, 1500, '0000-00-00', 0),
(772, 33, 130, 1, 2700, 3500, '0000-00-00', 0),
(773, 33, 134, 133, 37373, 66500, '0000-00-00', 0),
(774, 33, 320, 2, 260, 500, '0000-00-00', 0),
(775, 33, 322, 21, 9450, 10500, '0000-00-00', 0),
(776, 33, 325, 1, 1690, 2000, '0000-00-00', 0),
(777, 33, 353, 1, 2200, 3000, '0000-00-00', 0),
(778, 33, 295, 31, 46500, 77500, '0000-00-00', 0),
(779, 33, 296, 24, 49992, 72000, '0000-00-00', 0),
(780, 33, 297, 35, 75110, 105000, '0000-00-00', 0),
(781, 33, 298, 45, 118125, 157500, '0000-00-00', 0),
(782, 33, 300, 24, 51504, 72000, '0000-00-00', 0),
(783, 33, 301, 26, 108342, 130000, '0000-00-00', 0),
(784, 33, 302, 17, 56661, 68000, '0000-00-00', 0),
(785, 33, 303, 21, 69993, 84000, '0000-00-00', 0),
(786, 33, 308, 24, 81000, 96000, '0000-00-00', 0),
(787, 33, 309, 23, 77625, 92000, '0000-00-00', 0),
(788, 33, 310, 33, 109989, 132000, '0000-00-00', 0),
(789, 33, 330, 14, 40880, 49000, '0000-00-00', 0),
(790, 33, 331, 12, 61440, 72000, '0000-00-00', 0),
(791, 33, 333, 5, 8855, 12500, '0000-00-00', 0),
(792, 33, 340, 18, 59994, 72000, '0000-00-00', 0),
(793, 33, 341, 5, 8855, 12500, '0000-00-00', 0),
(794, 33, 346, 8, 17168, 24000, '0000-00-00', 0),
(795, 33, 347, 31, 73005, 93000, '0000-00-00', 0),
(796, 33, 349, 14, 32970, 42000, '0000-00-00', 0),
(797, 33, 350, 23, 77625, 92000, '0000-00-00', 0),
(798, 34, 138, 5, 19790, 25000, '0000-00-00', 0),
(800, 34, 166, 7, 24500, 31500, '0000-00-00', 0),
(801, 34, 167, 4, 21332, 28000, '0000-00-00', 0),
(802, 34, 168, 2, 7666, 9000, '0000-00-00', 0),
(804, 34, 170, 2, 7916, 9000, '0000-00-00', 0),
(805, 34, 139, 16, 30592, 40000, '0000-00-00', 0),
(806, 34, 141, 23, 43700, 57500, '0000-00-00', 0),
(807, 34, 146, 30, 46740, 60000, '0000-00-00', 0),
(808, 34, 149, 3, 9051, 12000, '0000-00-00', 0),
(809, 34, 150, 26, 40040, 52000, '0000-00-00', 0),
(810, 34, 151, 15, 23100, 30000, '0000-00-00', 0),
(811, 34, 337, 8, 25664, 32000, '0000-00-00', 0),
(812, 34, 355, 12, 23280, 30000, '0000-00-00', 0),
(813, 36, 92, 21, 32550, 42000, '0000-00-00', 0),
(814, 36, 93, 36, 85032, 108000, '0000-00-00', 0),
(815, 36, 97, 40, 76520, 100000, '0000-00-00', 0),
(816, 36, 100, 15, 60000, 75000, '0000-00-00', 0),
(817, 36, 101, 33, 90750, 115500, '0000-00-00', 0),
(818, 36, 102, 7, 28294, 35000, '0000-00-00', 0),
(819, 36, 291, 11, 25443, 33000, '0000-00-00', 0),
(820, 36, 294, 9, 20817, 27000, '0000-00-00', 0),
(821, 36, 360, 12, 38496, 48000, '0000-00-00', 0),
(822, 36, 295, 4, 6000, 10000, '0000-00-00', 0),
(823, 36, 296, 4, 8332, 12000, '0000-00-00', 0),
(824, 36, 297, 6, 12876, 18000, '0000-00-00', 0),
(825, 36, 300, 2, 4292, 6000, '0000-00-00', 0),
(826, 36, 301, 1, 4167, 5000, '0000-00-00', 0),
(827, 36, 303, 1, 3333, 4000, '0000-00-00', 0),
(828, 36, 309, 4, 13500, 16000, '0000-00-00', 0),
(829, 36, 310, 4, 13332, 16000, '0000-00-00', 0),
(830, 36, 330, 10, 29200, 35000, '0000-00-00', 0),
(831, 36, 331, 4, 20480, 24000, '0000-00-00', 0),
(832, 36, 298, 4, 10500, 14000, '0000-00-00', 0),
(833, 36, 78, 9, 34497, 40500, '0000-00-00', 0),
(834, 36, 79, 8, 31664, 36000, '0000-00-00', 0),
(835, 36, 80, 16, 63328, 80000, '0000-00-00', 0),
(836, 36, 81, 3, 7125, 9000, '0000-00-00', 0),
(837, 36, 82, 11, 26125, 33000, '0000-00-00', 0),
(838, 36, 83, 11, 26125, 33000, '0000-00-00', 0),
(839, 36, 85, 4, 15832, 20000, '0000-00-00', 0),
(840, 36, 86, 7, 37331, 49000, '0000-00-00', 0),
(841, 36, 339, 13, 45500, 58500, '0000-00-00', 0),
(842, 36, 1, 48, 15120, 24000, '0000-00-00', 0),
(843, 36, 6, 57, 85500, 114000, '0000-00-00', 0),
(844, 36, 7, 4, 3168, 4000, '0000-00-00', 0),
(845, 36, 9, 1, 795, 1500, '0000-00-00', 0),
(846, 36, 10, 3, 2376, 3000, '0000-00-00', 0),
(847, 36, 11, 1, 813, 1000, '0000-00-00', 0),
(848, 36, 24, 19, 8075, 9500, '0000-00-00', 0),
(849, 36, 29, 12, 5400, 6000, '0000-00-00', 0),
(850, 36, 31, 19, 31673, 38000, '0000-00-00', 0),
(851, 36, 33, 2, 900, 1000, '0000-00-00', 0),
(852, 36, 36, 5, 2250, 2500, '0000-00-00', 0),
(853, 36, 38, 3, 5250, 7500, '0000-00-00', 0),
(854, 36, 60, 1, 2000, 2500, '0000-00-00', 0),
(855, 36, 110, 8, 1104, 2000, '0000-00-00', 0),
(856, 36, 111, 20, 9000, 10000, '0000-00-00', 0),
(857, 36, 113, 25, 11250, 12500, '0000-00-00', 0),
(858, 36, 126, 3, 6000, 7500, '0000-00-00', 0),
(859, 36, 129, 1, 821, 1000, '0000-00-00', 0),
(860, 36, 130, 3, 8100, 10500, '0000-00-00', 0),
(861, 36, 320, 16, 2080, 4000, '0000-00-00', 0),
(862, 36, 327, 1, 1130, 2000, '0000-00-00', 0),
(863, 36, 25, 2, 1700, 2000, '0000-00-00', 0),
(864, 37, 139, 33, 63096, 82500, '0000-00-00', 0),
(865, 37, 146, 35, 54530, 70000, '0000-00-00', 0),
(866, 37, 150, 31, 47740, 62000, '0000-00-00', 0),
(867, 37, 151, 19, 29260, 38000, '0000-00-00', 0),
(868, 37, 152, 37, 101750, 129500, '0000-00-00', 0),
(869, 37, 158, 8, 32000, 40000, '0000-00-00', 0),
(870, 37, 337, 8, 25664, 32000, '0000-00-00', 0),
(871, 37, 355, 18, 34920, 45000, '0000-00-00', 0),
(872, 37, 138, 1, 3958, 5000, '0000-00-00', 0),
(873, 37, 163, 1, 2375, 3000, '0000-00-00', 0),
(874, 37, 164, 3, 11874, 15000, '0000-00-00', 0),
(875, 37, 165, 6, 14250, 18000, '0000-00-00', 0),
(876, 37, 166, 23, 80500, 103500, '0000-00-00', 0),
(877, 37, 167, 10, 53330, 70000, '0000-00-00', 0),
(878, 37, 168, 10, 38330, 45000, '0000-00-00', 0),
(879, 37, 170, 7, 27706, 31500, '0000-00-00', 0),
(880, 37, 136, 45, 43110, 90000, '0000-00-00', 0),
(881, 37, 172, 18, 5256, 9000, '0000-00-00', 0),
(882, 37, 176, 1, 792, 1000, '0000-00-00', 0),
(883, 37, 184, 16, 2720, 4000, '0000-00-00', 0),
(884, 37, 185, 10, 1200, 2500, '0000-00-00', 0),
(885, 37, 188, 11, 19800, 27500, '0000-00-00', 0),
(886, 37, 189, 1, 1710, 2000, '0000-00-00', 0),
(887, 37, 196, 2, 900, 1000, '0000-00-00', 0),
(888, 37, 199, 1, 1567, 2000, '0000-00-00', 0),
(889, 37, 202, 7, 2975, 3500, '0000-00-00', 0),
(890, 37, 213, 1, 1817, 2000, '0000-00-00', 0),
(891, 37, 219, 1, 450, 500, '0000-00-00', 0),
(892, 37, 220, 5, 2500, 5000, '0000-00-00', 0),
(893, 37, 221, 9, 4050, 4500, '0000-00-00', 0),
(894, 37, 222, 5, 8750, 10000, '0000-00-00', 0),
(895, 37, 223, 6, 10500, 12000, '0000-00-00', 0),
(896, 37, 224, 8, 14336, 16000, '0000-00-00', 0),
(897, 37, 230, 21, 17073, 21000, '0000-00-00', 0),
(898, 37, 237, 11, 9900, 11000, '0000-00-00', 0),
(899, 37, 246, 2, 1700, 2000, '0000-00-00', 0),
(900, 37, 271, 1, 1771, 2000, '0000-00-00', 0),
(901, 37, 281, 7, 12537, 14000, '0000-00-00', 0),
(902, 37, 243, 5, 4000, 5000, '0000-00-00', 0),
(903, 37, 313, 12, 1560, 3000, '0000-00-00', 0),
(904, 37, 357, 9, 1080, 2250, '0000-00-00', 0),
(905, 39, 138, 17, 67286, 85000, '0000-00-00', 0),
(906, 39, 163, 6, 14250, 18000, '0000-00-00', 0),
(907, 39, 164, 4, 15832, 20000, '0000-00-00', 0),
(908, 39, 165, 11, 26125, 33000, '0000-00-00', 0),
(909, 39, 166, 16, 56000, 72000, '0000-00-00', 0),
(910, 39, 167, 12, 63996, 84000, '0000-00-00', 0),
(911, 39, 168, 10, 38330, 45000, '0000-00-00', 0),
(912, 35, 104, 5, 20310, 20000, '0000-00-00', 0),
(913, 35, 100, 7, 28000, 35000, '0000-00-00', 0),
(914, 35, 90, 23, 35834, 46000, '0000-00-00', 0),
(915, 35, 97, 17, 32521, 42500, '0000-00-00', 0),
(916, 35, 94, 7, 16191, 21000, '0000-00-00', 0),
(917, 35, 91, 23, 35650, 46000, '0000-00-00', 0),
(918, 35, 92, 19, 29450, 38000, '0000-00-00', 0),
(919, 35, 101, 21, 57750, 73500, '0000-00-00', 0),
(920, 35, 102, 11, 44462, 55000, '0000-00-00', 0),
(921, 35, 93, 30, 70860, 90000, '0000-00-00', 0),
(922, 35, 291, 12, 27756, 36000, '0000-00-00', 0),
(923, 35, 361, 9, 27153, 36000, '0000-00-00', 0),
(924, 33, 80, 6, 23748, 30000, '0000-00-00', 0),
(925, 33, 85, 5, 19790, 25000, '0000-00-00', 0),
(926, 33, 339, 24, 84000, 108000, '0000-00-00', 0),
(927, 33, 86, 4, 21332, 28000, '0000-00-00', 0),
(928, 33, 78, 5, 19165, 22500, '0000-00-00', 0),
(929, 33, 81, 13, 30875, 39000, '0000-00-00', 0),
(930, 33, 79, 12, 47496, 54000, '0000-00-00', 0),
(931, 34, 163, 5, 11875, 15000, '0000-00-00', 0),
(932, 34, 165, 4, 9500, 12000, '0000-00-00', 0),
(933, 35, 85, 1, 3958, 5000, '0000-00-00', 0),
(934, 35, 80, 10, 39580, 50000, '0000-00-00', 0),
(935, 35, 339, 30, 105000, 135000, '0000-00-00', 0),
(936, 35, 86, 7, 37331, 49000, '0000-00-00', 0),
(937, 35, 78, 7, 26831, 31500, '0000-00-00', 0),
(938, 35, 81, 19, 45125, 57000, '0000-00-00', 0),
(939, 35, 79, 11, 43538, 49500, '0000-00-00', 0),
(940, 35, 295, 4, 6000, 10000, '0000-00-00', 0),
(941, 35, 297, 11, 23606, 33000, '0000-00-00', 0),
(942, 35, 298, 6, 15750, 21000, '0000-00-00', 0),
(943, 35, 346, 8, 17168, 24000, '0000-00-00', 0),
(944, 35, 302, 5, 16665, 20000, '0000-00-00', 0),
(945, 35, 333, 7, 12397, 17500, '0000-00-00', 0),
(946, 35, 349, 2, 4710, 6000, '0000-00-00', 0),
(947, 35, 301, 4, 16668, 20000, '0000-00-00', 0),
(948, 32, 164, 1, 3958, 5000, '0000-00-00', 0),
(949, 32, 165, 6, 14250, 18000, '0000-00-00', 0),
(950, 32, 163, 4, 9500, 12000, '0000-00-00', 0),
(951, 32, 166, 8, 28000, 36000, '0000-00-00', 0),
(952, 32, 167, 3, 15999, 21000, '0000-00-00', 0),
(953, 32, 168, 9, 34497, 40500, '0000-00-00', 0),
(954, 32, 170, 3, 11874, 13500, '0000-00-00', 0),
(955, 35, 4, 153, 232560, 306000, '0000-00-00', 0),
(956, 35, 7, 7, 5544, 7000, '0000-00-00', 0),
(957, 35, 9, 2, 2084, 3000, '0000-00-00', 0),
(958, 35, 11, 1, 813, 1000, '0000-00-00', 0),
(959, 35, 130, 3, 8100, 10500, '0000-00-00', 0),
(960, 35, 48, 58, 6960, 14500, '0000-00-00', 0),
(961, 35, 110, 42, 5796, 10500, '0000-00-00', 0),
(963, 35, 22, 20, 15900, 20000, '0000-00-00', 0),
(964, 35, 24, 4, 1700, 2000, '0000-00-00', 0),
(965, 35, 25, 11, 9350, 11000, '0000-00-00', 0),
(966, 35, 29, 7, 3150, 3500, '0000-00-00', 0),
(967, 35, 31, 1, 1867, 2000, '0000-00-00', 0),
(968, 35, 33, 10, 4500, 5000, '0000-00-00', 0),
(969, 35, 111, 4, 1800, 2000, '0000-00-00', 0),
(970, 35, 35, 1, 450, 500, '0000-00-00', 0),
(971, 35, 36, 9, 4050, 4500, '0000-00-00', 0),
(972, 35, 120, 11, 19712, 22000, '0000-00-00', 0),
(973, 35, 38, 10, 17920, 25000, '0000-00-00', 0),
(974, 35, 39, 9, 16020, 18000, '0000-00-00', 0),
(975, 35, 39, 10, 17800, 20000, '0000-00-00', 0),
(976, 35, 52, 1, 2525, 3000, '0000-00-00', 0),
(977, 35, 55, 1, 2525, 3000, '0000-00-00', 0),
(978, 35, 57, 1, 1458, 2000, '0000-00-00', 0),
(979, 35, 66, 2, 450, 1000, '0000-00-00', 0),
(980, 35, 70, 4, 1720, 2000, '0000-00-00', 0),
(981, 35, 352, 1, 11000, 13000, '0000-00-00', 0),
(982, 35, 71, 2, 4400, 6000, '0000-00-00', 0),
(983, 35, 134, 25, 7025, 12500, '0000-00-00', 0),
(984, 32, 270, 1, 1140, 2000, '0000-00-00', 0),
(985, 32, 230, 7, 5691, 7000, '0000-00-00', 0),
(986, 32, 336, 1, 14000, 15000, '0000-00-00', 0),
(987, 38, 97, 14, 26782, 35000, '0000-00-00', 0),
(988, 38, 100, 2, 8000, 10000, '0000-00-00', 0),
(989, 38, 102, 7, 28294, 35000, '0000-00-00', 0),
(990, 38, 291, 2, 4626, 6000, '0000-00-00', 0),
(991, 38, 294, 14, 32382, 42000, '0000-00-00', 0),
(992, 38, 360, 8, 25664, 32000, '0000-00-00', 0),
(993, 38, 295, 1, 1500, 2500, '0000-00-00', 0),
(994, 38, 296, 8, 16664, 24000, '0000-00-00', 0),
(995, 38, 297, 10, 21460, 30000, '0000-00-00', 0),
(996, 38, 298, 12, 31500, 42000, '0000-00-00', 0),
(997, 38, 300, 3, 9999, 12000, '0000-00-00', 0),
(998, 38, 301, 2, 8334, 10000, '0000-00-00', 0),
(999, 38, 302, 1, 3333, 4000, '0000-00-00', 0),
(1000, 38, 303, 13, 43329, 52000, '0000-00-00', 0),
(1001, 38, 308, 1, 3375, 4000, '0000-00-00', 0),
(1002, 38, 310, 8, 26664, 32000, '0000-00-00', 0),
(1003, 38, 331, 2, 10240, 12000, '0000-00-00', 0),
(1004, 38, 347, 3, 7065, 9000, '0000-00-00', 0),
(1005, 38, 349, 4, 9420, 12000, '0000-00-00', 0),
(1006, 38, 350, 3, 10125, 12000, '0000-00-00', 0),
(1007, 38, 7, 1, 792, 1000, '0000-00-00', 0),
(1008, 38, 9, 2, 2084, 3000, '0000-00-00', 0),
(1009, 38, 11, 2, 1626, 2000, '0000-00-00', 0),
(1010, 38, 24, 20, 8500, 10000, '0000-00-00', 0),
(1011, 38, 25, 4, 3400, 4000, '0000-00-00', 0),
(1012, 38, 31, 3, 5601, 6000, '0000-00-00', 0),
(1013, 38, 54, 1, 2363, 3000, '0000-00-00', 0),
(1014, 38, 53, 1, 2675, 3000, '0000-00-00', 0),
(1015, 38, 57, 1, 1458, 2000, '0000-00-00', 0),
(1016, 38, 110, 11, 1518, 2750, '0000-00-00', 0),
(1017, 38, 111, 14, 6300, 7000, '0000-00-00', 0),
(1018, 38, 112, 4, 5016, 8000, '0000-00-00', 0),
(1019, 38, 113, 16, 7200, 8000, '0000-00-00', 0),
(1020, 38, 130, 2, 5400, 7000, '0000-00-00', 0),
(1021, 38, 320, 11, 1430, 2750, '0000-00-00', 0),
(1022, 38, 326, 1, 1180, 2000, '0000-00-00', 0),
(1023, 38, 327, 1, 1130, 2000, '0000-00-00', 0),
(1024, 38, 354, 6, 5280, 6000, '0000-00-00', 0),
(1025, 38, 2, 124, 36208, 62000, '0000-00-00', 0),
(1026, 39, 169, 23, 54625, 69000, '0000-00-00', 0),
(1027, 39, 170, 10, 39580, 45000, '0000-00-00', 0),
(1028, 39, 141, 20, 38000, 50000, '0000-00-00', 0),
(1029, 39, 151, 16, 24640, 32000, '0000-00-00', 0),
(1030, 39, 152, 10, 27500, 35000, '0000-00-00', 0),
(1031, 39, 157, 40, 96480, 120000, '0000-00-00', 0),
(1032, 39, 337, 4, 12832, 16000, '0000-00-00', 0),
(1033, 39, 355, 6, 11640, 15000, '0000-00-00', 0),
(1034, 39, 135, 48, 45984, 96000, '0000-00-00', 0),
(1035, 39, 136, 41, 39278, 82000, '0000-00-00', 0),
(1036, 39, 172, 48, 14016, 24000, '0000-00-00', 0),
(1037, 39, 176, 2, 1584, 2000, '0000-00-00', 0),
(1038, 39, 188, 2, 3600, 5000, '0000-00-00', 0),
(1039, 39, 189, 8, 13680, 16000, '0000-00-00', 0),
(1040, 39, 196, 8, 3600, 4000, '0000-00-00', 0),
(1041, 39, 203, 6, 11100, 12000, '0000-00-00', 0),
(1042, 39, 206, 48, 21024, 24000, '0000-00-00', 0),
(1043, 39, 208, 3, 2625, 3000, '0000-00-00', 0),
(1044, 39, 209, 7, 3150, 3500, '0000-00-00', 0),
(1045, 39, 218, 2, 1750, 2000, '0000-00-00', 0),
(1046, 39, 219, 3, 1350, 1500, '0000-00-00', 0),
(1047, 39, 221, 1, 450, 500, '0000-00-00', 0),
(1048, 39, 222, 5, 8750, 10000, '0000-00-00', 0),
(1049, 39, 223, 6, 10500, 12000, '0000-00-00', 0),
(1050, 39, 224, 1, 1792, 2000, '0000-00-00', 0),
(1051, 39, 226, 8, 14336, 16000, '0000-00-00', 0),
(1052, 39, 230, 5, 4065, 5000, '0000-00-00', 0),
(1053, 39, 243, 1, 800, 1000, '0000-00-00', 0),
(1054, 39, 253, 3, 1290, 3000, '0000-00-00', 0),
(1055, 39, 255, 1, 1500, 2000, '0000-00-00', 0),
(1056, 39, 272, 1, 1625, 2000, '0000-00-00', 0),
(1057, 39, 243, 1, 800, 1000, '0000-00-00', 0),
(1058, 39, 316, 1, 3300, 4000, '0000-00-00', 0),
(1059, 39, 357, 8, 960, 2000, '0000-00-00', 0),
(1060, 32, 136, 58, 55564, 116000, '0000-00-00', 0),
(1061, 32, 316, 6, 19800, 24000, '0000-00-00', 0),
(1062, 32, 172, 20, 5840, 10000, '0000-00-00', 0),
(1063, 32, 176, 1, 792, 1000, '0000-00-00', 0),
(1064, 32, 188, 8, 14400, 20000, '0000-00-00', 0),
(1065, 32, 189, 4, 6840, 8000, '0000-00-00', 0),
(1066, 32, 191, 1, 900, 1000, '0000-00-00', 0),
(1067, 32, 196, 2, 900, 1000, '0000-00-00', 0),
(1068, 32, 203, 1, 1850, 2000, '0000-00-00', 0),
(1069, 32, 202, 4, 1700, 2000, '0000-00-00', 0),
(1070, 32, 286, 1, 800, 1000, '0000-00-00', 0),
(1071, 32, 259, 1, 8200, 10000, '0000-00-00', 0),
(1072, 32, 237, 1, 900, 1000, '0000-00-00', 0),
(1073, 32, 236, 4, 3252, 4000, '0000-00-00', 0),
(1074, 32, 229, 2, 2670, 4000, '0000-00-00', 0),
(1075, 32, 228, 7, 3150, 7000, '0000-00-00', 0),
(1076, 32, 225, 1, 930, 1000, '0000-00-00', 0),
(1077, 32, 223, 15, 26250, 30000, '0000-00-00', 0),
(1078, 32, 222, 10, 17500, 20000, '0000-00-00', 0),
(1079, 32, 219, 9, 4050, 4500, '0000-00-00', 0),
(1080, 32, 216, 1, 730, 1000, '0000-00-00', 0),
(1081, 44, 79, 18, 71244, 81000, '0000-00-00', 0),
(1082, 44, 85, 13, 51454, 65000, '0000-00-00', 0),
(1083, 32, 213, 3, 5451, 6000, '0000-00-00', 0),
(1084, 44, 80, 4, 15832, 20000, '0000-00-00', 0),
(1085, 44, 339, 15, 52500, 67500, '0000-00-00', 0),
(1086, 44, 86, 11, 58663, 77000, '0000-00-00', 0),
(1087, 32, 209, 3, 1350, 1500, '0000-00-00', 0),
(1088, 44, 81, 26, 61750, 78000, '0000-00-00', 0),
(1089, 44, 78, 10, 38330, 45000, '0000-00-00', 0),
(1090, 44, 347, 5, 11775, 15000, '0000-00-00', 0),
(1091, 32, 282, 2, 3166, 4000, '0000-00-00', 0),
(1092, 44, 349, 6, 14130, 18000, '0000-00-00', 0),
(1093, 44, 346, 10, 21460, 30000, '0000-00-00', 0),
(1094, 46, 104, 20, 81240, 100000, '0000-00-00', 0),
(1095, 46, 318, 2, 8126, 10000, '0000-00-00', 0),
(1096, 46, 16, 25, 42500, 50000, '0000-00-00', 0);

-- --------------------------------------------------------

--
-- Table structure for table `tbl_student_selling`
--

CREATE TABLE `tbl_student_selling` (
  `id_student_selling` int(11) NOT NULL,
  `date_selling` date NOT NULL,
  `id_user` int(11) NOT NULL,
  `id_lab` int(11) NOT NULL,
  `id_class` int(11) NOT NULL
) ENGINE=InnoDB DEFAULT CHARSET=utf8mb4;

--
-- Dumping data for table `tbl_student_selling`
--

INSERT INTO `tbl_student_selling` (`id_student_selling`, `date_selling`, `id_user`, `id_lab`, `id_class`) VALUES
(3, '2022-09-07', 3, 1, 14),
(4, '2022-09-09', 6, 1, 22),
(5, '2022-09-09', 6, 2, 22),
(6, '2022-09-08', 5, 1, 5),
(7, '2022-09-08', 5, 2, 5),
(8, '2022-09-12', 4, 1, 2),
(9, '2022-09-12', 4, 2, 2),
(10, '2022-09-13', 11, 1, 6),
(11, '2022-09-13', 11, 2, 6),
(12, '2022-09-14', 3, 1, 14),
(13, '2022-09-20', 2, 1, 2),
(14, '2022-09-20', 2, 2, 1),
(15, '2023-01-10', 2, 1, 1);

-- --------------------------------------------------------

--
-- Table structure for table `tbl_student_selling_detail`
--

CREATE TABLE `tbl_student_selling_detail` (
  `id_student_selling_detail` int(11) NOT NULL,
  `id_student_selling` int(11) NOT NULL,
  `id_class` int(11) NOT NULL,
  `product` varchar(125) NOT NULL,
  `basic_price` int(11) NOT NULL,
  `selling_price` int(11) NOT NULL,
  `qty_product` int(11) NOT NULL,
  `qty_last` int(11) NOT NULL,
  `qty_selling` int(11) NOT NULL,
  `total_basic_price` int(11) NOT NULL,
  `total_selling_price` int(11) NOT NULL
) ENGINE=InnoDB DEFAULT CHARSET=utf8mb4;

--
-- Dumping data for table `tbl_student_selling_detail`
--

INSERT INTO `tbl_student_selling_detail` (`id_student_selling_detail`, `id_student_selling`, `id_class`, `product`, `basic_price`, `selling_price`, `qty_product`, `qty_last`, `qty_selling`, `total_basic_price`, `total_selling_price`) VALUES
(6, 3, 14, 'Bala Bala', 442, 1000, 575, 0, 575, 254150, 575000),
(7, 5, 22, 'Bala Bala', 800, 1000, 66, 0, 66, 52800, 66000),
(8, 5, 22, 'Yoghurt', 900, 1000, 45, 4, 41, 36900, 41000),
(9, 5, 22, 'Roti Goreng', 1800, 2500, 10, 9, 1, 1800, 2500),
(10, 5, 22, 'Makaroni', 2500, 3000, 14, 6, 8, 20000, 24000),
(11, 5, 22, 'Kue Soes', 1200, 1500, 25, 4, 21, 25200, 31500),
(12, 5, 22, 'Pie Buah', 1600, 2000, 25, 7, 18, 28800, 36000),
(13, 4, 22, 'Bala Bala', 800, 1000, 83, 0, 83, 66400, 83000),
(14, 4, 22, 'Yoghurt', 900, 1000, 60, 0, 60, 54000, 60000),
(15, 4, 22, 'Roti Goreng', 1800, 2500, 12, 10, 2, 3600, 5000),
(16, 4, 22, 'Makaroni', 2500, 3000, 12, 0, 12, 30000, 36000),
(17, 4, 22, 'Kue Soes', 1200, 1500, 25, 5, 20, 24000, 30000),
(18, 4, 22, 'Pie Buah', 1600, 2000, 25, 2, 23, 36800, 46000),
(19, 12, 14, 'Bala-bala + Tahu Pedas', 800, 1000, 575, 0, 575, 460000, 575000),
(20, 8, 2, 'Tahu Pedas', 1300, 1500, 205, 0, 205, 266500, 307500),
(21, 8, 2, 'Bala Bala', 800, 1000, 71, 0, 71, 56800, 71000),
(22, 9, 2, 'Karoket mrecon', 1300, 1500, 112, 34, 78, 101400, 117000),
(23, 9, 2, 'Tahu Walik', 800, 1000, 137, 0, 137, 109600, 137000),
(24, 14, 1, 'Bala-Bala', 800, 1000, 200, 0, 200, 160000, 200000),
(25, 14, 1, 'Tahu Crispy', 1500, 2000, 50, 0, 50, 75000, 100000),
(26, 15, 1, 'Gorengan', 800, 1000, 350, 0, 350, 280000, 350000);

-- --------------------------------------------------------

--
-- Table structure for table `tbl_supplier`
--

CREATE TABLE `tbl_supplier` (
  `id_supplier` int(11) NOT NULL,
  `supplier` varchar(128) NOT NULL,
  `address` varchar(255) NOT NULL,
  `phone` varchar(128) NOT NULL
) ENGINE=InnoDB DEFAULT CHARSET=utf8mb4;

--
-- Dumping data for table `tbl_supplier`
--

INSERT INTO `tbl_supplier` (`id_supplier`, `supplier`, `address`, `phone`) VALUES
(1, 'Toko Deri', 'Cianjur Kota', '085156334607'),
(3, 'AICE Cianjur', 'Cianjur', '08000000000'),
(4, 'Sosro', 'Cianjur', '085156334607'),
(5, 'Coca Cola', 'Cianjur ', '081221122916');

-- --------------------------------------------------------

--
-- Table structure for table `tbl_tool`
--

CREATE TABLE `tbl_tool` (
  `id_tool` int(11) NOT NULL,
  `tool` varchar(128) NOT NULL,
  `brand` varchar(256) NOT NULL,
  `qty` int(11) NOT NULL,
  `price` int(11) NOT NULL,
  `tool_condition` int(11) NOT NULL,
  `description` varchar(256) NOT NULL,
  `id_lab` int(11) NOT NULL,
  `is_active` int(1) NOT NULL
) ENGINE=InnoDB DEFAULT CHARSET=utf8mb4;

--
-- Dumping data for table `tbl_tool`
--

INSERT INTO `tbl_tool` (`id_tool`, `tool`, `brand`, `qty`, `price`, `tool_condition`, `description`, `id_lab`, `is_active`) VALUES
(1, 'Showcase', 'Panasonic', 1, 0, 1, 'Kepemilikan Titipan Coca Cola', 1, 1),
(2, 'Freezer', 'Aqua 262 Liter', 1, 0, 1, 'Kepemilikan Titipan AICE', 1, 1),
(3, 'Rak Piring', '3 Tingkat', 1, 200000, 1, 'Kepemilikan SPW', 1, 1),
(5, 'Kompor', 'Rinnai 2 Tungku', 1, 325000, 1, 'Kepemilikan SPW', 1, 1),
(6, 'Kompor Rinnai', '', 1, 0, 1, '', 2, 1),
(7, 'Kompor', 'Rinai 2 Tungku', 1, 0, 1, 'Kepemilikan Titipan K.Deri', 1, 1),
(8, 'Gas 3 Kg', '3 Kg', 2, 160000, 1, 'Kepemilikan SPW', 1, 1),
(9, 'Gas 5 Kg', '5 Kg', 1, 400000, 1, 'Kepemilikan SPW', 1, 1),
(10, 'Estalase', '2 Meter', 1, 1200000, 1, 'Kepemilikan SPW', 1, 1),
(11, 'Rice Cooker', '', 1, 250000, 1, 'Kepemilikan SPW', 1, 1),
(12, 'Langseng', '', 1, 50000, 1, 'Kepemilikan SPW', 1, 1),
(13, 'Katel Besar', 'Ukuran Besar', 1, 75000, 1, 'Kepemilikan SPW', 1, 1),
(14, 'Katel Kecil', 'Ukuran Kecil', 1, 45000, 1, 'Kepemilikan SPW', 1, 1),
(15, 'Baskom Besar', 'Ukuran Besar Biru', 1, 75000, 1, 'Kepemilikan SPW', 1, 1),
(16, 'Baskom Kecil', 'Ukuran Kecil Warna Merah', 2, 25000, 1, 'Kepemilikan SPW', 1, 1),
(17, 'Kontener Besar', 'Lion Star', 1, 125000, 1, 'Kepemilikan SPW', 1, 1),
(18, 'Timbingan Digital', 'Kapasitas Max 5 Kg', 5, 100000, 1, 'Kepemilikan SPW', 1, 1),
(19, 'Gunting', '', 1, 25000, 1, 'Kepemilikan SPW', 1, 1),
(20, 'Talenan Kayu', 'Kayu', 2, 10000, 1, 'Kepemilikan SPW', 1, 1),
(21, 'Serokan', 'Stanless', 4, 20000, 1, 'Kepemilikan SPW', 1, 1),
(22, 'Sodet', 'Plastik', 3, 5000, 1, 'Kepemilikan SPW', 1, 1),
(23, 'Sealer', '', 5, 250000, 1, 'Kepemilikan SPW', 1, 1),
(24, 'Timbangan BDigital Besar', 'Kapasitas Max 100 Kg', 1, 400000, 1, 'Kepemilikan SPW', 1, 1),
(25, 'Keler Besar', '', 1, 45000, 1, 'Kepemilikan SPW', 1, 1),
(26, 'Gelas Plastik', 'Plastik', 167, 5000, 1, 'Kepemilikan SPW', 1, 1),
(27, 'Cangkir Plastik', 'Plastik', 6, 5000, 1, 'Kepemilikan SPW', 1, 1),
(28, 'Piring Plastik', 'Plastik', 9, 7000, 1, 'Kepemilikan SPW', 1, 1),
(29, 'Mangkok Plastik', 'Plastik', 254, 7000, 1, 'Kepemilikan SPW', 1, 1),
(30, 'Mangkok Kaca', 'Kaca', 1, 20000, 1, 'Kepemilikan SPW', 1, 1),
(31, 'Box Roti Bening', 'Plastik', 5, 35000, 1, 'Kepemilikan SPW', 1, 1),
(32, 'Baki', '', 2, 20000, 1, 'Kepemilikan SPW', 1, 1),
(33, 'Gayung', 'Gayung', 1, 1000, 0, '', 1, 1),
(34, 'Gayung', 'Plastik', 1, 10000, 1, 'Kepemilikan SPW', 1, 1),
(35, 'Ember', 'Plastik', 1, 15000, 1, 'Kepemilikan SPW', 1, 1),
(36, 'Pe\'lan', '', 3, 15000, 1, 'Kepemilikan SPW', 1, 1),
(37, 'Meja Kecil', 'Kayu', 8, 0, 1, 'Kepemilikan Sekolah', 1, 1),
(38, 'Meja Besar', 'Kayu', 2, 0, 1, 'Kepemilikan Sekolah', 1, 1),
(39, 'Bangku Kayu', 'Kayu', 16, 0, 1, 'Kepemilikan Sekolah', 1, 1),
(40, 'Kursi Plastik', 'Plastik', 2, 50000, 1, 'Kepemilikan SPW', 1, 1),
(41, 'Cetakan Telur', 'Stanless', 1, 35000, 1, 'Kepemilikan SPW', 1, 1),
(42, 'Botol Saus Kecap', 'Plastik', 3, 15000, 1, 'Kepemilikan SPW', 1, 1),
(43, 'Pisau', 'Stanless', 4, 20000, 1, 'Kepemilikan SPW', 1, 1),
(44, 'Centong', 'Plastik', 2, 10000, 1, 'Kepemilikan SPW', 1, 1),
(45, 'Sendok Nasi', 'Plastik', 3, 10000, 1, 'Kepemilikan SPW', 1, 1),
(46, 'Sendok Stanless', 'Stanless', 85, 2000, 1, 'Kepemilikan SPW', 1, 1),
(47, 'Garpu', 'Stanless', 9, 2000, 1, 'Kepemilikan SPW', 1, 1),
(48, 'Sendok Plastik', 'Plastik', 135, 200, 1, 'Kepemilikan SPW', 1, 1),
(49, 'Penjapit', 'Almunium', 1, 15000, 1, 'Kepemilikan SPW', 1, 1),
(50, 'Sapu', 'Kayu', 1, 10000, 1, 'Kepemilikan SPW', 1, 1),
(51, 'Termos Es', 'Kapasitas 20 Liter', 1, 0, 1, 'Kepemilikan Titipan K.Deri', 1, 1),
(52, 'Sinduk', 'Plastik', 1, 12000, 1, 'Kepemilikan SPW', 1, 1),
(53, 'Gas LPG', '3 Kg', 1, 0, 1, 'Kepemilikan Titipan K.Deri', 1, 1),
(54, 'Blender', 'Philips', 1, 0, 1, 'Kepemilikan Titipan K.Deri', 1, 1),
(55, 'Galon', '19 Liter', 1, 0, 1, 'Kepemilikan Titipan K.Deri', 1, 1),
(56, 'Rak Plastik', 'Plastik', 1, 12000, 1, 'Kepemilikan SPW', 1, 1),
(57, 'Galon dengan Kran ', 'Kapasitas 5 Liter', 1, 0, 1, 'Kepemilikan Titipan K.Deri', 1, 1);

-- --------------------------------------------------------

--
-- Table structure for table `tbl_tool_condition`
--

CREATE TABLE `tbl_tool_condition` (
  `id_tool_condition` int(11) NOT NULL,
  `condition` varchar(128) NOT NULL
) ENGINE=InnoDB DEFAULT CHARSET=utf8mb4;

--
-- Dumping data for table `tbl_tool_condition`
--

INSERT INTO `tbl_tool_condition` (`id_tool_condition`, `condition`) VALUES
(1, 'Baik'),
(2, 'Sedang'),
(3, 'Rusak'),
(4, 'Hilang');

-- --------------------------------------------------------

--
-- Table structure for table `tbl_users`
--

CREATE TABLE `tbl_users` (
  `id_user` int(11) NOT NULL,
  `name` varchar(128) NOT NULL,
  `email` varchar(128) NOT NULL,
  `username` varchar(128) NOT NULL,
  `password` varchar(256) NOT NULL,
  `role_id` int(11) NOT NULL,
  `position` int(11) NOT NULL,
  `image` varchar(128) NOT NULL,
  `facebook` varchar(128) NOT NULL,
  `instagram` varchar(128) NOT NULL,
  `whatsapp` varchar(128) NOT NULL,
  `icon` varchar(128) NOT NULL,
  `date_created` date NOT NULL,
  `is_active` int(1) NOT NULL
) ENGINE=InnoDB DEFAULT CHARSET=utf8mb4;

--
-- Dumping data for table `tbl_users`
--

INSERT INTO `tbl_users` (`id_user`, `name`, `email`, `username`, `password`, `role_id`, `position`, `image`, `facebook`, `instagram`, `whatsapp`, `icon`, `date_created`, `is_active`) VALUES
(1, 'Anas Berkata', 'anasberkata@gmail.com', 'anasberkata', '$2y$10$VtW8kK.auFys07t4yVj3ie2ACxAtcQXtOXi6adhmIq8hdyy6LWmGy', 1, 1, 'anas.jpg', 'anasberkata', 'anasberkata', '85156334607', 'ni ni-camera-compact text-dark ', '2022-07-17', 1),
(2, 'Eka Anas Jatnika, S.Ds', 'ideanasdesain@gmail.com', 'ideanasdesain', '$2y$10$N6v/byfq1jrLmFqyveOVdOXrP5NaoSfbOjhQoqzsOhTLPnlrxuZPK', 2, 2, 'anas.jpg', 'anasberkata', 'anasberkata', '85156334607', 'ni ni-camera-compact text-dark ', '2022-07-17', 1),
(3, 'Ira Akhira Dewi, S.Pd', 'iraakhiradewi@gmail.com', 'pjproduk', '$2y$10$iwFuMPgmG58i2Cegq3O3Nuy04l2ex1Q4f31xL1y39Yk6BA5fhvfDS', 2, 2, 'default.jpg', 'pjproduk', 'pjproduk', '8510000000', '&lt;i class=', '2022-07-18', 1),
(4, 'Elinda Rosi, S.Si', 'elindarosi415@gmail.com', 'elindarosi', '$2y$10$jnLtgriXQAA13BvsL0r5NeQcwZso7T2aYVSXtYDmQ8TQodpcVP0zm', 3, 3, 'default.jpg', '', '', '', '', '2022-07-21', 1),
(5, 'Nara Yumita, S.ST', 'narayumita86@gmail.com', 'narayumita', '$2y$10$3qL9L1fHw2WoYhVln0iO5uytLwAGerbUh6drRzfS4QlIF7q46H5pC', 3, 3, 'default.jpg', '', '', '', '', '2022-07-21', 1),
(6, 'Moch Angga Kusumah, S.Pd', 'manggakusumah@gmail.com', 'manggakusumah', '$2y$10$maVCCO2F.Hd2fk.oacgF3.tWoPnFNA58gkFLPljQrU2MlDmlNYLuK', 4, 4, 'default.jpg', '', '', '', '', '2022-07-21', 1),
(7, 'Rony Noor Sa\'roni, ST', 'ronynoorsaroni@gmail.com', 'ronynoorsaroni', '$2y$10$nlxL2S0ZwEiUO.OPVWlqTOhtj2DfZon8whJQbyetOulgb3JAryO4u', 4, 4, 'default.jpg', '', '', '', '', '2022-07-21', 1),
(8, 'Siswa SPW DG', 'siswadkv@gmail.com', '', '$2y$10$K7lHnbq5xIA4JwQ29obWcuBtWtAxDDj11Ao0IH0kDkXKL9VK5K6Ja', 6, 6, 'default.jpg', '', '', '', '', '2022-07-25', 1),
(9, 'Fachmi Fathurahman, S.Pd', 'fachmifathurahman@gmail.com', 'fachmifathurahman', '$2y$10$sNASxSjI2/ol1.dbiy8y9u67qq53EhpkirA6PHq34MRaWF/u9MLBu', 2, 2, 'default.jpg', '', '', '', '', '2022-07-25', 1),
(10, 'Andika Nurhidayat, S.Pd', 'andikanurhidayat2@gmail.com', 'ansikanurhidayat', '$2y$10$EoAU28WQqs4KfG9B3erd3OBy8lL5EiD8FKnDAcn1oAZX2tJQWMIwG', 2, 2, 'default.jpg', '', '', '', '', '2022-07-25', 1),
(11, 'Asep Suherman, SP., MP', 'asepsuherman@gmail.com', 'asepsuherman', '$2y$10$yc4ztsfa2MMapcWfdL6Er.mKsHkpvDpb2EezRhFCvK83d1cApzN6m', 5, 5, 'default.jpg', '', '', '', '', '2022-07-25', 1),
(12, 'Ir. H. Muhammad Ridwan', 'omm_mmo83@yahoo.co.id', 'irhmuhammadridwan', '$2y$10$rVacsqyY072R.lnbjzD/Eu3lC5EtJeha6zfdIXtP9DWcjEVgaF2yW', 5, 5, 'default.jpg', '', '', '', '', '2022-07-25', 1),
(13, 'Afif Amarullah, S.ST', 'afifamarullah@gmail.com', 'afifamarullah', '$2y$10$R5F2ayMRM3txNG40mT65NOAxWFPdVHCb/1WnHmXcQmqgIsQUDll1S', 5, 5, 'default.jpg', '', '', '', '', '2022-07-25', 1),
(14, 'Siswa SPW APL', 'spwapl@gmail.com', '', '$2y$10$9AMN0lKrTn11abyxsO9VwupEtamJByXhxObOrbLSzjDhQxyfusScO', 6, 6, 'default.jpg', '', '', '', '', '2022-07-25', 1),
(15, 'Siswa SPW TKJ', 'spwtkj@gmail.com', '', '$2y$10$iciSeKIbGVxeAhfiwkIDKO6ox5AEgUj1mIVCZfJdeuIUjETrLzfoO', 6, 6, 'default.jpg', '', '', '', '', '2022-07-25', 1),
(16, 'Siswa SPW ATPH', 'spwatph@gmail.com', '', '$2y$10$ClMXmlGFmR/U.EoUW/kml.o697.fvuFTTgDHunGGcr0GAA74h33qe', 6, 6, 'default.jpg', '', '', '', '', '2022-07-25', 1),
(17, 'Siswa SPW APHP', 'spwaphp@gmail.com', '', '$2y$10$Vguz/QOp.MP3Nr9XQiUHUe4g0MQ13siRtpQi6kNN3Sn2KH/5R.Zfq', 6, 6, 'default.jpg', '', '', '', '', '2022-07-25', 1),
(18, 'Siswa SPW ATU', 'spwatu@gmail.com', '', '$2y$10$OoDS/aW2WI1Gi1mPmorfWuOpYyG7dwJgEfYmwzoyYVbTBXSKd6pjy', 6, 6, 'default.jpg', '', '', '', '', '2022-07-25', 1),
(19, 'Guru Piket', 'gurupiket@gmail.com', 'gurupiket', '$2y$10$oVtIyRr1v.pa4pJHm0xlaOD3zQxgAanA0Dtf2chFmWpWGhLx/eKTC', 5, 5, 'default.jpg', '', '', '', '', '2022-08-26', 1),
(20, 'Deri Saeful Rokhmat', 'deri@gmail.com', '', '$2y$10$4LpUv3sq5nyE/KpG6USEO.8UuHWPqlP6UqwXd.hiX4QHkXAiC1hzW', 7, 7, 'default.jpg', '', '', '', '', '2022-09-21', 1),
(21, 'Santosa Arbi Nugraha, S.Kom', '', '', '', 7, 7, 'default.jpg', '', '', '', '', '2022-10-16', 1),
(22, 'Dyah Kurnia Effendi, S.Pd', '', '', '', 7, 7, 'default.jpg', '', '', '', '', '2022-10-17', 1),
(23, 'Lucky Ahmad Dzulkifly, S.Pd', '', '', '', 7, 7, 'default.jpg', '', '', '', '', '2022-10-17', 1);

-- --------------------------------------------------------

--
-- Table structure for table `tbl_user_access_menu`
--

CREATE TABLE `tbl_user_access_menu` (
  `id_user_access_menu` int(11) NOT NULL,
  `role_id` int(11) NOT NULL,
  `menu_id` int(11) NOT NULL
) ENGINE=InnoDB DEFAULT CHARSET=utf8mb4;

--
-- Dumping data for table `tbl_user_access_menu`
--

INSERT INTO `tbl_user_access_menu` (`id_user_access_menu`, `role_id`, `menu_id`) VALUES
(1, 1, 1),
(2, 1, 2),
(3, 1, 3),
(4, 1, 4),
(5, 1, 5),
(6, 1, 6),
(7, 1, 7),
(8, 1, 16),
(9, 2, 2),
(10, 2, 3),
(11, 2, 4),
(12, 2, 5),
(13, 2, 6),
(15, 2, 7),
(16, 2, 16),
(17, 3, 2),
(18, 3, 4),
(19, 3, 5),
(21, 3, 6),
(23, 3, 7),
(24, 4, 3),
(26, 4, 5),
(28, 4, 6),
(29, 4, 7),
(32, 5, 5),
(33, 5, 7),
(34, 6, 7),
(35, 5, 6),
(36, 5, 16),
(37, 3, 16),
(38, 4, 16),
(39, 1, 17),
(40, 1, 18),
(41, 7, 18),
(42, 7, 16),
(43, 1, 19),
(44, 1, 20),
(45, 2, 19),
(46, 2, 20),
(47, 6, 16);

-- --------------------------------------------------------

--
-- Table structure for table `tbl_user_menu`
--

CREATE TABLE `tbl_user_menu` (
  `id_user_menu` int(11) NOT NULL,
  `menu` varchar(128) NOT NULL,
  `order_menu` int(11) NOT NULL
) ENGINE=InnoDB DEFAULT CHARSET=utf8mb4;

--
-- Dumping data for table `tbl_user_menu`
--

INSERT INTO `tbl_user_menu` (`id_user_menu`, `menu`, `order_menu`) VALUES
(1, 'admin', 1),
(2, 'produk', 4),
(3, 'peralatan', 3),
(5, 'penjualan', 6),
(6, 'stok', 7),
(7, 'daftar', 8),
(16, 'pengguna', 12),
(17, 'data', 2),
(18, 'franchisor', 11),
(19, 'kas', 9),
(20, 'akuntansi', 10);

-- --------------------------------------------------------

--
-- Table structure for table `tbl_user_role`
--

CREATE TABLE `tbl_user_role` (
  `id_role` int(11) NOT NULL,
  `role` varchar(128) NOT NULL
) ENGINE=InnoDB DEFAULT CHARSET=utf8mb4;

--
-- Dumping data for table `tbl_user_role`
--

INSERT INTO `tbl_user_role` (`id_role`, `role`) VALUES
(1, 'Admin Super SPW'),
(2, 'Admin SPW'),
(3, 'PJ. Produk'),
(4, 'PJ. Peralatan'),
(5, 'Guru SPW'),
(6, 'Siswa SPW'),
(7, 'Franchisor');

-- --------------------------------------------------------

--
-- Table structure for table `tbl_user_submenu`
--

CREATE TABLE `tbl_user_submenu` (
  `id_user_submenu` int(11) NOT NULL,
  `menu_id` int(11) NOT NULL,
  `title` varchar(128) NOT NULL,
  `url` varchar(128) NOT NULL,
  `icon` varchar(128) NOT NULL,
  `is_active` int(1) NOT NULL,
  `order_submenu` int(11) NOT NULL
) ENGINE=InnoDB DEFAULT CHARSET=utf8mb4;

--
-- Dumping data for table `tbl_user_submenu`
--

INSERT INTO `tbl_user_submenu` (`id_user_submenu`, `menu_id`, `title`, `url`, `icon`, `is_active`, `order_submenu`) VALUES
(1, 1, 'Menu Management', 'admin/menu', 'ni ni-bullet-list-67 text-primary', 1, 1),
(2, 1, 'Access Role Menu', 'admin/role', 'ni ni-ungroup text-success', 1, 2),
(3, 17, 'Data Web', 'data/data_web', 'ni ni-world-2 text-warning', 1, 1),
(4, 17, 'Lab SPW', 'data/lab', 'ni ni-atom text-info', 1, 2),
(5, 2, 'Data Kategori', 'produk/category', 'ni ni-bullet-list-67 text-info', 1, 2),
(6, 2, 'Data Gudang', 'produk', 'ni ni-app text-warning', 1, 3),
(7, 3, 'Data Kategori', 'peralatan/catagory', 'ni ni-bullet-list-67 text-info', 0, 0),
(8, 3, 'Data Aset', 'peralatan', 'ni ni-settings text-success', 1, 2),
(9, 2, 'Data Pembelian', 'produk/index_purchase', 'ni ni-cart text-success', 1, 4),
(10, 5, 'Data Penjualan SPW', 'penjualan', 'ni ni-cart text-primary', 1, 1),
(11, 6, 'Stok Produk', 'stok', 'ni ni-box-2 text-success', 1, 1),
(12, 7, 'Daftar Harga', 'daftar', 'ni ni-shop text-primary', 1, 1),
(13, 16, 'Pengguna', 'pengguna', 'ni ni-single-02 text-danger', 1, 1),
(14, 16, 'Profile', 'pengguna/profile', 'ni ni-badge text-primary', 1, 2),
(15, 2, 'Data Supplier', 'produk/supplier', 'ni ni-single-02 text-primary', 1, 1),
(16, 5, 'Data Penjualan Titipan', 'penjualan/franchise_index', 'ni ni-cart text-success', 1, 2),
(17, 17, 'Jadwal SPW', 'data/schedule', 'ni ni-calendar-grid-58 text-primary', 1, 3),
(18, 5, 'Data Franchisor', 'franchisor/franchisor', 'ni ni-single-02 text-danger', 1, 4),
(19, 5, 'Data Penjualan Siswa', 'penjualan/student_selling_index', 'ni ni-cart text-info', 1, 3),
(20, 18, 'Data Penjualan', 'franchisor/data_franchisor', 'ni ni-cart text-success', 1, 1),
(21, 19, 'Kas Besar', 'kas/big_cash', 'ni ni-money-coins text-primary', 1, 1),
(22, 19, 'Kas Kecil', 'kas/petty_cash', 'ni ni-money-coins text-success', 1, 2),
(23, 19, 'Penyesuaian Kurs', 'kas/exchange_rate', 'ni ni-money-coins text-danger', 1, 3),
(24, 19, 'Laporan Kas', 'kas/cash_report', 'ni ni-single-copy-04 text-info', 1, 4),
(25, 20, 'Neraca Saldo', 'akuntansi/balance', 'ni ni-collection text-primary', 1, 1),
(26, 20, 'Laba & Rugi', 'akuntansi/profit_loss', 'ni ni-chart-pie-35 text-danger', 1, 2),
(27, 6, 'Penyesuaian Stok', 'stok/stock_adjustment', 'ni ni-chart-bar-32 text-danger', 1, 2),
(28, 2, 'Data Mutasi', 'produk/index_mutation', 'ni ni-app text-danger', 1, 5),
(29, 3, 'Data Pembelian Aset', 'peralatan/index_purchase', 'ni ni-cart text-danger', 1, 1);

--
-- Indexes for dumped tables
--

--
-- Indexes for table `ci_sessions`
--
ALTER TABLE `ci_sessions`
  ADD PRIMARY KEY (`session_id`),
  ADD KEY `last_activity_idx` (`last_activity`);

--
-- Indexes for table `tbl_cash_big`
--
ALTER TABLE `tbl_cash_big`
  ADD PRIMARY KEY (`id_cash_big`);

--
-- Indexes for table `tbl_cash_petty`
--
ALTER TABLE `tbl_cash_petty`
  ADD PRIMARY KEY (`id_cash_petty`);

--
-- Indexes for table `tbl_class`
--
ALTER TABLE `tbl_class`
  ADD PRIMARY KEY (`id_class`);

--
-- Indexes for table `tbl_data_lab`
--
ALTER TABLE `tbl_data_lab`
  ADD PRIMARY KEY (`id_lab`);

--
-- Indexes for table `tbl_data_web`
--
ALTER TABLE `tbl_data_web`
  ADD PRIMARY KEY (`id_data_web`);

--
-- Indexes for table `tbl_franchise`
--
ALTER TABLE `tbl_franchise`
  ADD PRIMARY KEY (`id_franchise`);

--
-- Indexes for table `tbl_franchise_detail`
--
ALTER TABLE `tbl_franchise_detail`
  ADD PRIMARY KEY (`id_franchise_detail`);

--
-- Indexes for table `tbl_franchisor`
--
ALTER TABLE `tbl_franchisor`
  ADD PRIMARY KEY (`id_franchisor`);

--
-- Indexes for table `tbl_order`
--
ALTER TABLE `tbl_order`
  ADD PRIMARY KEY (`id_order`);

--
-- Indexes for table `tbl_order_detail`
--
ALTER TABLE `tbl_order_detail`
  ADD PRIMARY KEY (`id_order_detail`);

--
-- Indexes for table `tbl_product`
--
ALTER TABLE `tbl_product`
  ADD PRIMARY KEY (`id_product`);

--
-- Indexes for table `tbl_product_categories`
--
ALTER TABLE `tbl_product_categories`
  ADD PRIMARY KEY (`id_category`);

--
-- Indexes for table `tbl_product_place`
--
ALTER TABLE `tbl_product_place`
  ADD PRIMARY KEY (`id_place`);

--
-- Indexes for table `tbl_purchase`
--
ALTER TABLE `tbl_purchase`
  ADD PRIMARY KEY (`id_purchase`);

--
-- Indexes for table `tbl_purchase_detail`
--
ALTER TABLE `tbl_purchase_detail`
  ADD PRIMARY KEY (`id_purchase_detail`);

--
-- Indexes for table `tbl_schedule`
--
ALTER TABLE `tbl_schedule`
  ADD PRIMARY KEY (`id_schedule`);

--
-- Indexes for table `tbl_selling`
--
ALTER TABLE `tbl_selling`
  ADD PRIMARY KEY (`id_selling`);

--
-- Indexes for table `tbl_selling_detail`
--
ALTER TABLE `tbl_selling_detail`
  ADD PRIMARY KEY (`id_selling_detail`);

--
-- Indexes for table `tbl_student_selling`
--
ALTER TABLE `tbl_student_selling`
  ADD PRIMARY KEY (`id_student_selling`);

--
-- Indexes for table `tbl_student_selling_detail`
--
ALTER TABLE `tbl_student_selling_detail`
  ADD PRIMARY KEY (`id_student_selling_detail`);

--
-- Indexes for table `tbl_supplier`
--
ALTER TABLE `tbl_supplier`
  ADD PRIMARY KEY (`id_supplier`);

--
-- Indexes for table `tbl_tool`
--
ALTER TABLE `tbl_tool`
  ADD PRIMARY KEY (`id_tool`);

--
-- Indexes for table `tbl_tool_condition`
--
ALTER TABLE `tbl_tool_condition`
  ADD PRIMARY KEY (`id_tool_condition`);

--
-- Indexes for table `tbl_users`
--
ALTER TABLE `tbl_users`
  ADD PRIMARY KEY (`id_user`);

--
-- Indexes for table `tbl_user_access_menu`
--
ALTER TABLE `tbl_user_access_menu`
  ADD PRIMARY KEY (`id_user_access_menu`);

--
-- Indexes for table `tbl_user_menu`
--
ALTER TABLE `tbl_user_menu`
  ADD PRIMARY KEY (`id_user_menu`);

--
-- Indexes for table `tbl_user_role`
--
ALTER TABLE `tbl_user_role`
  ADD PRIMARY KEY (`id_role`);

--
-- Indexes for table `tbl_user_submenu`
--
ALTER TABLE `tbl_user_submenu`
  ADD PRIMARY KEY (`id_user_submenu`);

--
-- AUTO_INCREMENT for dumped tables
--

--
-- AUTO_INCREMENT for table `tbl_cash_big`
--
ALTER TABLE `tbl_cash_big`
  MODIFY `id_cash_big` int(11) NOT NULL AUTO_INCREMENT;

--
-- AUTO_INCREMENT for table `tbl_cash_petty`
--
ALTER TABLE `tbl_cash_petty`
  MODIFY `id_cash_petty` int(11) NOT NULL AUTO_INCREMENT;

--
-- AUTO_INCREMENT for table `tbl_class`
--
ALTER TABLE `tbl_class`
  MODIFY `id_class` int(11) NOT NULL AUTO_INCREMENT, AUTO_INCREMENT=24;

--
-- AUTO_INCREMENT for table `tbl_data_lab`
--
ALTER TABLE `tbl_data_lab`
  MODIFY `id_lab` int(11) NOT NULL AUTO_INCREMENT, AUTO_INCREMENT=3;

--
-- AUTO_INCREMENT for table `tbl_data_web`
--
ALTER TABLE `tbl_data_web`
  MODIFY `id_data_web` int(11) NOT NULL AUTO_INCREMENT, AUTO_INCREMENT=2;

--
-- AUTO_INCREMENT for table `tbl_franchise`
--
ALTER TABLE `tbl_franchise`
  MODIFY `id_franchise` int(11) NOT NULL AUTO_INCREMENT, AUTO_INCREMENT=40;

--
-- AUTO_INCREMENT for table `tbl_franchise_detail`
--
ALTER TABLE `tbl_franchise_detail`
  MODIFY `id_franchise_detail` int(11) NOT NULL AUTO_INCREMENT, AUTO_INCREMENT=437;

--
-- AUTO_INCREMENT for table `tbl_franchisor`
--
ALTER TABLE `tbl_franchisor`
  MODIFY `id_franchisor` int(11) NOT NULL AUTO_INCREMENT, AUTO_INCREMENT=20;

--
-- AUTO_INCREMENT for table `tbl_order`
--
ALTER TABLE `tbl_order`
  MODIFY `id_order` int(11) NOT NULL AUTO_INCREMENT, AUTO_INCREMENT=2694;

--
-- AUTO_INCREMENT for table `tbl_order_detail`
--
ALTER TABLE `tbl_order_detail`
  MODIFY `id_order_detail` int(11) NOT NULL AUTO_INCREMENT, AUTO_INCREMENT=4535;

--
-- AUTO_INCREMENT for table `tbl_product`
--
ALTER TABLE `tbl_product`
  MODIFY `id_product` int(11) NOT NULL AUTO_INCREMENT, AUTO_INCREMENT=614;

--
-- AUTO_INCREMENT for table `tbl_product_categories`
--
ALTER TABLE `tbl_product_categories`
  MODIFY `id_category` int(11) NOT NULL AUTO_INCREMENT, AUTO_INCREMENT=14;

--
-- AUTO_INCREMENT for table `tbl_product_place`
--
ALTER TABLE `tbl_product_place`
  MODIFY `id_place` int(11) NOT NULL AUTO_INCREMENT, AUTO_INCREMENT=6;

--
-- AUTO_INCREMENT for table `tbl_purchase`
--
ALTER TABLE `tbl_purchase`
  MODIFY `id_purchase` int(11) NOT NULL AUTO_INCREMENT, AUTO_INCREMENT=124;

--
-- AUTO_INCREMENT for table `tbl_purchase_detail`
--
ALTER TABLE `tbl_purchase_detail`
  MODIFY `id_purchase_detail` int(11) NOT NULL AUTO_INCREMENT, AUTO_INCREMENT=1585;

--
-- AUTO_INCREMENT for table `tbl_schedule`
--
ALTER TABLE `tbl_schedule`
  MODIFY `id_schedule` int(11) NOT NULL AUTO_INCREMENT, AUTO_INCREMENT=122;

--
-- AUTO_INCREMENT for table `tbl_selling`
--
ALTER TABLE `tbl_selling`
  MODIFY `id_selling` int(11) NOT NULL AUTO_INCREMENT, AUTO_INCREMENT=48;

--
-- AUTO_INCREMENT for table `tbl_selling_detail`
--
ALTER TABLE `tbl_selling_detail`
  MODIFY `id_selling_detail` int(11) NOT NULL AUTO_INCREMENT, AUTO_INCREMENT=1097;

--
-- AUTO_INCREMENT for table `tbl_student_selling`
--
ALTER TABLE `tbl_student_selling`
  MODIFY `id_student_selling` int(11) NOT NULL AUTO_INCREMENT, AUTO_INCREMENT=16;

--
-- AUTO_INCREMENT for table `tbl_student_selling_detail`
--
ALTER TABLE `tbl_student_selling_detail`
  MODIFY `id_student_selling_detail` int(11) NOT NULL AUTO_INCREMENT, AUTO_INCREMENT=27;

--
-- AUTO_INCREMENT for table `tbl_supplier`
--
ALTER TABLE `tbl_supplier`
  MODIFY `id_supplier` int(11) NOT NULL AUTO_INCREMENT, AUTO_INCREMENT=6;

--
-- AUTO_INCREMENT for table `tbl_tool`
--
ALTER TABLE `tbl_tool`
  MODIFY `id_tool` int(11) NOT NULL AUTO_INCREMENT, AUTO_INCREMENT=58;

--
-- AUTO_INCREMENT for table `tbl_tool_condition`
--
ALTER TABLE `tbl_tool_condition`
  MODIFY `id_tool_condition` int(11) NOT NULL AUTO_INCREMENT, AUTO_INCREMENT=5;

--
-- AUTO_INCREMENT for table `tbl_users`
--
ALTER TABLE `tbl_users`
  MODIFY `id_user` int(11) NOT NULL AUTO_INCREMENT, AUTO_INCREMENT=24;

--
-- AUTO_INCREMENT for table `tbl_user_access_menu`
--
ALTER TABLE `tbl_user_access_menu`
  MODIFY `id_user_access_menu` int(11) NOT NULL AUTO_INCREMENT, AUTO_INCREMENT=48;

--
-- AUTO_INCREMENT for table `tbl_user_menu`
--
ALTER TABLE `tbl_user_menu`
  MODIFY `id_user_menu` int(11) NOT NULL AUTO_INCREMENT, AUTO_INCREMENT=21;

--
-- AUTO_INCREMENT for table `tbl_user_role`
--
ALTER TABLE `tbl_user_role`
  MODIFY `id_role` int(11) NOT NULL AUTO_INCREMENT, AUTO_INCREMENT=8;

--
-- AUTO_INCREMENT for table `tbl_user_submenu`
--
ALTER TABLE `tbl_user_submenu`
  MODIFY `id_user_submenu` int(11) NOT NULL AUTO_INCREMENT, AUTO_INCREMENT=30;
COMMIT;

/*!40101 SET CHARACTER_SET_CLIENT=@OLD_CHARACTER_SET_CLIENT */;
/*!40101 SET CHARACTER_SET_RESULTS=@OLD_CHARACTER_SET_RESULTS */;
/*!40101 SET COLLATION_CONNECTION=@OLD_COLLATION_CONNECTION */;
