-- phpMyAdmin SQL Dump
-- version 5.2.0
-- https://www.phpmyadmin.net/
--
-- Host: localhost
-- Generation Time: Jul 17, 2022 at 07:25 PM
-- Server version: 10.4.21-MariaDB
-- PHP Version: 8.1.6

SET SQL_MODE = "NO_AUTO_VALUE_ON_ZERO";
START TRANSACTION;
SET time_zone = "+00:00";


/*!40101 SET @OLD_CHARACTER_SET_CLIENT=@@CHARACTER_SET_CLIENT */;
/*!40101 SET @OLD_CHARACTER_SET_RESULTS=@@CHARACTER_SET_RESULTS */;
/*!40101 SET @OLD_COLLATION_CONNECTION=@@COLLATION_CONNECTION */;
/*!40101 SET NAMES utf8mb4 */;

--
-- Database: `db_spw`
--

-- --------------------------------------------------------

--
-- Table structure for table `tbl_users`
--

CREATE TABLE `tbl_users` (
  `id_user` int(11) NOT NULL,
  `name` varchar(128) NOT NULL,
  `email` varchar(128) NOT NULL,
  `username` varchar(128) NOT NULL,
  `password` varchar(256) NOT NULL,
  `role_id` int(11) NOT NULL,
  `position` int(11) NOT NULL,
  `image` varchar(128) NOT NULL,
  `facebook` varchar(128) NOT NULL,
  `instagram` varchar(128) NOT NULL,
  `whatsapp` varchar(128) NOT NULL,
  `icon` varchar(128) NOT NULL,
  `date_created` date NOT NULL,
  `is_active` int(1) NOT NULL
) ENGINE=InnoDB DEFAULT CHARSET=utf8mb4;

--
-- Dumping data for table `tbl_users`
--

INSERT INTO `tbl_users` (`id_user`, `name`, `email`, `username`, `password`, `role_id`, `position`, `image`, `facebook`, `instagram`, `whatsapp`, `icon`, `date_created`, `is_active`) VALUES
(1, 'Anas Berkata', 'anasberkata@gmail.com', 'anasberkata', '$2y$10$VtW8kK.auFys07t4yVj3ie2ACxAtcQXtOXi6adhmIq8hdyy6LWmGy', 1, 1, 'anas.jpg', 'anasberkata', 'anasberkata', '85156334607', '<i class=\"ni ni-camera-compact text-dark opacity-10\"></i>', '2022-07-17', 1),
(2, 'Eka Anas Jatnika', 'ideanasdesain@gmail.com', 'ideanasdesain', '$2y$10$3SzLELmexfDlK43bMqtVteHhIbxPwPaDsFAf6zmlfo.d/iWkmcFLi', 2, 2, 'anas.jpg', 'anasberkata', 'anasberkata', '85156334607', '<i class=\"ni ni-camera-compact text-dark opacity-10\"></i>', '2022-07-17', 1);

-- --------------------------------------------------------

--
-- Table structure for table `tbl_user_access_menu`
--

CREATE TABLE `tbl_user_access_menu` (
  `id_user_access_menu` int(11) NOT NULL,
  `role_id` int(11) NOT NULL,
  `menu_id` int(11) NOT NULL
) ENGINE=InnoDB DEFAULT CHARSET=utf8mb4;

--
-- Dumping data for table `tbl_user_access_menu`
--

INSERT INTO `tbl_user_access_menu` (`id_user_access_menu`, `role_id`, `menu_id`) VALUES
(1, 1, 1),
(2, 1, 2),
(3, 1, 3),
(4, 1, 4),
(5, 1, 5),
(6, 1, 6),
(7, 1, 7),
(8, 2, 2),
(9, 2, 3),
(10, 2, 4),
(11, 2, 5),
(12, 2, 7);

-- --------------------------------------------------------

--
-- Table structure for table `tbl_user_menu`
--

CREATE TABLE `tbl_user_menu` (
  `id_user_menu` int(11) NOT NULL,
  `menu` varchar(128) NOT NULL
) ENGINE=InnoDB DEFAULT CHARSET=utf8mb4;

--
-- Dumping data for table `tbl_user_menu`
--

INSERT INTO `tbl_user_menu` (`id_user_menu`, `menu`) VALUES
(1, 'admin'),
(2, 'master'),
(3, 'pembelian'),
(4, 'penjualan'),
(5, 'stok'),
(6, 'produk'),
(7, 'pengguna');

-- --------------------------------------------------------

--
-- Table structure for table `tbl_user_role`
--

CREATE TABLE `tbl_user_role` (
  `id_role` int(11) NOT NULL,
  `role` varchar(128) NOT NULL
) ENGINE=InnoDB DEFAULT CHARSET=utf8mb4;

--
-- Dumping data for table `tbl_user_role`
--

INSERT INTO `tbl_user_role` (`id_role`, `role`) VALUES
(1, 'Admin Super SPW'),
(2, 'Admin SPW'),
(3, 'PJ. Produk'),
(4, 'PJ Peralatan'),
(5, 'Guru SPW'),
(6, 'Siswa SPW');

-- --------------------------------------------------------

--
-- Table structure for table `tbl_user_submenu`
--

CREATE TABLE `tbl_user_submenu` (
  `id_user_submenu` int(11) NOT NULL,
  `menu_id` int(11) NOT NULL,
  `title` varchar(128) NOT NULL,
  `url` varchar(128) NOT NULL,
  `icon` varchar(128) NOT NULL,
  `is_active` int(1) NOT NULL
) ENGINE=InnoDB DEFAULT CHARSET=utf8mb4;

--
-- Dumping data for table `tbl_user_submenu`
--

INSERT INTO `tbl_user_submenu` (`id_user_submenu`, `menu_id`, `title`, `url`, `icon`, `is_active`) VALUES
(1, 1, 'Menu Management', 'admin/menu', 'ni ni-bullet-list-67 text-primary', 1),
(2, 1, 'Access Role Menu', 'admin/role', 'ni ni-ungroup text-success', 1),
(3, 1, 'Data Web', 'admin/data_web', 'ni ni-world-2 text-warning', 1);

--
-- Indexes for dumped tables
--

--
-- Indexes for table `tbl_users`
--
ALTER TABLE `tbl_users`
  ADD PRIMARY KEY (`id_user`);

--
-- Indexes for table `tbl_user_access_menu`
--
ALTER TABLE `tbl_user_access_menu`
  ADD PRIMARY KEY (`id_user_access_menu`);

--
-- Indexes for table `tbl_user_menu`
--
ALTER TABLE `tbl_user_menu`
  ADD PRIMARY KEY (`id_user_menu`);

--
-- Indexes for table `tbl_user_role`
--
ALTER TABLE `tbl_user_role`
  ADD PRIMARY KEY (`id_role`);

--
-- Indexes for table `tbl_user_submenu`
--
ALTER TABLE `tbl_user_submenu`
  ADD PRIMARY KEY (`id_user_submenu`);

--
-- AUTO_INCREMENT for dumped tables
--

--
-- AUTO_INCREMENT for table `tbl_users`
--
ALTER TABLE `tbl_users`
  MODIFY `id_user` int(11) NOT NULL AUTO_INCREMENT, AUTO_INCREMENT=3;

--
-- AUTO_INCREMENT for table `tbl_user_access_menu`
--
ALTER TABLE `tbl_user_access_menu`
  MODIFY `id_user_access_menu` int(11) NOT NULL AUTO_INCREMENT, AUTO_INCREMENT=13;

--
-- AUTO_INCREMENT for table `tbl_user_menu`
--
ALTER TABLE `tbl_user_menu`
  MODIFY `id_user_menu` int(11) NOT NULL AUTO_INCREMENT, AUTO_INCREMENT=16;

--
-- AUTO_INCREMENT for table `tbl_user_role`
--
ALTER TABLE `tbl_user_role`
  MODIFY `id_role` int(11) NOT NULL AUTO_INCREMENT, AUTO_INCREMENT=7;

--
-- AUTO_INCREMENT for table `tbl_user_submenu`
--
ALTER TABLE `tbl_user_submenu`
  MODIFY `id_user_submenu` int(11) NOT NULL AUTO_INCREMENT, AUTO_INCREMENT=4;
COMMIT;

/*!40101 SET CHARACTER_SET_CLIENT=@OLD_CHARACTER_SET_CLIENT */;
/*!40101 SET CHARACTER_SET_RESULTS=@OLD_CHARACTER_SET_RESULTS */;
/*!40101 SET COLLATION_CONNECTION=@OLD_COLLATION_CONNECTION */;
